ARM GAS  /tmp/ccJhoDJv.s 			page 1


   1              		.cpu cortex-m3
   2              		.arch armv7-m
   3              		.fpu softvfp
   4              		.eabi_attribute 20, 1
   5              		.eabi_attribute 21, 1
   6              		.eabi_attribute 23, 3
   7              		.eabi_attribute 24, 1
   8              		.eabi_attribute 25, 1
   9              		.eabi_attribute 26, 1
  10              		.eabi_attribute 30, 1
  11              		.eabi_attribute 34, 1
  12              		.eabi_attribute 18, 4
  13              		.file	"stm32f1xx_hal_flash_ex.c"
  14              		.text
  15              	.Ltext0:
  16              		.cfi_sections	.debug_frame
  17              		.file 1 "Drivers/STM32F1xx_HAL_Driver/Src/stm32f1xx_hal_flash_ex.c"
  18              		.section	.text.FLASH_MassErase,"ax",%progbits
  19              		.align	1
  20              		.syntax unified
  21              		.thumb
  22              		.thumb_func
  24              	FLASH_MassErase:
  25              	.LVL0:
  26              	.LFB71:
   1:Drivers/STM32F1xx_HAL_Driver/Src/stm32f1xx_hal_flash_ex.c **** /**
   2:Drivers/STM32F1xx_HAL_Driver/Src/stm32f1xx_hal_flash_ex.c ****   ******************************************************************************
   3:Drivers/STM32F1xx_HAL_Driver/Src/stm32f1xx_hal_flash_ex.c ****   * @file    stm32f1xx_hal_flash_ex.c
   4:Drivers/STM32F1xx_HAL_Driver/Src/stm32f1xx_hal_flash_ex.c ****   * @author  MCD Application Team
   5:Drivers/STM32F1xx_HAL_Driver/Src/stm32f1xx_hal_flash_ex.c ****   * @brief   Extended FLASH HAL module driver.
   6:Drivers/STM32F1xx_HAL_Driver/Src/stm32f1xx_hal_flash_ex.c ****   *    
   7:Drivers/STM32F1xx_HAL_Driver/Src/stm32f1xx_hal_flash_ex.c ****   *          This file provides firmware functions to manage the following 
   8:Drivers/STM32F1xx_HAL_Driver/Src/stm32f1xx_hal_flash_ex.c ****   *          functionalities of the FLASH peripheral:
   9:Drivers/STM32F1xx_HAL_Driver/Src/stm32f1xx_hal_flash_ex.c ****   *           + Extended Initialization/de-initialization functions
  10:Drivers/STM32F1xx_HAL_Driver/Src/stm32f1xx_hal_flash_ex.c ****   *           + Extended I/O operation functions
  11:Drivers/STM32F1xx_HAL_Driver/Src/stm32f1xx_hal_flash_ex.c ****   *           + Extended Peripheral Control functions 
  12:Drivers/STM32F1xx_HAL_Driver/Src/stm32f1xx_hal_flash_ex.c ****   *         
  13:Drivers/STM32F1xx_HAL_Driver/Src/stm32f1xx_hal_flash_ex.c ****   @verbatim
  14:Drivers/STM32F1xx_HAL_Driver/Src/stm32f1xx_hal_flash_ex.c ****   ==============================================================================
  15:Drivers/STM32F1xx_HAL_Driver/Src/stm32f1xx_hal_flash_ex.c ****                ##### Flash peripheral extended features  #####
  16:Drivers/STM32F1xx_HAL_Driver/Src/stm32f1xx_hal_flash_ex.c ****   ==============================================================================
  17:Drivers/STM32F1xx_HAL_Driver/Src/stm32f1xx_hal_flash_ex.c ****            
  18:Drivers/STM32F1xx_HAL_Driver/Src/stm32f1xx_hal_flash_ex.c ****                       ##### How to use this driver #####
  19:Drivers/STM32F1xx_HAL_Driver/Src/stm32f1xx_hal_flash_ex.c ****   ==============================================================================
  20:Drivers/STM32F1xx_HAL_Driver/Src/stm32f1xx_hal_flash_ex.c ****   [..] This driver provides functions to configure and program the FLASH memory 
  21:Drivers/STM32F1xx_HAL_Driver/Src/stm32f1xx_hal_flash_ex.c ****        of all STM32F1xxx devices. It includes
  22:Drivers/STM32F1xx_HAL_Driver/Src/stm32f1xx_hal_flash_ex.c ****        
  23:Drivers/STM32F1xx_HAL_Driver/Src/stm32f1xx_hal_flash_ex.c ****         (++) Set/Reset the write protection
  24:Drivers/STM32F1xx_HAL_Driver/Src/stm32f1xx_hal_flash_ex.c ****         (++) Program the user Option Bytes
  25:Drivers/STM32F1xx_HAL_Driver/Src/stm32f1xx_hal_flash_ex.c ****         (++) Get the Read protection Level
  26:Drivers/STM32F1xx_HAL_Driver/Src/stm32f1xx_hal_flash_ex.c ****   
  27:Drivers/STM32F1xx_HAL_Driver/Src/stm32f1xx_hal_flash_ex.c ****   @endverbatim
  28:Drivers/STM32F1xx_HAL_Driver/Src/stm32f1xx_hal_flash_ex.c ****   ******************************************************************************
  29:Drivers/STM32F1xx_HAL_Driver/Src/stm32f1xx_hal_flash_ex.c ****   * @attention
  30:Drivers/STM32F1xx_HAL_Driver/Src/stm32f1xx_hal_flash_ex.c ****   *
  31:Drivers/STM32F1xx_HAL_Driver/Src/stm32f1xx_hal_flash_ex.c ****   * Copyright (c) 2016 STMicroelectronics.
  32:Drivers/STM32F1xx_HAL_Driver/Src/stm32f1xx_hal_flash_ex.c ****   * All rights reserved.
ARM GAS  /tmp/ccJhoDJv.s 			page 2


  33:Drivers/STM32F1xx_HAL_Driver/Src/stm32f1xx_hal_flash_ex.c ****   *
  34:Drivers/STM32F1xx_HAL_Driver/Src/stm32f1xx_hal_flash_ex.c ****   * This software is licensed under terms that can be found in the LICENSE file in
  35:Drivers/STM32F1xx_HAL_Driver/Src/stm32f1xx_hal_flash_ex.c ****   * the root directory of this software component.
  36:Drivers/STM32F1xx_HAL_Driver/Src/stm32f1xx_hal_flash_ex.c ****   * If no LICENSE file comes with this software, it is provided AS-IS.
  37:Drivers/STM32F1xx_HAL_Driver/Src/stm32f1xx_hal_flash_ex.c ****   ******************************************************************************
  38:Drivers/STM32F1xx_HAL_Driver/Src/stm32f1xx_hal_flash_ex.c ****   */
  39:Drivers/STM32F1xx_HAL_Driver/Src/stm32f1xx_hal_flash_ex.c **** 
  40:Drivers/STM32F1xx_HAL_Driver/Src/stm32f1xx_hal_flash_ex.c **** /* Includes ------------------------------------------------------------------*/
  41:Drivers/STM32F1xx_HAL_Driver/Src/stm32f1xx_hal_flash_ex.c **** #include "stm32f1xx_hal.h"
  42:Drivers/STM32F1xx_HAL_Driver/Src/stm32f1xx_hal_flash_ex.c **** 
  43:Drivers/STM32F1xx_HAL_Driver/Src/stm32f1xx_hal_flash_ex.c **** /** @addtogroup STM32F1xx_HAL_Driver
  44:Drivers/STM32F1xx_HAL_Driver/Src/stm32f1xx_hal_flash_ex.c ****   * @{
  45:Drivers/STM32F1xx_HAL_Driver/Src/stm32f1xx_hal_flash_ex.c ****   */
  46:Drivers/STM32F1xx_HAL_Driver/Src/stm32f1xx_hal_flash_ex.c **** #ifdef HAL_FLASH_MODULE_ENABLED
  47:Drivers/STM32F1xx_HAL_Driver/Src/stm32f1xx_hal_flash_ex.c **** 
  48:Drivers/STM32F1xx_HAL_Driver/Src/stm32f1xx_hal_flash_ex.c **** /** @addtogroup FLASH
  49:Drivers/STM32F1xx_HAL_Driver/Src/stm32f1xx_hal_flash_ex.c ****   * @{
  50:Drivers/STM32F1xx_HAL_Driver/Src/stm32f1xx_hal_flash_ex.c ****   */
  51:Drivers/STM32F1xx_HAL_Driver/Src/stm32f1xx_hal_flash_ex.c **** /** @addtogroup FLASH_Private_Variables
  52:Drivers/STM32F1xx_HAL_Driver/Src/stm32f1xx_hal_flash_ex.c ****  * @{
  53:Drivers/STM32F1xx_HAL_Driver/Src/stm32f1xx_hal_flash_ex.c ****  */
  54:Drivers/STM32F1xx_HAL_Driver/Src/stm32f1xx_hal_flash_ex.c **** /* Variables used for Erase pages under interruption*/
  55:Drivers/STM32F1xx_HAL_Driver/Src/stm32f1xx_hal_flash_ex.c **** extern FLASH_ProcessTypeDef pFlash;
  56:Drivers/STM32F1xx_HAL_Driver/Src/stm32f1xx_hal_flash_ex.c **** /**
  57:Drivers/STM32F1xx_HAL_Driver/Src/stm32f1xx_hal_flash_ex.c ****   * @}
  58:Drivers/STM32F1xx_HAL_Driver/Src/stm32f1xx_hal_flash_ex.c ****   */
  59:Drivers/STM32F1xx_HAL_Driver/Src/stm32f1xx_hal_flash_ex.c **** 
  60:Drivers/STM32F1xx_HAL_Driver/Src/stm32f1xx_hal_flash_ex.c **** /**
  61:Drivers/STM32F1xx_HAL_Driver/Src/stm32f1xx_hal_flash_ex.c ****   * @}
  62:Drivers/STM32F1xx_HAL_Driver/Src/stm32f1xx_hal_flash_ex.c ****   */
  63:Drivers/STM32F1xx_HAL_Driver/Src/stm32f1xx_hal_flash_ex.c ****   
  64:Drivers/STM32F1xx_HAL_Driver/Src/stm32f1xx_hal_flash_ex.c **** /** @defgroup FLASHEx FLASHEx
  65:Drivers/STM32F1xx_HAL_Driver/Src/stm32f1xx_hal_flash_ex.c ****   * @brief FLASH HAL Extension module driver
  66:Drivers/STM32F1xx_HAL_Driver/Src/stm32f1xx_hal_flash_ex.c ****   * @{
  67:Drivers/STM32F1xx_HAL_Driver/Src/stm32f1xx_hal_flash_ex.c ****   */
  68:Drivers/STM32F1xx_HAL_Driver/Src/stm32f1xx_hal_flash_ex.c **** 
  69:Drivers/STM32F1xx_HAL_Driver/Src/stm32f1xx_hal_flash_ex.c **** /* Private typedef -----------------------------------------------------------*/
  70:Drivers/STM32F1xx_HAL_Driver/Src/stm32f1xx_hal_flash_ex.c **** /* Private define ------------------------------------------------------------*/
  71:Drivers/STM32F1xx_HAL_Driver/Src/stm32f1xx_hal_flash_ex.c **** /** @defgroup FLASHEx_Private_Constants FLASHEx Private Constants
  72:Drivers/STM32F1xx_HAL_Driver/Src/stm32f1xx_hal_flash_ex.c ****  * @{
  73:Drivers/STM32F1xx_HAL_Driver/Src/stm32f1xx_hal_flash_ex.c ****  */
  74:Drivers/STM32F1xx_HAL_Driver/Src/stm32f1xx_hal_flash_ex.c **** #define FLASH_POSITION_IWDGSW_BIT        FLASH_OBR_IWDG_SW_Pos
  75:Drivers/STM32F1xx_HAL_Driver/Src/stm32f1xx_hal_flash_ex.c **** #define FLASH_POSITION_OB_USERDATA0_BIT  FLASH_OBR_DATA0_Pos
  76:Drivers/STM32F1xx_HAL_Driver/Src/stm32f1xx_hal_flash_ex.c **** #define FLASH_POSITION_OB_USERDATA1_BIT  FLASH_OBR_DATA1_Pos
  77:Drivers/STM32F1xx_HAL_Driver/Src/stm32f1xx_hal_flash_ex.c **** /**
  78:Drivers/STM32F1xx_HAL_Driver/Src/stm32f1xx_hal_flash_ex.c ****   * @}
  79:Drivers/STM32F1xx_HAL_Driver/Src/stm32f1xx_hal_flash_ex.c ****   */
  80:Drivers/STM32F1xx_HAL_Driver/Src/stm32f1xx_hal_flash_ex.c **** 
  81:Drivers/STM32F1xx_HAL_Driver/Src/stm32f1xx_hal_flash_ex.c **** /* Private macro -------------------------------------------------------------*/
  82:Drivers/STM32F1xx_HAL_Driver/Src/stm32f1xx_hal_flash_ex.c **** /** @defgroup FLASHEx_Private_Macros FLASHEx Private Macros
  83:Drivers/STM32F1xx_HAL_Driver/Src/stm32f1xx_hal_flash_ex.c ****   * @{
  84:Drivers/STM32F1xx_HAL_Driver/Src/stm32f1xx_hal_flash_ex.c ****   */
  85:Drivers/STM32F1xx_HAL_Driver/Src/stm32f1xx_hal_flash_ex.c **** /**
  86:Drivers/STM32F1xx_HAL_Driver/Src/stm32f1xx_hal_flash_ex.c ****   * @}
  87:Drivers/STM32F1xx_HAL_Driver/Src/stm32f1xx_hal_flash_ex.c ****   */ 
  88:Drivers/STM32F1xx_HAL_Driver/Src/stm32f1xx_hal_flash_ex.c **** 
  89:Drivers/STM32F1xx_HAL_Driver/Src/stm32f1xx_hal_flash_ex.c **** /* Private variables ---------------------------------------------------------*/
ARM GAS  /tmp/ccJhoDJv.s 			page 3


  90:Drivers/STM32F1xx_HAL_Driver/Src/stm32f1xx_hal_flash_ex.c **** /* Private function prototypes -----------------------------------------------*/
  91:Drivers/STM32F1xx_HAL_Driver/Src/stm32f1xx_hal_flash_ex.c **** /** @defgroup FLASHEx_Private_Functions FLASHEx Private Functions
  92:Drivers/STM32F1xx_HAL_Driver/Src/stm32f1xx_hal_flash_ex.c ****  * @{
  93:Drivers/STM32F1xx_HAL_Driver/Src/stm32f1xx_hal_flash_ex.c ****  */
  94:Drivers/STM32F1xx_HAL_Driver/Src/stm32f1xx_hal_flash_ex.c **** /* Erase operations */
  95:Drivers/STM32F1xx_HAL_Driver/Src/stm32f1xx_hal_flash_ex.c **** static void              FLASH_MassErase(uint32_t Banks);
  96:Drivers/STM32F1xx_HAL_Driver/Src/stm32f1xx_hal_flash_ex.c **** void    FLASH_PageErase(uint32_t PageAddress);
  97:Drivers/STM32F1xx_HAL_Driver/Src/stm32f1xx_hal_flash_ex.c **** 
  98:Drivers/STM32F1xx_HAL_Driver/Src/stm32f1xx_hal_flash_ex.c **** /* Option bytes control */
  99:Drivers/STM32F1xx_HAL_Driver/Src/stm32f1xx_hal_flash_ex.c **** static HAL_StatusTypeDef FLASH_OB_EnableWRP(uint32_t WriteProtectPage);
 100:Drivers/STM32F1xx_HAL_Driver/Src/stm32f1xx_hal_flash_ex.c **** static HAL_StatusTypeDef FLASH_OB_DisableWRP(uint32_t WriteProtectPage);
 101:Drivers/STM32F1xx_HAL_Driver/Src/stm32f1xx_hal_flash_ex.c **** static HAL_StatusTypeDef FLASH_OB_RDP_LevelConfig(uint8_t ReadProtectLevel);
 102:Drivers/STM32F1xx_HAL_Driver/Src/stm32f1xx_hal_flash_ex.c **** static HAL_StatusTypeDef FLASH_OB_UserConfig(uint8_t UserConfig);
 103:Drivers/STM32F1xx_HAL_Driver/Src/stm32f1xx_hal_flash_ex.c **** static HAL_StatusTypeDef FLASH_OB_ProgramData(uint32_t Address, uint8_t Data);
 104:Drivers/STM32F1xx_HAL_Driver/Src/stm32f1xx_hal_flash_ex.c **** static uint32_t          FLASH_OB_GetWRP(void);
 105:Drivers/STM32F1xx_HAL_Driver/Src/stm32f1xx_hal_flash_ex.c **** static uint32_t          FLASH_OB_GetRDP(void);
 106:Drivers/STM32F1xx_HAL_Driver/Src/stm32f1xx_hal_flash_ex.c **** static uint8_t           FLASH_OB_GetUser(void);
 107:Drivers/STM32F1xx_HAL_Driver/Src/stm32f1xx_hal_flash_ex.c **** 
 108:Drivers/STM32F1xx_HAL_Driver/Src/stm32f1xx_hal_flash_ex.c **** /**
 109:Drivers/STM32F1xx_HAL_Driver/Src/stm32f1xx_hal_flash_ex.c ****   * @}
 110:Drivers/STM32F1xx_HAL_Driver/Src/stm32f1xx_hal_flash_ex.c ****   */
 111:Drivers/STM32F1xx_HAL_Driver/Src/stm32f1xx_hal_flash_ex.c **** 
 112:Drivers/STM32F1xx_HAL_Driver/Src/stm32f1xx_hal_flash_ex.c **** /* Exported functions ---------------------------------------------------------*/
 113:Drivers/STM32F1xx_HAL_Driver/Src/stm32f1xx_hal_flash_ex.c **** /** @defgroup FLASHEx_Exported_Functions FLASHEx Exported Functions
 114:Drivers/STM32F1xx_HAL_Driver/Src/stm32f1xx_hal_flash_ex.c ****   * @{
 115:Drivers/STM32F1xx_HAL_Driver/Src/stm32f1xx_hal_flash_ex.c ****   */
 116:Drivers/STM32F1xx_HAL_Driver/Src/stm32f1xx_hal_flash_ex.c ****   
 117:Drivers/STM32F1xx_HAL_Driver/Src/stm32f1xx_hal_flash_ex.c **** /** @defgroup FLASHEx_Exported_Functions_Group1 FLASHEx Memory Erasing functions
 118:Drivers/STM32F1xx_HAL_Driver/Src/stm32f1xx_hal_flash_ex.c ****  *  @brief   FLASH Memory Erasing functions
 119:Drivers/STM32F1xx_HAL_Driver/Src/stm32f1xx_hal_flash_ex.c ****   *
 120:Drivers/STM32F1xx_HAL_Driver/Src/stm32f1xx_hal_flash_ex.c **** @verbatim   
 121:Drivers/STM32F1xx_HAL_Driver/Src/stm32f1xx_hal_flash_ex.c ****   ==============================================================================
 122:Drivers/STM32F1xx_HAL_Driver/Src/stm32f1xx_hal_flash_ex.c ****                 ##### FLASH Erasing Programming functions ##### 
 123:Drivers/STM32F1xx_HAL_Driver/Src/stm32f1xx_hal_flash_ex.c ****   ==============================================================================
 124:Drivers/STM32F1xx_HAL_Driver/Src/stm32f1xx_hal_flash_ex.c **** 
 125:Drivers/STM32F1xx_HAL_Driver/Src/stm32f1xx_hal_flash_ex.c ****     [..] The FLASH Memory Erasing functions, includes the following functions:
 126:Drivers/STM32F1xx_HAL_Driver/Src/stm32f1xx_hal_flash_ex.c ****     (+) HAL_FLASHEx_Erase: return only when erase has been done
 127:Drivers/STM32F1xx_HAL_Driver/Src/stm32f1xx_hal_flash_ex.c ****     (+) HAL_FLASHEx_Erase_IT: end of erase is done when HAL_FLASH_EndOfOperationCallback 
 128:Drivers/STM32F1xx_HAL_Driver/Src/stm32f1xx_hal_flash_ex.c ****         is called with parameter 0xFFFFFFFF
 129:Drivers/STM32F1xx_HAL_Driver/Src/stm32f1xx_hal_flash_ex.c **** 
 130:Drivers/STM32F1xx_HAL_Driver/Src/stm32f1xx_hal_flash_ex.c ****     [..] Any operation of erase should follow these steps:
 131:Drivers/STM32F1xx_HAL_Driver/Src/stm32f1xx_hal_flash_ex.c ****     (#) Call the HAL_FLASH_Unlock() function to enable the flash control register and 
 132:Drivers/STM32F1xx_HAL_Driver/Src/stm32f1xx_hal_flash_ex.c ****         program memory access.
 133:Drivers/STM32F1xx_HAL_Driver/Src/stm32f1xx_hal_flash_ex.c ****     (#) Call the desired function to erase page.
 134:Drivers/STM32F1xx_HAL_Driver/Src/stm32f1xx_hal_flash_ex.c ****     (#) Call the HAL_FLASH_Lock() to disable the flash program memory access 
 135:Drivers/STM32F1xx_HAL_Driver/Src/stm32f1xx_hal_flash_ex.c ****        (recommended to protect the FLASH memory against possible unwanted operation).
 136:Drivers/STM32F1xx_HAL_Driver/Src/stm32f1xx_hal_flash_ex.c **** 
 137:Drivers/STM32F1xx_HAL_Driver/Src/stm32f1xx_hal_flash_ex.c **** @endverbatim
 138:Drivers/STM32F1xx_HAL_Driver/Src/stm32f1xx_hal_flash_ex.c ****   * @{
 139:Drivers/STM32F1xx_HAL_Driver/Src/stm32f1xx_hal_flash_ex.c ****   */
 140:Drivers/STM32F1xx_HAL_Driver/Src/stm32f1xx_hal_flash_ex.c ****   
 141:Drivers/STM32F1xx_HAL_Driver/Src/stm32f1xx_hal_flash_ex.c **** 
 142:Drivers/STM32F1xx_HAL_Driver/Src/stm32f1xx_hal_flash_ex.c **** /**
 143:Drivers/STM32F1xx_HAL_Driver/Src/stm32f1xx_hal_flash_ex.c ****   * @brief  Perform a mass erase or erase the specified FLASH memory pages
 144:Drivers/STM32F1xx_HAL_Driver/Src/stm32f1xx_hal_flash_ex.c ****   * @note   To correctly run this function, the @ref HAL_FLASH_Unlock() function
 145:Drivers/STM32F1xx_HAL_Driver/Src/stm32f1xx_hal_flash_ex.c ****   *         must be called before.
 146:Drivers/STM32F1xx_HAL_Driver/Src/stm32f1xx_hal_flash_ex.c ****   *         Call the @ref HAL_FLASH_Lock() to disable the flash memory access 
ARM GAS  /tmp/ccJhoDJv.s 			page 4


 147:Drivers/STM32F1xx_HAL_Driver/Src/stm32f1xx_hal_flash_ex.c ****   *         (recommended to protect the FLASH memory against possible unwanted operation)
 148:Drivers/STM32F1xx_HAL_Driver/Src/stm32f1xx_hal_flash_ex.c ****   * @param[in]  pEraseInit pointer to an FLASH_EraseInitTypeDef structure that
 149:Drivers/STM32F1xx_HAL_Driver/Src/stm32f1xx_hal_flash_ex.c ****   *         contains the configuration information for the erasing.
 150:Drivers/STM32F1xx_HAL_Driver/Src/stm32f1xx_hal_flash_ex.c ****   *
 151:Drivers/STM32F1xx_HAL_Driver/Src/stm32f1xx_hal_flash_ex.c ****   * @param[out]  PageError pointer to variable  that
 152:Drivers/STM32F1xx_HAL_Driver/Src/stm32f1xx_hal_flash_ex.c ****   *         contains the configuration information on faulty page in case of error
 153:Drivers/STM32F1xx_HAL_Driver/Src/stm32f1xx_hal_flash_ex.c ****   *         (0xFFFFFFFF means that all the pages have been correctly erased)
 154:Drivers/STM32F1xx_HAL_Driver/Src/stm32f1xx_hal_flash_ex.c ****   *
 155:Drivers/STM32F1xx_HAL_Driver/Src/stm32f1xx_hal_flash_ex.c ****   * @retval HAL_StatusTypeDef HAL Status
 156:Drivers/STM32F1xx_HAL_Driver/Src/stm32f1xx_hal_flash_ex.c ****   */
 157:Drivers/STM32F1xx_HAL_Driver/Src/stm32f1xx_hal_flash_ex.c **** HAL_StatusTypeDef HAL_FLASHEx_Erase(FLASH_EraseInitTypeDef *pEraseInit, uint32_t *PageError)
 158:Drivers/STM32F1xx_HAL_Driver/Src/stm32f1xx_hal_flash_ex.c **** {
 159:Drivers/STM32F1xx_HAL_Driver/Src/stm32f1xx_hal_flash_ex.c ****   HAL_StatusTypeDef status = HAL_ERROR;
 160:Drivers/STM32F1xx_HAL_Driver/Src/stm32f1xx_hal_flash_ex.c ****   uint32_t address = 0U;
 161:Drivers/STM32F1xx_HAL_Driver/Src/stm32f1xx_hal_flash_ex.c **** 
 162:Drivers/STM32F1xx_HAL_Driver/Src/stm32f1xx_hal_flash_ex.c ****   /* Process Locked */
 163:Drivers/STM32F1xx_HAL_Driver/Src/stm32f1xx_hal_flash_ex.c ****   __HAL_LOCK(&pFlash);
 164:Drivers/STM32F1xx_HAL_Driver/Src/stm32f1xx_hal_flash_ex.c **** 
 165:Drivers/STM32F1xx_HAL_Driver/Src/stm32f1xx_hal_flash_ex.c ****   /* Check the parameters */
 166:Drivers/STM32F1xx_HAL_Driver/Src/stm32f1xx_hal_flash_ex.c ****   assert_param(IS_FLASH_TYPEERASE(pEraseInit->TypeErase));
 167:Drivers/STM32F1xx_HAL_Driver/Src/stm32f1xx_hal_flash_ex.c **** 
 168:Drivers/STM32F1xx_HAL_Driver/Src/stm32f1xx_hal_flash_ex.c ****   if (pEraseInit->TypeErase == FLASH_TYPEERASE_MASSERASE)
 169:Drivers/STM32F1xx_HAL_Driver/Src/stm32f1xx_hal_flash_ex.c ****   {
 170:Drivers/STM32F1xx_HAL_Driver/Src/stm32f1xx_hal_flash_ex.c **** #if defined(FLASH_BANK2_END)
 171:Drivers/STM32F1xx_HAL_Driver/Src/stm32f1xx_hal_flash_ex.c ****     if (pEraseInit->Banks == FLASH_BANK_BOTH)
 172:Drivers/STM32F1xx_HAL_Driver/Src/stm32f1xx_hal_flash_ex.c ****     {
 173:Drivers/STM32F1xx_HAL_Driver/Src/stm32f1xx_hal_flash_ex.c ****       /* Mass Erase requested for Bank1 and Bank2 */
 174:Drivers/STM32F1xx_HAL_Driver/Src/stm32f1xx_hal_flash_ex.c ****       /* Wait for last operation to be completed */
 175:Drivers/STM32F1xx_HAL_Driver/Src/stm32f1xx_hal_flash_ex.c ****       if ((FLASH_WaitForLastOperation((uint32_t)FLASH_TIMEOUT_VALUE) == HAL_OK) && \
 176:Drivers/STM32F1xx_HAL_Driver/Src/stm32f1xx_hal_flash_ex.c ****           (FLASH_WaitForLastOperationBank2((uint32_t)FLASH_TIMEOUT_VALUE) == HAL_OK))
 177:Drivers/STM32F1xx_HAL_Driver/Src/stm32f1xx_hal_flash_ex.c ****       {
 178:Drivers/STM32F1xx_HAL_Driver/Src/stm32f1xx_hal_flash_ex.c ****         /*Mass erase to be done*/
 179:Drivers/STM32F1xx_HAL_Driver/Src/stm32f1xx_hal_flash_ex.c ****         FLASH_MassErase(FLASH_BANK_BOTH);
 180:Drivers/STM32F1xx_HAL_Driver/Src/stm32f1xx_hal_flash_ex.c ****         
 181:Drivers/STM32F1xx_HAL_Driver/Src/stm32f1xx_hal_flash_ex.c ****         /* Wait for last operation to be completed */
 182:Drivers/STM32F1xx_HAL_Driver/Src/stm32f1xx_hal_flash_ex.c ****         if ((FLASH_WaitForLastOperation((uint32_t)FLASH_TIMEOUT_VALUE) == HAL_OK) && \
 183:Drivers/STM32F1xx_HAL_Driver/Src/stm32f1xx_hal_flash_ex.c ****             (FLASH_WaitForLastOperationBank2((uint32_t)FLASH_TIMEOUT_VALUE) == HAL_OK))
 184:Drivers/STM32F1xx_HAL_Driver/Src/stm32f1xx_hal_flash_ex.c ****         {
 185:Drivers/STM32F1xx_HAL_Driver/Src/stm32f1xx_hal_flash_ex.c ****           status = HAL_OK;
 186:Drivers/STM32F1xx_HAL_Driver/Src/stm32f1xx_hal_flash_ex.c ****         }
 187:Drivers/STM32F1xx_HAL_Driver/Src/stm32f1xx_hal_flash_ex.c ****         
 188:Drivers/STM32F1xx_HAL_Driver/Src/stm32f1xx_hal_flash_ex.c ****         /* If the erase operation is completed, disable the MER Bit */
 189:Drivers/STM32F1xx_HAL_Driver/Src/stm32f1xx_hal_flash_ex.c ****         CLEAR_BIT(FLASH->CR, FLASH_CR_MER);
 190:Drivers/STM32F1xx_HAL_Driver/Src/stm32f1xx_hal_flash_ex.c ****         CLEAR_BIT(FLASH->CR2, FLASH_CR2_MER);
 191:Drivers/STM32F1xx_HAL_Driver/Src/stm32f1xx_hal_flash_ex.c ****       }
 192:Drivers/STM32F1xx_HAL_Driver/Src/stm32f1xx_hal_flash_ex.c ****     }
 193:Drivers/STM32F1xx_HAL_Driver/Src/stm32f1xx_hal_flash_ex.c ****     else if (pEraseInit->Banks == FLASH_BANK_2)
 194:Drivers/STM32F1xx_HAL_Driver/Src/stm32f1xx_hal_flash_ex.c ****     {
 195:Drivers/STM32F1xx_HAL_Driver/Src/stm32f1xx_hal_flash_ex.c ****       /* Mass Erase requested for Bank2 */
 196:Drivers/STM32F1xx_HAL_Driver/Src/stm32f1xx_hal_flash_ex.c ****       /* Wait for last operation to be completed */
 197:Drivers/STM32F1xx_HAL_Driver/Src/stm32f1xx_hal_flash_ex.c ****       if (FLASH_WaitForLastOperationBank2((uint32_t)FLASH_TIMEOUT_VALUE) == HAL_OK)
 198:Drivers/STM32F1xx_HAL_Driver/Src/stm32f1xx_hal_flash_ex.c ****       {
 199:Drivers/STM32F1xx_HAL_Driver/Src/stm32f1xx_hal_flash_ex.c ****         /*Mass erase to be done*/
 200:Drivers/STM32F1xx_HAL_Driver/Src/stm32f1xx_hal_flash_ex.c ****         FLASH_MassErase(FLASH_BANK_2);
 201:Drivers/STM32F1xx_HAL_Driver/Src/stm32f1xx_hal_flash_ex.c ****         
 202:Drivers/STM32F1xx_HAL_Driver/Src/stm32f1xx_hal_flash_ex.c ****         /* Wait for last operation to be completed */
 203:Drivers/STM32F1xx_HAL_Driver/Src/stm32f1xx_hal_flash_ex.c ****         status = FLASH_WaitForLastOperationBank2((uint32_t)FLASH_TIMEOUT_VALUE);
ARM GAS  /tmp/ccJhoDJv.s 			page 5


 204:Drivers/STM32F1xx_HAL_Driver/Src/stm32f1xx_hal_flash_ex.c ****         
 205:Drivers/STM32F1xx_HAL_Driver/Src/stm32f1xx_hal_flash_ex.c ****         /* If the erase operation is completed, disable the MER Bit */
 206:Drivers/STM32F1xx_HAL_Driver/Src/stm32f1xx_hal_flash_ex.c ****         CLEAR_BIT(FLASH->CR2, FLASH_CR2_MER);
 207:Drivers/STM32F1xx_HAL_Driver/Src/stm32f1xx_hal_flash_ex.c ****       }
 208:Drivers/STM32F1xx_HAL_Driver/Src/stm32f1xx_hal_flash_ex.c ****     }
 209:Drivers/STM32F1xx_HAL_Driver/Src/stm32f1xx_hal_flash_ex.c ****     else 
 210:Drivers/STM32F1xx_HAL_Driver/Src/stm32f1xx_hal_flash_ex.c **** #endif /* FLASH_BANK2_END */
 211:Drivers/STM32F1xx_HAL_Driver/Src/stm32f1xx_hal_flash_ex.c ****     {
 212:Drivers/STM32F1xx_HAL_Driver/Src/stm32f1xx_hal_flash_ex.c ****       /* Mass Erase requested for Bank1 */
 213:Drivers/STM32F1xx_HAL_Driver/Src/stm32f1xx_hal_flash_ex.c ****       /* Wait for last operation to be completed */
 214:Drivers/STM32F1xx_HAL_Driver/Src/stm32f1xx_hal_flash_ex.c ****       if (FLASH_WaitForLastOperation((uint32_t)FLASH_TIMEOUT_VALUE) == HAL_OK)
 215:Drivers/STM32F1xx_HAL_Driver/Src/stm32f1xx_hal_flash_ex.c ****       {
 216:Drivers/STM32F1xx_HAL_Driver/Src/stm32f1xx_hal_flash_ex.c ****         /*Mass erase to be done*/
 217:Drivers/STM32F1xx_HAL_Driver/Src/stm32f1xx_hal_flash_ex.c ****         FLASH_MassErase(FLASH_BANK_1);
 218:Drivers/STM32F1xx_HAL_Driver/Src/stm32f1xx_hal_flash_ex.c ****         
 219:Drivers/STM32F1xx_HAL_Driver/Src/stm32f1xx_hal_flash_ex.c ****         /* Wait for last operation to be completed */
 220:Drivers/STM32F1xx_HAL_Driver/Src/stm32f1xx_hal_flash_ex.c ****         status = FLASH_WaitForLastOperation((uint32_t)FLASH_TIMEOUT_VALUE);
 221:Drivers/STM32F1xx_HAL_Driver/Src/stm32f1xx_hal_flash_ex.c ****         
 222:Drivers/STM32F1xx_HAL_Driver/Src/stm32f1xx_hal_flash_ex.c ****         /* If the erase operation is completed, disable the MER Bit */
 223:Drivers/STM32F1xx_HAL_Driver/Src/stm32f1xx_hal_flash_ex.c ****         CLEAR_BIT(FLASH->CR, FLASH_CR_MER);
 224:Drivers/STM32F1xx_HAL_Driver/Src/stm32f1xx_hal_flash_ex.c ****       }
 225:Drivers/STM32F1xx_HAL_Driver/Src/stm32f1xx_hal_flash_ex.c ****     }
 226:Drivers/STM32F1xx_HAL_Driver/Src/stm32f1xx_hal_flash_ex.c ****   }
 227:Drivers/STM32F1xx_HAL_Driver/Src/stm32f1xx_hal_flash_ex.c ****   else
 228:Drivers/STM32F1xx_HAL_Driver/Src/stm32f1xx_hal_flash_ex.c ****   {
 229:Drivers/STM32F1xx_HAL_Driver/Src/stm32f1xx_hal_flash_ex.c ****     /* Page Erase is requested */
 230:Drivers/STM32F1xx_HAL_Driver/Src/stm32f1xx_hal_flash_ex.c ****     /* Check the parameters */
 231:Drivers/STM32F1xx_HAL_Driver/Src/stm32f1xx_hal_flash_ex.c ****     assert_param(IS_FLASH_PROGRAM_ADDRESS(pEraseInit->PageAddress));
 232:Drivers/STM32F1xx_HAL_Driver/Src/stm32f1xx_hal_flash_ex.c ****     assert_param(IS_FLASH_NB_PAGES(pEraseInit->PageAddress, pEraseInit->NbPages));
 233:Drivers/STM32F1xx_HAL_Driver/Src/stm32f1xx_hal_flash_ex.c ****     
 234:Drivers/STM32F1xx_HAL_Driver/Src/stm32f1xx_hal_flash_ex.c **** #if defined(FLASH_BANK2_END)
 235:Drivers/STM32F1xx_HAL_Driver/Src/stm32f1xx_hal_flash_ex.c ****     /* Page Erase requested on address located on bank2 */
 236:Drivers/STM32F1xx_HAL_Driver/Src/stm32f1xx_hal_flash_ex.c ****     if(pEraseInit->PageAddress > FLASH_BANK1_END)
 237:Drivers/STM32F1xx_HAL_Driver/Src/stm32f1xx_hal_flash_ex.c ****     {   
 238:Drivers/STM32F1xx_HAL_Driver/Src/stm32f1xx_hal_flash_ex.c ****       /* Wait for last operation to be completed */
 239:Drivers/STM32F1xx_HAL_Driver/Src/stm32f1xx_hal_flash_ex.c ****       if (FLASH_WaitForLastOperationBank2((uint32_t)FLASH_TIMEOUT_VALUE) == HAL_OK)
 240:Drivers/STM32F1xx_HAL_Driver/Src/stm32f1xx_hal_flash_ex.c ****       {
 241:Drivers/STM32F1xx_HAL_Driver/Src/stm32f1xx_hal_flash_ex.c ****         /*Initialization of PageError variable*/
 242:Drivers/STM32F1xx_HAL_Driver/Src/stm32f1xx_hal_flash_ex.c ****         *PageError = 0xFFFFFFFFU;
 243:Drivers/STM32F1xx_HAL_Driver/Src/stm32f1xx_hal_flash_ex.c ****         
 244:Drivers/STM32F1xx_HAL_Driver/Src/stm32f1xx_hal_flash_ex.c ****         /* Erase by page by page to be done*/
 245:Drivers/STM32F1xx_HAL_Driver/Src/stm32f1xx_hal_flash_ex.c ****         for(address = pEraseInit->PageAddress;
 246:Drivers/STM32F1xx_HAL_Driver/Src/stm32f1xx_hal_flash_ex.c ****             address < (pEraseInit->PageAddress + (pEraseInit->NbPages)*FLASH_PAGE_SIZE);
 247:Drivers/STM32F1xx_HAL_Driver/Src/stm32f1xx_hal_flash_ex.c ****             address += FLASH_PAGE_SIZE)
 248:Drivers/STM32F1xx_HAL_Driver/Src/stm32f1xx_hal_flash_ex.c ****         {
 249:Drivers/STM32F1xx_HAL_Driver/Src/stm32f1xx_hal_flash_ex.c ****           FLASH_PageErase(address);
 250:Drivers/STM32F1xx_HAL_Driver/Src/stm32f1xx_hal_flash_ex.c ****           
 251:Drivers/STM32F1xx_HAL_Driver/Src/stm32f1xx_hal_flash_ex.c ****           /* Wait for last operation to be completed */
 252:Drivers/STM32F1xx_HAL_Driver/Src/stm32f1xx_hal_flash_ex.c ****           status = FLASH_WaitForLastOperationBank2((uint32_t)FLASH_TIMEOUT_VALUE);
 253:Drivers/STM32F1xx_HAL_Driver/Src/stm32f1xx_hal_flash_ex.c ****           
 254:Drivers/STM32F1xx_HAL_Driver/Src/stm32f1xx_hal_flash_ex.c ****           /* If the erase operation is completed, disable the PER Bit */
 255:Drivers/STM32F1xx_HAL_Driver/Src/stm32f1xx_hal_flash_ex.c ****           CLEAR_BIT(FLASH->CR2, FLASH_CR2_PER);
 256:Drivers/STM32F1xx_HAL_Driver/Src/stm32f1xx_hal_flash_ex.c ****           
 257:Drivers/STM32F1xx_HAL_Driver/Src/stm32f1xx_hal_flash_ex.c ****           if (status != HAL_OK)
 258:Drivers/STM32F1xx_HAL_Driver/Src/stm32f1xx_hal_flash_ex.c ****           {
 259:Drivers/STM32F1xx_HAL_Driver/Src/stm32f1xx_hal_flash_ex.c ****             /* In case of error, stop erase procedure and return the faulty address */
 260:Drivers/STM32F1xx_HAL_Driver/Src/stm32f1xx_hal_flash_ex.c ****             *PageError = address;
ARM GAS  /tmp/ccJhoDJv.s 			page 6


 261:Drivers/STM32F1xx_HAL_Driver/Src/stm32f1xx_hal_flash_ex.c ****             break;
 262:Drivers/STM32F1xx_HAL_Driver/Src/stm32f1xx_hal_flash_ex.c ****           }
 263:Drivers/STM32F1xx_HAL_Driver/Src/stm32f1xx_hal_flash_ex.c ****         }
 264:Drivers/STM32F1xx_HAL_Driver/Src/stm32f1xx_hal_flash_ex.c ****       }
 265:Drivers/STM32F1xx_HAL_Driver/Src/stm32f1xx_hal_flash_ex.c ****     }
 266:Drivers/STM32F1xx_HAL_Driver/Src/stm32f1xx_hal_flash_ex.c ****     else
 267:Drivers/STM32F1xx_HAL_Driver/Src/stm32f1xx_hal_flash_ex.c **** #endif /* FLASH_BANK2_END */
 268:Drivers/STM32F1xx_HAL_Driver/Src/stm32f1xx_hal_flash_ex.c ****    {
 269:Drivers/STM32F1xx_HAL_Driver/Src/stm32f1xx_hal_flash_ex.c ****       /* Page Erase requested on address located on bank1 */
 270:Drivers/STM32F1xx_HAL_Driver/Src/stm32f1xx_hal_flash_ex.c ****       /* Wait for last operation to be completed */
 271:Drivers/STM32F1xx_HAL_Driver/Src/stm32f1xx_hal_flash_ex.c ****       if (FLASH_WaitForLastOperation((uint32_t)FLASH_TIMEOUT_VALUE) == HAL_OK)
 272:Drivers/STM32F1xx_HAL_Driver/Src/stm32f1xx_hal_flash_ex.c ****       {
 273:Drivers/STM32F1xx_HAL_Driver/Src/stm32f1xx_hal_flash_ex.c ****         /*Initialization of PageError variable*/
 274:Drivers/STM32F1xx_HAL_Driver/Src/stm32f1xx_hal_flash_ex.c ****         *PageError = 0xFFFFFFFFU;
 275:Drivers/STM32F1xx_HAL_Driver/Src/stm32f1xx_hal_flash_ex.c ****         
 276:Drivers/STM32F1xx_HAL_Driver/Src/stm32f1xx_hal_flash_ex.c ****         /* Erase page by page to be done*/
 277:Drivers/STM32F1xx_HAL_Driver/Src/stm32f1xx_hal_flash_ex.c ****         for(address = pEraseInit->PageAddress;
 278:Drivers/STM32F1xx_HAL_Driver/Src/stm32f1xx_hal_flash_ex.c ****             address < ((pEraseInit->NbPages * FLASH_PAGE_SIZE) + pEraseInit->PageAddress);
 279:Drivers/STM32F1xx_HAL_Driver/Src/stm32f1xx_hal_flash_ex.c ****             address += FLASH_PAGE_SIZE)
 280:Drivers/STM32F1xx_HAL_Driver/Src/stm32f1xx_hal_flash_ex.c ****         {
 281:Drivers/STM32F1xx_HAL_Driver/Src/stm32f1xx_hal_flash_ex.c ****           FLASH_PageErase(address);
 282:Drivers/STM32F1xx_HAL_Driver/Src/stm32f1xx_hal_flash_ex.c ****           
 283:Drivers/STM32F1xx_HAL_Driver/Src/stm32f1xx_hal_flash_ex.c ****           /* Wait for last operation to be completed */
 284:Drivers/STM32F1xx_HAL_Driver/Src/stm32f1xx_hal_flash_ex.c ****           status = FLASH_WaitForLastOperation((uint32_t)FLASH_TIMEOUT_VALUE);
 285:Drivers/STM32F1xx_HAL_Driver/Src/stm32f1xx_hal_flash_ex.c ****           
 286:Drivers/STM32F1xx_HAL_Driver/Src/stm32f1xx_hal_flash_ex.c ****           /* If the erase operation is completed, disable the PER Bit */
 287:Drivers/STM32F1xx_HAL_Driver/Src/stm32f1xx_hal_flash_ex.c ****           CLEAR_BIT(FLASH->CR, FLASH_CR_PER);
 288:Drivers/STM32F1xx_HAL_Driver/Src/stm32f1xx_hal_flash_ex.c ****           
 289:Drivers/STM32F1xx_HAL_Driver/Src/stm32f1xx_hal_flash_ex.c ****           if (status != HAL_OK)
 290:Drivers/STM32F1xx_HAL_Driver/Src/stm32f1xx_hal_flash_ex.c ****           {
 291:Drivers/STM32F1xx_HAL_Driver/Src/stm32f1xx_hal_flash_ex.c ****             /* In case of error, stop erase procedure and return the faulty address */
 292:Drivers/STM32F1xx_HAL_Driver/Src/stm32f1xx_hal_flash_ex.c ****             *PageError = address;
 293:Drivers/STM32F1xx_HAL_Driver/Src/stm32f1xx_hal_flash_ex.c ****             break;
 294:Drivers/STM32F1xx_HAL_Driver/Src/stm32f1xx_hal_flash_ex.c ****           }
 295:Drivers/STM32F1xx_HAL_Driver/Src/stm32f1xx_hal_flash_ex.c ****         }
 296:Drivers/STM32F1xx_HAL_Driver/Src/stm32f1xx_hal_flash_ex.c ****       }
 297:Drivers/STM32F1xx_HAL_Driver/Src/stm32f1xx_hal_flash_ex.c ****     }
 298:Drivers/STM32F1xx_HAL_Driver/Src/stm32f1xx_hal_flash_ex.c ****   }
 299:Drivers/STM32F1xx_HAL_Driver/Src/stm32f1xx_hal_flash_ex.c **** 
 300:Drivers/STM32F1xx_HAL_Driver/Src/stm32f1xx_hal_flash_ex.c ****   /* Process Unlocked */
 301:Drivers/STM32F1xx_HAL_Driver/Src/stm32f1xx_hal_flash_ex.c ****   __HAL_UNLOCK(&pFlash);
 302:Drivers/STM32F1xx_HAL_Driver/Src/stm32f1xx_hal_flash_ex.c **** 
 303:Drivers/STM32F1xx_HAL_Driver/Src/stm32f1xx_hal_flash_ex.c ****   return status;
 304:Drivers/STM32F1xx_HAL_Driver/Src/stm32f1xx_hal_flash_ex.c **** }
 305:Drivers/STM32F1xx_HAL_Driver/Src/stm32f1xx_hal_flash_ex.c **** 
 306:Drivers/STM32F1xx_HAL_Driver/Src/stm32f1xx_hal_flash_ex.c **** /**
 307:Drivers/STM32F1xx_HAL_Driver/Src/stm32f1xx_hal_flash_ex.c ****   * @brief  Perform a mass erase or erase the specified FLASH memory pages with interrupt enabled
 308:Drivers/STM32F1xx_HAL_Driver/Src/stm32f1xx_hal_flash_ex.c ****   * @note   To correctly run this function, the @ref HAL_FLASH_Unlock() function
 309:Drivers/STM32F1xx_HAL_Driver/Src/stm32f1xx_hal_flash_ex.c ****   *         must be called before.
 310:Drivers/STM32F1xx_HAL_Driver/Src/stm32f1xx_hal_flash_ex.c ****   *         Call the @ref HAL_FLASH_Lock() to disable the flash memory access 
 311:Drivers/STM32F1xx_HAL_Driver/Src/stm32f1xx_hal_flash_ex.c ****   *         (recommended to protect the FLASH memory against possible unwanted operation)
 312:Drivers/STM32F1xx_HAL_Driver/Src/stm32f1xx_hal_flash_ex.c ****   * @param  pEraseInit pointer to an FLASH_EraseInitTypeDef structure that
 313:Drivers/STM32F1xx_HAL_Driver/Src/stm32f1xx_hal_flash_ex.c ****   *         contains the configuration information for the erasing.
 314:Drivers/STM32F1xx_HAL_Driver/Src/stm32f1xx_hal_flash_ex.c ****   *
 315:Drivers/STM32F1xx_HAL_Driver/Src/stm32f1xx_hal_flash_ex.c ****   * @retval HAL_StatusTypeDef HAL Status
 316:Drivers/STM32F1xx_HAL_Driver/Src/stm32f1xx_hal_flash_ex.c ****   */
 317:Drivers/STM32F1xx_HAL_Driver/Src/stm32f1xx_hal_flash_ex.c **** HAL_StatusTypeDef HAL_FLASHEx_Erase_IT(FLASH_EraseInitTypeDef *pEraseInit)
ARM GAS  /tmp/ccJhoDJv.s 			page 7


 318:Drivers/STM32F1xx_HAL_Driver/Src/stm32f1xx_hal_flash_ex.c **** {
 319:Drivers/STM32F1xx_HAL_Driver/Src/stm32f1xx_hal_flash_ex.c ****   HAL_StatusTypeDef status = HAL_OK;
 320:Drivers/STM32F1xx_HAL_Driver/Src/stm32f1xx_hal_flash_ex.c **** 
 321:Drivers/STM32F1xx_HAL_Driver/Src/stm32f1xx_hal_flash_ex.c ****   /* If procedure already ongoing, reject the next one */
 322:Drivers/STM32F1xx_HAL_Driver/Src/stm32f1xx_hal_flash_ex.c ****   if (pFlash.ProcedureOnGoing != FLASH_PROC_NONE)
 323:Drivers/STM32F1xx_HAL_Driver/Src/stm32f1xx_hal_flash_ex.c ****   {
 324:Drivers/STM32F1xx_HAL_Driver/Src/stm32f1xx_hal_flash_ex.c ****     return HAL_ERROR;
 325:Drivers/STM32F1xx_HAL_Driver/Src/stm32f1xx_hal_flash_ex.c ****   }
 326:Drivers/STM32F1xx_HAL_Driver/Src/stm32f1xx_hal_flash_ex.c ****   
 327:Drivers/STM32F1xx_HAL_Driver/Src/stm32f1xx_hal_flash_ex.c ****   /* Check the parameters */
 328:Drivers/STM32F1xx_HAL_Driver/Src/stm32f1xx_hal_flash_ex.c ****   assert_param(IS_FLASH_TYPEERASE(pEraseInit->TypeErase));
 329:Drivers/STM32F1xx_HAL_Driver/Src/stm32f1xx_hal_flash_ex.c **** 
 330:Drivers/STM32F1xx_HAL_Driver/Src/stm32f1xx_hal_flash_ex.c ****   /* Enable End of FLASH Operation and Error source interrupts */
 331:Drivers/STM32F1xx_HAL_Driver/Src/stm32f1xx_hal_flash_ex.c ****   __HAL_FLASH_ENABLE_IT(FLASH_IT_EOP | FLASH_IT_ERR);
 332:Drivers/STM32F1xx_HAL_Driver/Src/stm32f1xx_hal_flash_ex.c **** 
 333:Drivers/STM32F1xx_HAL_Driver/Src/stm32f1xx_hal_flash_ex.c **** #if defined(FLASH_BANK2_END)
 334:Drivers/STM32F1xx_HAL_Driver/Src/stm32f1xx_hal_flash_ex.c ****   /* Enable End of FLASH Operation and Error source interrupts */
 335:Drivers/STM32F1xx_HAL_Driver/Src/stm32f1xx_hal_flash_ex.c ****   __HAL_FLASH_ENABLE_IT(FLASH_IT_EOP_BANK2 | FLASH_IT_ERR_BANK2);
 336:Drivers/STM32F1xx_HAL_Driver/Src/stm32f1xx_hal_flash_ex.c ****   
 337:Drivers/STM32F1xx_HAL_Driver/Src/stm32f1xx_hal_flash_ex.c **** #endif
 338:Drivers/STM32F1xx_HAL_Driver/Src/stm32f1xx_hal_flash_ex.c ****   if (pEraseInit->TypeErase == FLASH_TYPEERASE_MASSERASE)
 339:Drivers/STM32F1xx_HAL_Driver/Src/stm32f1xx_hal_flash_ex.c ****   {
 340:Drivers/STM32F1xx_HAL_Driver/Src/stm32f1xx_hal_flash_ex.c ****     /*Mass erase to be done*/
 341:Drivers/STM32F1xx_HAL_Driver/Src/stm32f1xx_hal_flash_ex.c ****     pFlash.ProcedureOnGoing = FLASH_PROC_MASSERASE;
 342:Drivers/STM32F1xx_HAL_Driver/Src/stm32f1xx_hal_flash_ex.c ****         FLASH_MassErase(pEraseInit->Banks);
 343:Drivers/STM32F1xx_HAL_Driver/Src/stm32f1xx_hal_flash_ex.c ****   }
 344:Drivers/STM32F1xx_HAL_Driver/Src/stm32f1xx_hal_flash_ex.c ****   else
 345:Drivers/STM32F1xx_HAL_Driver/Src/stm32f1xx_hal_flash_ex.c ****   {
 346:Drivers/STM32F1xx_HAL_Driver/Src/stm32f1xx_hal_flash_ex.c ****     /* Erase by page to be done*/
 347:Drivers/STM32F1xx_HAL_Driver/Src/stm32f1xx_hal_flash_ex.c **** 
 348:Drivers/STM32F1xx_HAL_Driver/Src/stm32f1xx_hal_flash_ex.c ****     /* Check the parameters */
 349:Drivers/STM32F1xx_HAL_Driver/Src/stm32f1xx_hal_flash_ex.c ****     assert_param(IS_FLASH_PROGRAM_ADDRESS(pEraseInit->PageAddress));
 350:Drivers/STM32F1xx_HAL_Driver/Src/stm32f1xx_hal_flash_ex.c ****     assert_param(IS_FLASH_NB_PAGES(pEraseInit->PageAddress, pEraseInit->NbPages));
 351:Drivers/STM32F1xx_HAL_Driver/Src/stm32f1xx_hal_flash_ex.c **** 
 352:Drivers/STM32F1xx_HAL_Driver/Src/stm32f1xx_hal_flash_ex.c ****     pFlash.ProcedureOnGoing = FLASH_PROC_PAGEERASE;
 353:Drivers/STM32F1xx_HAL_Driver/Src/stm32f1xx_hal_flash_ex.c ****     pFlash.DataRemaining = pEraseInit->NbPages;
 354:Drivers/STM32F1xx_HAL_Driver/Src/stm32f1xx_hal_flash_ex.c ****     pFlash.Address = pEraseInit->PageAddress;
 355:Drivers/STM32F1xx_HAL_Driver/Src/stm32f1xx_hal_flash_ex.c **** 
 356:Drivers/STM32F1xx_HAL_Driver/Src/stm32f1xx_hal_flash_ex.c ****     /*Erase 1st page and wait for IT*/
 357:Drivers/STM32F1xx_HAL_Driver/Src/stm32f1xx_hal_flash_ex.c ****     FLASH_PageErase(pEraseInit->PageAddress);
 358:Drivers/STM32F1xx_HAL_Driver/Src/stm32f1xx_hal_flash_ex.c ****   }
 359:Drivers/STM32F1xx_HAL_Driver/Src/stm32f1xx_hal_flash_ex.c **** 
 360:Drivers/STM32F1xx_HAL_Driver/Src/stm32f1xx_hal_flash_ex.c ****   return status;
 361:Drivers/STM32F1xx_HAL_Driver/Src/stm32f1xx_hal_flash_ex.c **** }
 362:Drivers/STM32F1xx_HAL_Driver/Src/stm32f1xx_hal_flash_ex.c **** 
 363:Drivers/STM32F1xx_HAL_Driver/Src/stm32f1xx_hal_flash_ex.c **** /**
 364:Drivers/STM32F1xx_HAL_Driver/Src/stm32f1xx_hal_flash_ex.c ****   * @}
 365:Drivers/STM32F1xx_HAL_Driver/Src/stm32f1xx_hal_flash_ex.c ****   */
 366:Drivers/STM32F1xx_HAL_Driver/Src/stm32f1xx_hal_flash_ex.c **** 
 367:Drivers/STM32F1xx_HAL_Driver/Src/stm32f1xx_hal_flash_ex.c **** /** @defgroup FLASHEx_Exported_Functions_Group2 Option Bytes Programming functions
 368:Drivers/STM32F1xx_HAL_Driver/Src/stm32f1xx_hal_flash_ex.c ****  *  @brief   Option Bytes Programming functions
 369:Drivers/STM32F1xx_HAL_Driver/Src/stm32f1xx_hal_flash_ex.c ****   *
 370:Drivers/STM32F1xx_HAL_Driver/Src/stm32f1xx_hal_flash_ex.c **** @verbatim   
 371:Drivers/STM32F1xx_HAL_Driver/Src/stm32f1xx_hal_flash_ex.c ****   ==============================================================================
 372:Drivers/STM32F1xx_HAL_Driver/Src/stm32f1xx_hal_flash_ex.c ****                 ##### Option Bytes Programming functions ##### 
 373:Drivers/STM32F1xx_HAL_Driver/Src/stm32f1xx_hal_flash_ex.c ****   ==============================================================================  
 374:Drivers/STM32F1xx_HAL_Driver/Src/stm32f1xx_hal_flash_ex.c ****     [..]
ARM GAS  /tmp/ccJhoDJv.s 			page 8


 375:Drivers/STM32F1xx_HAL_Driver/Src/stm32f1xx_hal_flash_ex.c ****     This subsection provides a set of functions allowing to control the FLASH 
 376:Drivers/STM32F1xx_HAL_Driver/Src/stm32f1xx_hal_flash_ex.c ****     option bytes operations.
 377:Drivers/STM32F1xx_HAL_Driver/Src/stm32f1xx_hal_flash_ex.c **** 
 378:Drivers/STM32F1xx_HAL_Driver/Src/stm32f1xx_hal_flash_ex.c **** @endverbatim
 379:Drivers/STM32F1xx_HAL_Driver/Src/stm32f1xx_hal_flash_ex.c ****   * @{
 380:Drivers/STM32F1xx_HAL_Driver/Src/stm32f1xx_hal_flash_ex.c ****   */
 381:Drivers/STM32F1xx_HAL_Driver/Src/stm32f1xx_hal_flash_ex.c **** 
 382:Drivers/STM32F1xx_HAL_Driver/Src/stm32f1xx_hal_flash_ex.c **** /**
 383:Drivers/STM32F1xx_HAL_Driver/Src/stm32f1xx_hal_flash_ex.c ****   * @brief  Erases the FLASH option bytes.
 384:Drivers/STM32F1xx_HAL_Driver/Src/stm32f1xx_hal_flash_ex.c ****   * @note   This functions erases all option bytes except the Read protection (RDP).
 385:Drivers/STM32F1xx_HAL_Driver/Src/stm32f1xx_hal_flash_ex.c ****   *         The function @ref HAL_FLASH_Unlock() should be called before to unlock the FLASH interf
 386:Drivers/STM32F1xx_HAL_Driver/Src/stm32f1xx_hal_flash_ex.c ****   *         The function @ref HAL_FLASH_OB_Unlock() should be called before to unlock the options b
 387:Drivers/STM32F1xx_HAL_Driver/Src/stm32f1xx_hal_flash_ex.c ****   *         The function @ref HAL_FLASH_OB_Launch() should be called after to force the reload of t
 388:Drivers/STM32F1xx_HAL_Driver/Src/stm32f1xx_hal_flash_ex.c ****   *         (system reset will occur)
 389:Drivers/STM32F1xx_HAL_Driver/Src/stm32f1xx_hal_flash_ex.c ****   * @retval HAL status
 390:Drivers/STM32F1xx_HAL_Driver/Src/stm32f1xx_hal_flash_ex.c ****   */
 391:Drivers/STM32F1xx_HAL_Driver/Src/stm32f1xx_hal_flash_ex.c **** 
 392:Drivers/STM32F1xx_HAL_Driver/Src/stm32f1xx_hal_flash_ex.c **** HAL_StatusTypeDef HAL_FLASHEx_OBErase(void)
 393:Drivers/STM32F1xx_HAL_Driver/Src/stm32f1xx_hal_flash_ex.c **** {
 394:Drivers/STM32F1xx_HAL_Driver/Src/stm32f1xx_hal_flash_ex.c ****   uint8_t rdptmp = OB_RDP_LEVEL_0;
 395:Drivers/STM32F1xx_HAL_Driver/Src/stm32f1xx_hal_flash_ex.c ****   HAL_StatusTypeDef status = HAL_ERROR;
 396:Drivers/STM32F1xx_HAL_Driver/Src/stm32f1xx_hal_flash_ex.c **** 
 397:Drivers/STM32F1xx_HAL_Driver/Src/stm32f1xx_hal_flash_ex.c ****   /* Get the actual read protection Option Byte value */
 398:Drivers/STM32F1xx_HAL_Driver/Src/stm32f1xx_hal_flash_ex.c ****   rdptmp = FLASH_OB_GetRDP();
 399:Drivers/STM32F1xx_HAL_Driver/Src/stm32f1xx_hal_flash_ex.c **** 
 400:Drivers/STM32F1xx_HAL_Driver/Src/stm32f1xx_hal_flash_ex.c ****   /* Wait for last operation to be completed */
 401:Drivers/STM32F1xx_HAL_Driver/Src/stm32f1xx_hal_flash_ex.c ****   status = FLASH_WaitForLastOperation((uint32_t)FLASH_TIMEOUT_VALUE);
 402:Drivers/STM32F1xx_HAL_Driver/Src/stm32f1xx_hal_flash_ex.c **** 
 403:Drivers/STM32F1xx_HAL_Driver/Src/stm32f1xx_hal_flash_ex.c ****   if(status == HAL_OK)
 404:Drivers/STM32F1xx_HAL_Driver/Src/stm32f1xx_hal_flash_ex.c ****   {
 405:Drivers/STM32F1xx_HAL_Driver/Src/stm32f1xx_hal_flash_ex.c ****     /* Clean the error context */
 406:Drivers/STM32F1xx_HAL_Driver/Src/stm32f1xx_hal_flash_ex.c ****     pFlash.ErrorCode = HAL_FLASH_ERROR_NONE;
 407:Drivers/STM32F1xx_HAL_Driver/Src/stm32f1xx_hal_flash_ex.c **** 
 408:Drivers/STM32F1xx_HAL_Driver/Src/stm32f1xx_hal_flash_ex.c ****     /* If the previous operation is completed, proceed to erase the option bytes */
 409:Drivers/STM32F1xx_HAL_Driver/Src/stm32f1xx_hal_flash_ex.c ****     SET_BIT(FLASH->CR, FLASH_CR_OPTER);
 410:Drivers/STM32F1xx_HAL_Driver/Src/stm32f1xx_hal_flash_ex.c ****     SET_BIT(FLASH->CR, FLASH_CR_STRT);
 411:Drivers/STM32F1xx_HAL_Driver/Src/stm32f1xx_hal_flash_ex.c **** 
 412:Drivers/STM32F1xx_HAL_Driver/Src/stm32f1xx_hal_flash_ex.c ****     /* Wait for last operation to be completed */
 413:Drivers/STM32F1xx_HAL_Driver/Src/stm32f1xx_hal_flash_ex.c ****     status = FLASH_WaitForLastOperation((uint32_t)FLASH_TIMEOUT_VALUE);
 414:Drivers/STM32F1xx_HAL_Driver/Src/stm32f1xx_hal_flash_ex.c **** 
 415:Drivers/STM32F1xx_HAL_Driver/Src/stm32f1xx_hal_flash_ex.c ****     /* If the erase operation is completed, disable the OPTER Bit */
 416:Drivers/STM32F1xx_HAL_Driver/Src/stm32f1xx_hal_flash_ex.c ****     CLEAR_BIT(FLASH->CR, FLASH_CR_OPTER);
 417:Drivers/STM32F1xx_HAL_Driver/Src/stm32f1xx_hal_flash_ex.c **** 
 418:Drivers/STM32F1xx_HAL_Driver/Src/stm32f1xx_hal_flash_ex.c ****     if(status == HAL_OK)
 419:Drivers/STM32F1xx_HAL_Driver/Src/stm32f1xx_hal_flash_ex.c ****     {
 420:Drivers/STM32F1xx_HAL_Driver/Src/stm32f1xx_hal_flash_ex.c ****       /* Restore the last read protection Option Byte value */
 421:Drivers/STM32F1xx_HAL_Driver/Src/stm32f1xx_hal_flash_ex.c ****       status = FLASH_OB_RDP_LevelConfig(rdptmp);
 422:Drivers/STM32F1xx_HAL_Driver/Src/stm32f1xx_hal_flash_ex.c ****     }
 423:Drivers/STM32F1xx_HAL_Driver/Src/stm32f1xx_hal_flash_ex.c ****   }
 424:Drivers/STM32F1xx_HAL_Driver/Src/stm32f1xx_hal_flash_ex.c **** 
 425:Drivers/STM32F1xx_HAL_Driver/Src/stm32f1xx_hal_flash_ex.c ****   /* Return the erase status */
 426:Drivers/STM32F1xx_HAL_Driver/Src/stm32f1xx_hal_flash_ex.c ****   return status;
 427:Drivers/STM32F1xx_HAL_Driver/Src/stm32f1xx_hal_flash_ex.c **** }
 428:Drivers/STM32F1xx_HAL_Driver/Src/stm32f1xx_hal_flash_ex.c **** 
 429:Drivers/STM32F1xx_HAL_Driver/Src/stm32f1xx_hal_flash_ex.c **** /**
 430:Drivers/STM32F1xx_HAL_Driver/Src/stm32f1xx_hal_flash_ex.c ****   * @brief  Program option bytes
 431:Drivers/STM32F1xx_HAL_Driver/Src/stm32f1xx_hal_flash_ex.c ****   * @note   The function @ref HAL_FLASH_Unlock() should be called before to unlock the FLASH interf
ARM GAS  /tmp/ccJhoDJv.s 			page 9


 432:Drivers/STM32F1xx_HAL_Driver/Src/stm32f1xx_hal_flash_ex.c ****   *         The function @ref HAL_FLASH_OB_Unlock() should be called before to unlock the options b
 433:Drivers/STM32F1xx_HAL_Driver/Src/stm32f1xx_hal_flash_ex.c ****   *         The function @ref HAL_FLASH_OB_Launch() should be called after to force the reload of t
 434:Drivers/STM32F1xx_HAL_Driver/Src/stm32f1xx_hal_flash_ex.c ****   *         (system reset will occur)
 435:Drivers/STM32F1xx_HAL_Driver/Src/stm32f1xx_hal_flash_ex.c ****   *
 436:Drivers/STM32F1xx_HAL_Driver/Src/stm32f1xx_hal_flash_ex.c ****   * @param  pOBInit pointer to an FLASH_OBInitStruct structure that
 437:Drivers/STM32F1xx_HAL_Driver/Src/stm32f1xx_hal_flash_ex.c ****   *         contains the configuration information for the programming.
 438:Drivers/STM32F1xx_HAL_Driver/Src/stm32f1xx_hal_flash_ex.c ****   *
 439:Drivers/STM32F1xx_HAL_Driver/Src/stm32f1xx_hal_flash_ex.c ****   * @retval HAL_StatusTypeDef HAL Status
 440:Drivers/STM32F1xx_HAL_Driver/Src/stm32f1xx_hal_flash_ex.c ****   */
 441:Drivers/STM32F1xx_HAL_Driver/Src/stm32f1xx_hal_flash_ex.c **** HAL_StatusTypeDef HAL_FLASHEx_OBProgram(FLASH_OBProgramInitTypeDef *pOBInit)
 442:Drivers/STM32F1xx_HAL_Driver/Src/stm32f1xx_hal_flash_ex.c **** {
 443:Drivers/STM32F1xx_HAL_Driver/Src/stm32f1xx_hal_flash_ex.c ****   HAL_StatusTypeDef status = HAL_ERROR;
 444:Drivers/STM32F1xx_HAL_Driver/Src/stm32f1xx_hal_flash_ex.c **** 
 445:Drivers/STM32F1xx_HAL_Driver/Src/stm32f1xx_hal_flash_ex.c ****   /* Process Locked */
 446:Drivers/STM32F1xx_HAL_Driver/Src/stm32f1xx_hal_flash_ex.c ****   __HAL_LOCK(&pFlash);
 447:Drivers/STM32F1xx_HAL_Driver/Src/stm32f1xx_hal_flash_ex.c **** 
 448:Drivers/STM32F1xx_HAL_Driver/Src/stm32f1xx_hal_flash_ex.c ****   /* Check the parameters */
 449:Drivers/STM32F1xx_HAL_Driver/Src/stm32f1xx_hal_flash_ex.c ****   assert_param(IS_OPTIONBYTE(pOBInit->OptionType));
 450:Drivers/STM32F1xx_HAL_Driver/Src/stm32f1xx_hal_flash_ex.c **** 
 451:Drivers/STM32F1xx_HAL_Driver/Src/stm32f1xx_hal_flash_ex.c ****   /* Write protection configuration */
 452:Drivers/STM32F1xx_HAL_Driver/Src/stm32f1xx_hal_flash_ex.c ****   if((pOBInit->OptionType & OPTIONBYTE_WRP) == OPTIONBYTE_WRP)
 453:Drivers/STM32F1xx_HAL_Driver/Src/stm32f1xx_hal_flash_ex.c ****   {
 454:Drivers/STM32F1xx_HAL_Driver/Src/stm32f1xx_hal_flash_ex.c ****     assert_param(IS_WRPSTATE(pOBInit->WRPState));
 455:Drivers/STM32F1xx_HAL_Driver/Src/stm32f1xx_hal_flash_ex.c ****     if (pOBInit->WRPState == OB_WRPSTATE_ENABLE)
 456:Drivers/STM32F1xx_HAL_Driver/Src/stm32f1xx_hal_flash_ex.c ****     {
 457:Drivers/STM32F1xx_HAL_Driver/Src/stm32f1xx_hal_flash_ex.c ****       /* Enable of Write protection on the selected page */
 458:Drivers/STM32F1xx_HAL_Driver/Src/stm32f1xx_hal_flash_ex.c ****       status = FLASH_OB_EnableWRP(pOBInit->WRPPage);
 459:Drivers/STM32F1xx_HAL_Driver/Src/stm32f1xx_hal_flash_ex.c ****     }
 460:Drivers/STM32F1xx_HAL_Driver/Src/stm32f1xx_hal_flash_ex.c ****     else
 461:Drivers/STM32F1xx_HAL_Driver/Src/stm32f1xx_hal_flash_ex.c ****     {
 462:Drivers/STM32F1xx_HAL_Driver/Src/stm32f1xx_hal_flash_ex.c ****       /* Disable of Write protection on the selected page */
 463:Drivers/STM32F1xx_HAL_Driver/Src/stm32f1xx_hal_flash_ex.c ****       status = FLASH_OB_DisableWRP(pOBInit->WRPPage);
 464:Drivers/STM32F1xx_HAL_Driver/Src/stm32f1xx_hal_flash_ex.c ****     }
 465:Drivers/STM32F1xx_HAL_Driver/Src/stm32f1xx_hal_flash_ex.c ****     if (status != HAL_OK)
 466:Drivers/STM32F1xx_HAL_Driver/Src/stm32f1xx_hal_flash_ex.c ****     {
 467:Drivers/STM32F1xx_HAL_Driver/Src/stm32f1xx_hal_flash_ex.c ****       /* Process Unlocked */
 468:Drivers/STM32F1xx_HAL_Driver/Src/stm32f1xx_hal_flash_ex.c ****       __HAL_UNLOCK(&pFlash);
 469:Drivers/STM32F1xx_HAL_Driver/Src/stm32f1xx_hal_flash_ex.c ****       return status;
 470:Drivers/STM32F1xx_HAL_Driver/Src/stm32f1xx_hal_flash_ex.c ****     }
 471:Drivers/STM32F1xx_HAL_Driver/Src/stm32f1xx_hal_flash_ex.c ****   }
 472:Drivers/STM32F1xx_HAL_Driver/Src/stm32f1xx_hal_flash_ex.c **** 
 473:Drivers/STM32F1xx_HAL_Driver/Src/stm32f1xx_hal_flash_ex.c ****   /* Read protection configuration */
 474:Drivers/STM32F1xx_HAL_Driver/Src/stm32f1xx_hal_flash_ex.c ****   if((pOBInit->OptionType & OPTIONBYTE_RDP) == OPTIONBYTE_RDP)
 475:Drivers/STM32F1xx_HAL_Driver/Src/stm32f1xx_hal_flash_ex.c ****   {
 476:Drivers/STM32F1xx_HAL_Driver/Src/stm32f1xx_hal_flash_ex.c ****     status = FLASH_OB_RDP_LevelConfig(pOBInit->RDPLevel);
 477:Drivers/STM32F1xx_HAL_Driver/Src/stm32f1xx_hal_flash_ex.c ****     if (status != HAL_OK)
 478:Drivers/STM32F1xx_HAL_Driver/Src/stm32f1xx_hal_flash_ex.c ****     {
 479:Drivers/STM32F1xx_HAL_Driver/Src/stm32f1xx_hal_flash_ex.c ****       /* Process Unlocked */
 480:Drivers/STM32F1xx_HAL_Driver/Src/stm32f1xx_hal_flash_ex.c ****       __HAL_UNLOCK(&pFlash);
 481:Drivers/STM32F1xx_HAL_Driver/Src/stm32f1xx_hal_flash_ex.c ****       return status;
 482:Drivers/STM32F1xx_HAL_Driver/Src/stm32f1xx_hal_flash_ex.c ****     }
 483:Drivers/STM32F1xx_HAL_Driver/Src/stm32f1xx_hal_flash_ex.c ****   }
 484:Drivers/STM32F1xx_HAL_Driver/Src/stm32f1xx_hal_flash_ex.c **** 
 485:Drivers/STM32F1xx_HAL_Driver/Src/stm32f1xx_hal_flash_ex.c ****   /* USER configuration */
 486:Drivers/STM32F1xx_HAL_Driver/Src/stm32f1xx_hal_flash_ex.c ****   if((pOBInit->OptionType & OPTIONBYTE_USER) == OPTIONBYTE_USER)
 487:Drivers/STM32F1xx_HAL_Driver/Src/stm32f1xx_hal_flash_ex.c ****   {
 488:Drivers/STM32F1xx_HAL_Driver/Src/stm32f1xx_hal_flash_ex.c ****     status = FLASH_OB_UserConfig(pOBInit->USERConfig);
ARM GAS  /tmp/ccJhoDJv.s 			page 10


 489:Drivers/STM32F1xx_HAL_Driver/Src/stm32f1xx_hal_flash_ex.c ****     if (status != HAL_OK)
 490:Drivers/STM32F1xx_HAL_Driver/Src/stm32f1xx_hal_flash_ex.c ****     {
 491:Drivers/STM32F1xx_HAL_Driver/Src/stm32f1xx_hal_flash_ex.c ****       /* Process Unlocked */
 492:Drivers/STM32F1xx_HAL_Driver/Src/stm32f1xx_hal_flash_ex.c ****       __HAL_UNLOCK(&pFlash);
 493:Drivers/STM32F1xx_HAL_Driver/Src/stm32f1xx_hal_flash_ex.c ****       return status;
 494:Drivers/STM32F1xx_HAL_Driver/Src/stm32f1xx_hal_flash_ex.c ****     }
 495:Drivers/STM32F1xx_HAL_Driver/Src/stm32f1xx_hal_flash_ex.c ****   }
 496:Drivers/STM32F1xx_HAL_Driver/Src/stm32f1xx_hal_flash_ex.c **** 
 497:Drivers/STM32F1xx_HAL_Driver/Src/stm32f1xx_hal_flash_ex.c ****   /* DATA configuration*/
 498:Drivers/STM32F1xx_HAL_Driver/Src/stm32f1xx_hal_flash_ex.c ****   if((pOBInit->OptionType & OPTIONBYTE_DATA) == OPTIONBYTE_DATA)
 499:Drivers/STM32F1xx_HAL_Driver/Src/stm32f1xx_hal_flash_ex.c ****   {
 500:Drivers/STM32F1xx_HAL_Driver/Src/stm32f1xx_hal_flash_ex.c ****     status = FLASH_OB_ProgramData(pOBInit->DATAAddress, pOBInit->DATAData);
 501:Drivers/STM32F1xx_HAL_Driver/Src/stm32f1xx_hal_flash_ex.c ****     if (status != HAL_OK)
 502:Drivers/STM32F1xx_HAL_Driver/Src/stm32f1xx_hal_flash_ex.c ****     {
 503:Drivers/STM32F1xx_HAL_Driver/Src/stm32f1xx_hal_flash_ex.c ****       /* Process Unlocked */
 504:Drivers/STM32F1xx_HAL_Driver/Src/stm32f1xx_hal_flash_ex.c ****       __HAL_UNLOCK(&pFlash);
 505:Drivers/STM32F1xx_HAL_Driver/Src/stm32f1xx_hal_flash_ex.c ****       return status;
 506:Drivers/STM32F1xx_HAL_Driver/Src/stm32f1xx_hal_flash_ex.c ****     }
 507:Drivers/STM32F1xx_HAL_Driver/Src/stm32f1xx_hal_flash_ex.c ****   }
 508:Drivers/STM32F1xx_HAL_Driver/Src/stm32f1xx_hal_flash_ex.c **** 
 509:Drivers/STM32F1xx_HAL_Driver/Src/stm32f1xx_hal_flash_ex.c ****   /* Process Unlocked */
 510:Drivers/STM32F1xx_HAL_Driver/Src/stm32f1xx_hal_flash_ex.c ****   __HAL_UNLOCK(&pFlash);
 511:Drivers/STM32F1xx_HAL_Driver/Src/stm32f1xx_hal_flash_ex.c **** 
 512:Drivers/STM32F1xx_HAL_Driver/Src/stm32f1xx_hal_flash_ex.c ****   return status;
 513:Drivers/STM32F1xx_HAL_Driver/Src/stm32f1xx_hal_flash_ex.c **** }
 514:Drivers/STM32F1xx_HAL_Driver/Src/stm32f1xx_hal_flash_ex.c **** 
 515:Drivers/STM32F1xx_HAL_Driver/Src/stm32f1xx_hal_flash_ex.c **** /**
 516:Drivers/STM32F1xx_HAL_Driver/Src/stm32f1xx_hal_flash_ex.c ****   * @brief  Get the Option byte configuration
 517:Drivers/STM32F1xx_HAL_Driver/Src/stm32f1xx_hal_flash_ex.c ****   * @param  pOBInit pointer to an FLASH_OBInitStruct structure that
 518:Drivers/STM32F1xx_HAL_Driver/Src/stm32f1xx_hal_flash_ex.c ****   *         contains the configuration information for the programming.
 519:Drivers/STM32F1xx_HAL_Driver/Src/stm32f1xx_hal_flash_ex.c ****   *
 520:Drivers/STM32F1xx_HAL_Driver/Src/stm32f1xx_hal_flash_ex.c ****   * @retval None
 521:Drivers/STM32F1xx_HAL_Driver/Src/stm32f1xx_hal_flash_ex.c ****   */
 522:Drivers/STM32F1xx_HAL_Driver/Src/stm32f1xx_hal_flash_ex.c **** void HAL_FLASHEx_OBGetConfig(FLASH_OBProgramInitTypeDef *pOBInit)
 523:Drivers/STM32F1xx_HAL_Driver/Src/stm32f1xx_hal_flash_ex.c **** {
 524:Drivers/STM32F1xx_HAL_Driver/Src/stm32f1xx_hal_flash_ex.c ****   pOBInit->OptionType = OPTIONBYTE_WRP | OPTIONBYTE_RDP | OPTIONBYTE_USER;
 525:Drivers/STM32F1xx_HAL_Driver/Src/stm32f1xx_hal_flash_ex.c **** 
 526:Drivers/STM32F1xx_HAL_Driver/Src/stm32f1xx_hal_flash_ex.c ****   /*Get WRP*/
 527:Drivers/STM32F1xx_HAL_Driver/Src/stm32f1xx_hal_flash_ex.c ****   pOBInit->WRPPage = FLASH_OB_GetWRP();
 528:Drivers/STM32F1xx_HAL_Driver/Src/stm32f1xx_hal_flash_ex.c **** 
 529:Drivers/STM32F1xx_HAL_Driver/Src/stm32f1xx_hal_flash_ex.c ****   /*Get RDP Level*/
 530:Drivers/STM32F1xx_HAL_Driver/Src/stm32f1xx_hal_flash_ex.c ****   pOBInit->RDPLevel = FLASH_OB_GetRDP();
 531:Drivers/STM32F1xx_HAL_Driver/Src/stm32f1xx_hal_flash_ex.c **** 
 532:Drivers/STM32F1xx_HAL_Driver/Src/stm32f1xx_hal_flash_ex.c ****   /*Get USER*/
 533:Drivers/STM32F1xx_HAL_Driver/Src/stm32f1xx_hal_flash_ex.c ****   pOBInit->USERConfig = FLASH_OB_GetUser();
 534:Drivers/STM32F1xx_HAL_Driver/Src/stm32f1xx_hal_flash_ex.c **** }
 535:Drivers/STM32F1xx_HAL_Driver/Src/stm32f1xx_hal_flash_ex.c **** 
 536:Drivers/STM32F1xx_HAL_Driver/Src/stm32f1xx_hal_flash_ex.c **** /**
 537:Drivers/STM32F1xx_HAL_Driver/Src/stm32f1xx_hal_flash_ex.c ****   * @brief  Get the Option byte user data
 538:Drivers/STM32F1xx_HAL_Driver/Src/stm32f1xx_hal_flash_ex.c ****   * @param  DATAAdress Address of the option byte DATA
 539:Drivers/STM32F1xx_HAL_Driver/Src/stm32f1xx_hal_flash_ex.c ****   *          This parameter can be one of the following values:
 540:Drivers/STM32F1xx_HAL_Driver/Src/stm32f1xx_hal_flash_ex.c ****   *            @arg @ref OB_DATA_ADDRESS_DATA0
 541:Drivers/STM32F1xx_HAL_Driver/Src/stm32f1xx_hal_flash_ex.c ****   *            @arg @ref OB_DATA_ADDRESS_DATA1
 542:Drivers/STM32F1xx_HAL_Driver/Src/stm32f1xx_hal_flash_ex.c ****   * @retval Value programmed in USER data
 543:Drivers/STM32F1xx_HAL_Driver/Src/stm32f1xx_hal_flash_ex.c ****   */
 544:Drivers/STM32F1xx_HAL_Driver/Src/stm32f1xx_hal_flash_ex.c **** uint32_t HAL_FLASHEx_OBGetUserData(uint32_t DATAAdress)
 545:Drivers/STM32F1xx_HAL_Driver/Src/stm32f1xx_hal_flash_ex.c **** {
ARM GAS  /tmp/ccJhoDJv.s 			page 11


 546:Drivers/STM32F1xx_HAL_Driver/Src/stm32f1xx_hal_flash_ex.c ****   uint32_t value = 0;
 547:Drivers/STM32F1xx_HAL_Driver/Src/stm32f1xx_hal_flash_ex.c ****   
 548:Drivers/STM32F1xx_HAL_Driver/Src/stm32f1xx_hal_flash_ex.c ****   if (DATAAdress == OB_DATA_ADDRESS_DATA0)
 549:Drivers/STM32F1xx_HAL_Driver/Src/stm32f1xx_hal_flash_ex.c ****   {
 550:Drivers/STM32F1xx_HAL_Driver/Src/stm32f1xx_hal_flash_ex.c ****     /* Get value programmed in OB USER Data0 */
 551:Drivers/STM32F1xx_HAL_Driver/Src/stm32f1xx_hal_flash_ex.c ****     value = READ_BIT(FLASH->OBR, FLASH_OBR_DATA0) >> FLASH_POSITION_OB_USERDATA0_BIT;
 552:Drivers/STM32F1xx_HAL_Driver/Src/stm32f1xx_hal_flash_ex.c ****   }
 553:Drivers/STM32F1xx_HAL_Driver/Src/stm32f1xx_hal_flash_ex.c ****   else
 554:Drivers/STM32F1xx_HAL_Driver/Src/stm32f1xx_hal_flash_ex.c ****   {
 555:Drivers/STM32F1xx_HAL_Driver/Src/stm32f1xx_hal_flash_ex.c ****     /* Get value programmed in OB USER Data1 */
 556:Drivers/STM32F1xx_HAL_Driver/Src/stm32f1xx_hal_flash_ex.c ****     value = READ_BIT(FLASH->OBR, FLASH_OBR_DATA1) >> FLASH_POSITION_OB_USERDATA1_BIT;
 557:Drivers/STM32F1xx_HAL_Driver/Src/stm32f1xx_hal_flash_ex.c ****   }
 558:Drivers/STM32F1xx_HAL_Driver/Src/stm32f1xx_hal_flash_ex.c ****   
 559:Drivers/STM32F1xx_HAL_Driver/Src/stm32f1xx_hal_flash_ex.c ****   return value;
 560:Drivers/STM32F1xx_HAL_Driver/Src/stm32f1xx_hal_flash_ex.c **** }
 561:Drivers/STM32F1xx_HAL_Driver/Src/stm32f1xx_hal_flash_ex.c **** 
 562:Drivers/STM32F1xx_HAL_Driver/Src/stm32f1xx_hal_flash_ex.c **** /**
 563:Drivers/STM32F1xx_HAL_Driver/Src/stm32f1xx_hal_flash_ex.c ****   * @}
 564:Drivers/STM32F1xx_HAL_Driver/Src/stm32f1xx_hal_flash_ex.c ****   */
 565:Drivers/STM32F1xx_HAL_Driver/Src/stm32f1xx_hal_flash_ex.c **** 
 566:Drivers/STM32F1xx_HAL_Driver/Src/stm32f1xx_hal_flash_ex.c **** /**
 567:Drivers/STM32F1xx_HAL_Driver/Src/stm32f1xx_hal_flash_ex.c ****   * @}
 568:Drivers/STM32F1xx_HAL_Driver/Src/stm32f1xx_hal_flash_ex.c ****   */
 569:Drivers/STM32F1xx_HAL_Driver/Src/stm32f1xx_hal_flash_ex.c **** 
 570:Drivers/STM32F1xx_HAL_Driver/Src/stm32f1xx_hal_flash_ex.c **** /** @addtogroup FLASHEx_Private_Functions
 571:Drivers/STM32F1xx_HAL_Driver/Src/stm32f1xx_hal_flash_ex.c ****  * @{
 572:Drivers/STM32F1xx_HAL_Driver/Src/stm32f1xx_hal_flash_ex.c ****  */
 573:Drivers/STM32F1xx_HAL_Driver/Src/stm32f1xx_hal_flash_ex.c **** 
 574:Drivers/STM32F1xx_HAL_Driver/Src/stm32f1xx_hal_flash_ex.c **** /**
 575:Drivers/STM32F1xx_HAL_Driver/Src/stm32f1xx_hal_flash_ex.c ****   * @brief  Full erase of FLASH memory Bank 
 576:Drivers/STM32F1xx_HAL_Driver/Src/stm32f1xx_hal_flash_ex.c ****   * @param  Banks Banks to be erased
 577:Drivers/STM32F1xx_HAL_Driver/Src/stm32f1xx_hal_flash_ex.c ****   *          This parameter can be one of the following values:
 578:Drivers/STM32F1xx_HAL_Driver/Src/stm32f1xx_hal_flash_ex.c ****   *            @arg @ref FLASH_BANK_1 Bank1 to be erased
 579:Drivers/STM32F1xx_HAL_Driver/Src/stm32f1xx_hal_flash_ex.c ****   @if STM32F101xG
 580:Drivers/STM32F1xx_HAL_Driver/Src/stm32f1xx_hal_flash_ex.c ****   *            @arg @ref FLASH_BANK_2 Bank2 to be erased
 581:Drivers/STM32F1xx_HAL_Driver/Src/stm32f1xx_hal_flash_ex.c ****   *            @arg @ref FLASH_BANK_BOTH Bank1 and Bank2 to be erased
 582:Drivers/STM32F1xx_HAL_Driver/Src/stm32f1xx_hal_flash_ex.c ****   @endif
 583:Drivers/STM32F1xx_HAL_Driver/Src/stm32f1xx_hal_flash_ex.c ****   @if STM32F103xG
 584:Drivers/STM32F1xx_HAL_Driver/Src/stm32f1xx_hal_flash_ex.c ****   *            @arg @ref FLASH_BANK_2 Bank2 to be erased
 585:Drivers/STM32F1xx_HAL_Driver/Src/stm32f1xx_hal_flash_ex.c ****   *            @arg @ref FLASH_BANK_BOTH Bank1 and Bank2 to be erased
 586:Drivers/STM32F1xx_HAL_Driver/Src/stm32f1xx_hal_flash_ex.c ****   @endif
 587:Drivers/STM32F1xx_HAL_Driver/Src/stm32f1xx_hal_flash_ex.c ****   *
 588:Drivers/STM32F1xx_HAL_Driver/Src/stm32f1xx_hal_flash_ex.c ****   * @retval None
 589:Drivers/STM32F1xx_HAL_Driver/Src/stm32f1xx_hal_flash_ex.c ****   */
 590:Drivers/STM32F1xx_HAL_Driver/Src/stm32f1xx_hal_flash_ex.c **** static void FLASH_MassErase(uint32_t Banks)
 591:Drivers/STM32F1xx_HAL_Driver/Src/stm32f1xx_hal_flash_ex.c **** {
  27              		.loc 1 591 1 view -0
  28              		.cfi_startproc
  29              		@ args = 0, pretend = 0, frame = 0
  30              		@ frame_needed = 0, uses_anonymous_args = 0
  31              		@ link register save eliminated.
 592:Drivers/STM32F1xx_HAL_Driver/Src/stm32f1xx_hal_flash_ex.c ****   /* Check the parameters */
 593:Drivers/STM32F1xx_HAL_Driver/Src/stm32f1xx_hal_flash_ex.c ****   assert_param(IS_FLASH_BANK(Banks));
  32              		.loc 1 593 3 view .LVU1
 594:Drivers/STM32F1xx_HAL_Driver/Src/stm32f1xx_hal_flash_ex.c **** 
 595:Drivers/STM32F1xx_HAL_Driver/Src/stm32f1xx_hal_flash_ex.c ****   /* Clean the error context */
 596:Drivers/STM32F1xx_HAL_Driver/Src/stm32f1xx_hal_flash_ex.c ****   pFlash.ErrorCode = HAL_FLASH_ERROR_NONE;
ARM GAS  /tmp/ccJhoDJv.s 			page 12


  33              		.loc 1 596 3 view .LVU2
  34              		.loc 1 596 20 is_stmt 0 view .LVU3
  35 0000 064B     		ldr	r3, .L2
  36 0002 0022     		movs	r2, #0
  37 0004 DA61     		str	r2, [r3, #28]
 597:Drivers/STM32F1xx_HAL_Driver/Src/stm32f1xx_hal_flash_ex.c **** 
 598:Drivers/STM32F1xx_HAL_Driver/Src/stm32f1xx_hal_flash_ex.c **** #if defined(FLASH_BANK2_END)
 599:Drivers/STM32F1xx_HAL_Driver/Src/stm32f1xx_hal_flash_ex.c ****   if(Banks == FLASH_BANK_BOTH)
 600:Drivers/STM32F1xx_HAL_Driver/Src/stm32f1xx_hal_flash_ex.c ****   {
 601:Drivers/STM32F1xx_HAL_Driver/Src/stm32f1xx_hal_flash_ex.c ****     /* bank1 & bank2 will be erased*/
 602:Drivers/STM32F1xx_HAL_Driver/Src/stm32f1xx_hal_flash_ex.c ****     SET_BIT(FLASH->CR, FLASH_CR_MER);
 603:Drivers/STM32F1xx_HAL_Driver/Src/stm32f1xx_hal_flash_ex.c ****     SET_BIT(FLASH->CR2, FLASH_CR2_MER);
 604:Drivers/STM32F1xx_HAL_Driver/Src/stm32f1xx_hal_flash_ex.c ****     SET_BIT(FLASH->CR, FLASH_CR_STRT);
 605:Drivers/STM32F1xx_HAL_Driver/Src/stm32f1xx_hal_flash_ex.c ****     SET_BIT(FLASH->CR2, FLASH_CR2_STRT);
 606:Drivers/STM32F1xx_HAL_Driver/Src/stm32f1xx_hal_flash_ex.c ****   }
 607:Drivers/STM32F1xx_HAL_Driver/Src/stm32f1xx_hal_flash_ex.c ****   else if(Banks == FLASH_BANK_2)
 608:Drivers/STM32F1xx_HAL_Driver/Src/stm32f1xx_hal_flash_ex.c ****   {
 609:Drivers/STM32F1xx_HAL_Driver/Src/stm32f1xx_hal_flash_ex.c ****     /*Only bank2 will be erased*/
 610:Drivers/STM32F1xx_HAL_Driver/Src/stm32f1xx_hal_flash_ex.c ****     SET_BIT(FLASH->CR2, FLASH_CR2_MER);
 611:Drivers/STM32F1xx_HAL_Driver/Src/stm32f1xx_hal_flash_ex.c ****     SET_BIT(FLASH->CR2, FLASH_CR2_STRT);
 612:Drivers/STM32F1xx_HAL_Driver/Src/stm32f1xx_hal_flash_ex.c ****   }
 613:Drivers/STM32F1xx_HAL_Driver/Src/stm32f1xx_hal_flash_ex.c ****   else
 614:Drivers/STM32F1xx_HAL_Driver/Src/stm32f1xx_hal_flash_ex.c ****   {
 615:Drivers/STM32F1xx_HAL_Driver/Src/stm32f1xx_hal_flash_ex.c **** #endif /* FLASH_BANK2_END */
 616:Drivers/STM32F1xx_HAL_Driver/Src/stm32f1xx_hal_flash_ex.c **** #if !defined(FLASH_BANK2_END)
 617:Drivers/STM32F1xx_HAL_Driver/Src/stm32f1xx_hal_flash_ex.c ****   /* Prevent unused argument(s) compilation warning */
 618:Drivers/STM32F1xx_HAL_Driver/Src/stm32f1xx_hal_flash_ex.c ****   UNUSED(Banks);
  38              		.loc 1 618 3 is_stmt 1 view .LVU4
 619:Drivers/STM32F1xx_HAL_Driver/Src/stm32f1xx_hal_flash_ex.c **** #endif /* FLASH_BANK2_END */  
 620:Drivers/STM32F1xx_HAL_Driver/Src/stm32f1xx_hal_flash_ex.c ****     /* Only bank1 will be erased*/
 621:Drivers/STM32F1xx_HAL_Driver/Src/stm32f1xx_hal_flash_ex.c ****     SET_BIT(FLASH->CR, FLASH_CR_MER);
  39              		.loc 1 621 5 view .LVU5
  40 0006 064B     		ldr	r3, .L2+4
  41 0008 1A69     		ldr	r2, [r3, #16]
  42 000a 42F00402 		orr	r2, r2, #4
  43 000e 1A61     		str	r2, [r3, #16]
 622:Drivers/STM32F1xx_HAL_Driver/Src/stm32f1xx_hal_flash_ex.c ****     SET_BIT(FLASH->CR, FLASH_CR_STRT);
  44              		.loc 1 622 5 view .LVU6
  45 0010 1A69     		ldr	r2, [r3, #16]
  46 0012 42F04002 		orr	r2, r2, #64
  47 0016 1A61     		str	r2, [r3, #16]
 623:Drivers/STM32F1xx_HAL_Driver/Src/stm32f1xx_hal_flash_ex.c **** #if defined(FLASH_BANK2_END)
 624:Drivers/STM32F1xx_HAL_Driver/Src/stm32f1xx_hal_flash_ex.c ****   }
 625:Drivers/STM32F1xx_HAL_Driver/Src/stm32f1xx_hal_flash_ex.c **** #endif /* FLASH_BANK2_END */
 626:Drivers/STM32F1xx_HAL_Driver/Src/stm32f1xx_hal_flash_ex.c **** }
  48              		.loc 1 626 1 is_stmt 0 view .LVU7
  49 0018 7047     		bx	lr
  50              	.L3:
  51 001a 00BF     		.align	2
  52              	.L2:
  53 001c 00000000 		.word	pFlash
  54 0020 00200240 		.word	1073881088
  55              		.cfi_endproc
  56              	.LFE71:
  58              		.section	.text.FLASH_OB_GetWRP,"ax",%progbits
  59              		.align	1
  60              		.syntax unified
ARM GAS  /tmp/ccJhoDJv.s 			page 13


  61              		.thumb
  62              		.thumb_func
  64              	FLASH_OB_GetWRP:
  65              	.LFB77:
 627:Drivers/STM32F1xx_HAL_Driver/Src/stm32f1xx_hal_flash_ex.c **** 
 628:Drivers/STM32F1xx_HAL_Driver/Src/stm32f1xx_hal_flash_ex.c **** /**
 629:Drivers/STM32F1xx_HAL_Driver/Src/stm32f1xx_hal_flash_ex.c ****   * @brief  Enable the write protection of the desired pages
 630:Drivers/STM32F1xx_HAL_Driver/Src/stm32f1xx_hal_flash_ex.c ****   * @note   An option byte erase is done automatically in this function. 
 631:Drivers/STM32F1xx_HAL_Driver/Src/stm32f1xx_hal_flash_ex.c ****   * @note   When the memory read protection level is selected (RDP level = 1), 
 632:Drivers/STM32F1xx_HAL_Driver/Src/stm32f1xx_hal_flash_ex.c ****   *         it is not possible to program or erase the flash page i if
 633:Drivers/STM32F1xx_HAL_Driver/Src/stm32f1xx_hal_flash_ex.c ****   *         debug features are connected or boot code is executed in RAM, even if nWRPi = 1 
 634:Drivers/STM32F1xx_HAL_Driver/Src/stm32f1xx_hal_flash_ex.c ****   * 
 635:Drivers/STM32F1xx_HAL_Driver/Src/stm32f1xx_hal_flash_ex.c ****   * @param  WriteProtectPage specifies the page(s) to be write protected.
 636:Drivers/STM32F1xx_HAL_Driver/Src/stm32f1xx_hal_flash_ex.c ****   *         The value of this parameter depend on device used within the same series 
 637:Drivers/STM32F1xx_HAL_Driver/Src/stm32f1xx_hal_flash_ex.c ****   * @retval HAL status 
 638:Drivers/STM32F1xx_HAL_Driver/Src/stm32f1xx_hal_flash_ex.c ****   */
 639:Drivers/STM32F1xx_HAL_Driver/Src/stm32f1xx_hal_flash_ex.c **** static HAL_StatusTypeDef FLASH_OB_EnableWRP(uint32_t WriteProtectPage)
 640:Drivers/STM32F1xx_HAL_Driver/Src/stm32f1xx_hal_flash_ex.c **** {
 641:Drivers/STM32F1xx_HAL_Driver/Src/stm32f1xx_hal_flash_ex.c ****   HAL_StatusTypeDef status = HAL_OK;
 642:Drivers/STM32F1xx_HAL_Driver/Src/stm32f1xx_hal_flash_ex.c ****   uint16_t WRP0_Data = 0xFFFF;
 643:Drivers/STM32F1xx_HAL_Driver/Src/stm32f1xx_hal_flash_ex.c **** #if defined(FLASH_WRP1_WRP1)
 644:Drivers/STM32F1xx_HAL_Driver/Src/stm32f1xx_hal_flash_ex.c ****   uint16_t WRP1_Data = 0xFFFF;
 645:Drivers/STM32F1xx_HAL_Driver/Src/stm32f1xx_hal_flash_ex.c **** #endif /* FLASH_WRP1_WRP1 */
 646:Drivers/STM32F1xx_HAL_Driver/Src/stm32f1xx_hal_flash_ex.c **** #if defined(FLASH_WRP2_WRP2)
 647:Drivers/STM32F1xx_HAL_Driver/Src/stm32f1xx_hal_flash_ex.c ****   uint16_t WRP2_Data = 0xFFFF;
 648:Drivers/STM32F1xx_HAL_Driver/Src/stm32f1xx_hal_flash_ex.c **** #endif /* FLASH_WRP2_WRP2 */
 649:Drivers/STM32F1xx_HAL_Driver/Src/stm32f1xx_hal_flash_ex.c **** #if defined(FLASH_WRP3_WRP3)
 650:Drivers/STM32F1xx_HAL_Driver/Src/stm32f1xx_hal_flash_ex.c ****   uint16_t WRP3_Data = 0xFFFF;
 651:Drivers/STM32F1xx_HAL_Driver/Src/stm32f1xx_hal_flash_ex.c **** #endif /* FLASH_WRP3_WRP3 */
 652:Drivers/STM32F1xx_HAL_Driver/Src/stm32f1xx_hal_flash_ex.c ****   
 653:Drivers/STM32F1xx_HAL_Driver/Src/stm32f1xx_hal_flash_ex.c ****   /* Check the parameters */
 654:Drivers/STM32F1xx_HAL_Driver/Src/stm32f1xx_hal_flash_ex.c ****   assert_param(IS_OB_WRP(WriteProtectPage));
 655:Drivers/STM32F1xx_HAL_Driver/Src/stm32f1xx_hal_flash_ex.c ****     
 656:Drivers/STM32F1xx_HAL_Driver/Src/stm32f1xx_hal_flash_ex.c ****   /* Get current write protected pages and the new pages to be protected ******/
 657:Drivers/STM32F1xx_HAL_Driver/Src/stm32f1xx_hal_flash_ex.c ****   WriteProtectPage = (uint32_t)(~((~FLASH_OB_GetWRP()) | WriteProtectPage));
 658:Drivers/STM32F1xx_HAL_Driver/Src/stm32f1xx_hal_flash_ex.c ****   
 659:Drivers/STM32F1xx_HAL_Driver/Src/stm32f1xx_hal_flash_ex.c **** #if defined(OB_WRP_PAGES0TO15MASK)
 660:Drivers/STM32F1xx_HAL_Driver/Src/stm32f1xx_hal_flash_ex.c ****   WRP0_Data = (uint16_t)(WriteProtectPage & OB_WRP_PAGES0TO15MASK);
 661:Drivers/STM32F1xx_HAL_Driver/Src/stm32f1xx_hal_flash_ex.c **** #elif defined(OB_WRP_PAGES0TO31MASK)
 662:Drivers/STM32F1xx_HAL_Driver/Src/stm32f1xx_hal_flash_ex.c ****   WRP0_Data = (uint16_t)(WriteProtectPage & OB_WRP_PAGES0TO31MASK);
 663:Drivers/STM32F1xx_HAL_Driver/Src/stm32f1xx_hal_flash_ex.c **** #endif /* OB_WRP_PAGES0TO31MASK */
 664:Drivers/STM32F1xx_HAL_Driver/Src/stm32f1xx_hal_flash_ex.c ****   
 665:Drivers/STM32F1xx_HAL_Driver/Src/stm32f1xx_hal_flash_ex.c **** #if defined(OB_WRP_PAGES16TO31MASK)
 666:Drivers/STM32F1xx_HAL_Driver/Src/stm32f1xx_hal_flash_ex.c ****   WRP1_Data = (uint16_t)((WriteProtectPage & OB_WRP_PAGES16TO31MASK) >> 8U);
 667:Drivers/STM32F1xx_HAL_Driver/Src/stm32f1xx_hal_flash_ex.c **** #elif defined(OB_WRP_PAGES32TO63MASK)
 668:Drivers/STM32F1xx_HAL_Driver/Src/stm32f1xx_hal_flash_ex.c ****   WRP1_Data = (uint16_t)((WriteProtectPage & OB_WRP_PAGES32TO63MASK) >> 8U);
 669:Drivers/STM32F1xx_HAL_Driver/Src/stm32f1xx_hal_flash_ex.c **** #endif /* OB_WRP_PAGES32TO63MASK */
 670:Drivers/STM32F1xx_HAL_Driver/Src/stm32f1xx_hal_flash_ex.c ****  
 671:Drivers/STM32F1xx_HAL_Driver/Src/stm32f1xx_hal_flash_ex.c **** #if defined(OB_WRP_PAGES64TO95MASK)
 672:Drivers/STM32F1xx_HAL_Driver/Src/stm32f1xx_hal_flash_ex.c ****   WRP2_Data = (uint16_t)((WriteProtectPage & OB_WRP_PAGES64TO95MASK) >> 16U);
 673:Drivers/STM32F1xx_HAL_Driver/Src/stm32f1xx_hal_flash_ex.c **** #endif /* OB_WRP_PAGES64TO95MASK */
 674:Drivers/STM32F1xx_HAL_Driver/Src/stm32f1xx_hal_flash_ex.c **** #if defined(OB_WRP_PAGES32TO47MASK)
 675:Drivers/STM32F1xx_HAL_Driver/Src/stm32f1xx_hal_flash_ex.c ****   WRP2_Data = (uint16_t)((WriteProtectPage & OB_WRP_PAGES32TO47MASK) >> 16U);
 676:Drivers/STM32F1xx_HAL_Driver/Src/stm32f1xx_hal_flash_ex.c **** #endif /* OB_WRP_PAGES32TO47MASK */
 677:Drivers/STM32F1xx_HAL_Driver/Src/stm32f1xx_hal_flash_ex.c **** 
 678:Drivers/STM32F1xx_HAL_Driver/Src/stm32f1xx_hal_flash_ex.c **** #if defined(OB_WRP_PAGES96TO127MASK)
 679:Drivers/STM32F1xx_HAL_Driver/Src/stm32f1xx_hal_flash_ex.c ****   WRP3_Data = (uint16_t)((WriteProtectPage & OB_WRP_PAGES96TO127MASK) >> 24U); 
ARM GAS  /tmp/ccJhoDJv.s 			page 14


 680:Drivers/STM32F1xx_HAL_Driver/Src/stm32f1xx_hal_flash_ex.c **** #elif defined(OB_WRP_PAGES48TO255MASK)
 681:Drivers/STM32F1xx_HAL_Driver/Src/stm32f1xx_hal_flash_ex.c ****   WRP3_Data = (uint16_t)((WriteProtectPage & OB_WRP_PAGES48TO255MASK) >> 24U); 
 682:Drivers/STM32F1xx_HAL_Driver/Src/stm32f1xx_hal_flash_ex.c **** #elif defined(OB_WRP_PAGES48TO511MASK)
 683:Drivers/STM32F1xx_HAL_Driver/Src/stm32f1xx_hal_flash_ex.c ****   WRP3_Data = (uint16_t)((WriteProtectPage & OB_WRP_PAGES48TO511MASK) >> 24U); 
 684:Drivers/STM32F1xx_HAL_Driver/Src/stm32f1xx_hal_flash_ex.c **** #elif defined(OB_WRP_PAGES48TO127MASK)
 685:Drivers/STM32F1xx_HAL_Driver/Src/stm32f1xx_hal_flash_ex.c ****   WRP3_Data = (uint16_t)((WriteProtectPage & OB_WRP_PAGES48TO127MASK) >> 24U); 
 686:Drivers/STM32F1xx_HAL_Driver/Src/stm32f1xx_hal_flash_ex.c **** #endif /* OB_WRP_PAGES96TO127MASK */
 687:Drivers/STM32F1xx_HAL_Driver/Src/stm32f1xx_hal_flash_ex.c ****   
 688:Drivers/STM32F1xx_HAL_Driver/Src/stm32f1xx_hal_flash_ex.c ****   /* Wait for last operation to be completed */
 689:Drivers/STM32F1xx_HAL_Driver/Src/stm32f1xx_hal_flash_ex.c ****   status = FLASH_WaitForLastOperation((uint32_t)FLASH_TIMEOUT_VALUE);
 690:Drivers/STM32F1xx_HAL_Driver/Src/stm32f1xx_hal_flash_ex.c **** 
 691:Drivers/STM32F1xx_HAL_Driver/Src/stm32f1xx_hal_flash_ex.c ****   if(status == HAL_OK)
 692:Drivers/STM32F1xx_HAL_Driver/Src/stm32f1xx_hal_flash_ex.c ****   { 
 693:Drivers/STM32F1xx_HAL_Driver/Src/stm32f1xx_hal_flash_ex.c ****     /* Clean the error context */
 694:Drivers/STM32F1xx_HAL_Driver/Src/stm32f1xx_hal_flash_ex.c ****     pFlash.ErrorCode = HAL_FLASH_ERROR_NONE;
 695:Drivers/STM32F1xx_HAL_Driver/Src/stm32f1xx_hal_flash_ex.c **** 
 696:Drivers/STM32F1xx_HAL_Driver/Src/stm32f1xx_hal_flash_ex.c ****     /* To be able to write again option byte, need to perform a option byte erase */
 697:Drivers/STM32F1xx_HAL_Driver/Src/stm32f1xx_hal_flash_ex.c ****     status = HAL_FLASHEx_OBErase();
 698:Drivers/STM32F1xx_HAL_Driver/Src/stm32f1xx_hal_flash_ex.c ****     if (status == HAL_OK)  
 699:Drivers/STM32F1xx_HAL_Driver/Src/stm32f1xx_hal_flash_ex.c ****     {
 700:Drivers/STM32F1xx_HAL_Driver/Src/stm32f1xx_hal_flash_ex.c ****       /* Enable write protection */
 701:Drivers/STM32F1xx_HAL_Driver/Src/stm32f1xx_hal_flash_ex.c ****       SET_BIT(FLASH->CR, FLASH_CR_OPTPG);
 702:Drivers/STM32F1xx_HAL_Driver/Src/stm32f1xx_hal_flash_ex.c **** 
 703:Drivers/STM32F1xx_HAL_Driver/Src/stm32f1xx_hal_flash_ex.c **** #if defined(FLASH_WRP0_WRP0)
 704:Drivers/STM32F1xx_HAL_Driver/Src/stm32f1xx_hal_flash_ex.c ****       if(WRP0_Data != 0xFFU)
 705:Drivers/STM32F1xx_HAL_Driver/Src/stm32f1xx_hal_flash_ex.c ****       {
 706:Drivers/STM32F1xx_HAL_Driver/Src/stm32f1xx_hal_flash_ex.c ****         OB->WRP0 &= WRP0_Data;
 707:Drivers/STM32F1xx_HAL_Driver/Src/stm32f1xx_hal_flash_ex.c ****         
 708:Drivers/STM32F1xx_HAL_Driver/Src/stm32f1xx_hal_flash_ex.c ****         /* Wait for last operation to be completed */
 709:Drivers/STM32F1xx_HAL_Driver/Src/stm32f1xx_hal_flash_ex.c ****         status = FLASH_WaitForLastOperation((uint32_t)FLASH_TIMEOUT_VALUE);
 710:Drivers/STM32F1xx_HAL_Driver/Src/stm32f1xx_hal_flash_ex.c ****       }
 711:Drivers/STM32F1xx_HAL_Driver/Src/stm32f1xx_hal_flash_ex.c **** #endif /* FLASH_WRP0_WRP0 */
 712:Drivers/STM32F1xx_HAL_Driver/Src/stm32f1xx_hal_flash_ex.c **** 
 713:Drivers/STM32F1xx_HAL_Driver/Src/stm32f1xx_hal_flash_ex.c **** #if defined(FLASH_WRP1_WRP1)
 714:Drivers/STM32F1xx_HAL_Driver/Src/stm32f1xx_hal_flash_ex.c ****       if((status == HAL_OK) && (WRP1_Data != 0xFFU))
 715:Drivers/STM32F1xx_HAL_Driver/Src/stm32f1xx_hal_flash_ex.c ****       {
 716:Drivers/STM32F1xx_HAL_Driver/Src/stm32f1xx_hal_flash_ex.c ****         OB->WRP1 &= WRP1_Data;
 717:Drivers/STM32F1xx_HAL_Driver/Src/stm32f1xx_hal_flash_ex.c ****         
 718:Drivers/STM32F1xx_HAL_Driver/Src/stm32f1xx_hal_flash_ex.c ****         /* Wait for last operation to be completed */
 719:Drivers/STM32F1xx_HAL_Driver/Src/stm32f1xx_hal_flash_ex.c ****         status = FLASH_WaitForLastOperation((uint32_t)FLASH_TIMEOUT_VALUE);
 720:Drivers/STM32F1xx_HAL_Driver/Src/stm32f1xx_hal_flash_ex.c ****       }
 721:Drivers/STM32F1xx_HAL_Driver/Src/stm32f1xx_hal_flash_ex.c **** #endif /* FLASH_WRP1_WRP1 */
 722:Drivers/STM32F1xx_HAL_Driver/Src/stm32f1xx_hal_flash_ex.c **** 
 723:Drivers/STM32F1xx_HAL_Driver/Src/stm32f1xx_hal_flash_ex.c **** #if defined(FLASH_WRP2_WRP2)
 724:Drivers/STM32F1xx_HAL_Driver/Src/stm32f1xx_hal_flash_ex.c ****       if((status == HAL_OK) && (WRP2_Data != 0xFFU))
 725:Drivers/STM32F1xx_HAL_Driver/Src/stm32f1xx_hal_flash_ex.c ****       {
 726:Drivers/STM32F1xx_HAL_Driver/Src/stm32f1xx_hal_flash_ex.c ****         OB->WRP2 &= WRP2_Data;
 727:Drivers/STM32F1xx_HAL_Driver/Src/stm32f1xx_hal_flash_ex.c ****         
 728:Drivers/STM32F1xx_HAL_Driver/Src/stm32f1xx_hal_flash_ex.c ****         /* Wait for last operation to be completed */
 729:Drivers/STM32F1xx_HAL_Driver/Src/stm32f1xx_hal_flash_ex.c ****         status = FLASH_WaitForLastOperation((uint32_t)FLASH_TIMEOUT_VALUE);
 730:Drivers/STM32F1xx_HAL_Driver/Src/stm32f1xx_hal_flash_ex.c ****       }
 731:Drivers/STM32F1xx_HAL_Driver/Src/stm32f1xx_hal_flash_ex.c **** #endif /* FLASH_WRP2_WRP2 */
 732:Drivers/STM32F1xx_HAL_Driver/Src/stm32f1xx_hal_flash_ex.c **** 
 733:Drivers/STM32F1xx_HAL_Driver/Src/stm32f1xx_hal_flash_ex.c **** #if defined(FLASH_WRP3_WRP3)
 734:Drivers/STM32F1xx_HAL_Driver/Src/stm32f1xx_hal_flash_ex.c ****       if((status == HAL_OK) && (WRP3_Data != 0xFFU))
 735:Drivers/STM32F1xx_HAL_Driver/Src/stm32f1xx_hal_flash_ex.c ****       {
 736:Drivers/STM32F1xx_HAL_Driver/Src/stm32f1xx_hal_flash_ex.c ****         OB->WRP3 &= WRP3_Data;
ARM GAS  /tmp/ccJhoDJv.s 			page 15


 737:Drivers/STM32F1xx_HAL_Driver/Src/stm32f1xx_hal_flash_ex.c ****         
 738:Drivers/STM32F1xx_HAL_Driver/Src/stm32f1xx_hal_flash_ex.c ****         /* Wait for last operation to be completed */
 739:Drivers/STM32F1xx_HAL_Driver/Src/stm32f1xx_hal_flash_ex.c ****         status = FLASH_WaitForLastOperation((uint32_t)FLASH_TIMEOUT_VALUE);
 740:Drivers/STM32F1xx_HAL_Driver/Src/stm32f1xx_hal_flash_ex.c ****       }
 741:Drivers/STM32F1xx_HAL_Driver/Src/stm32f1xx_hal_flash_ex.c **** #endif /* FLASH_WRP3_WRP3 */
 742:Drivers/STM32F1xx_HAL_Driver/Src/stm32f1xx_hal_flash_ex.c **** 
 743:Drivers/STM32F1xx_HAL_Driver/Src/stm32f1xx_hal_flash_ex.c ****       /* if the program operation is completed, disable the OPTPG Bit */
 744:Drivers/STM32F1xx_HAL_Driver/Src/stm32f1xx_hal_flash_ex.c ****       CLEAR_BIT(FLASH->CR, FLASH_CR_OPTPG);
 745:Drivers/STM32F1xx_HAL_Driver/Src/stm32f1xx_hal_flash_ex.c ****     }
 746:Drivers/STM32F1xx_HAL_Driver/Src/stm32f1xx_hal_flash_ex.c ****   }
 747:Drivers/STM32F1xx_HAL_Driver/Src/stm32f1xx_hal_flash_ex.c ****   
 748:Drivers/STM32F1xx_HAL_Driver/Src/stm32f1xx_hal_flash_ex.c ****   return status;
 749:Drivers/STM32F1xx_HAL_Driver/Src/stm32f1xx_hal_flash_ex.c **** }
 750:Drivers/STM32F1xx_HAL_Driver/Src/stm32f1xx_hal_flash_ex.c **** 
 751:Drivers/STM32F1xx_HAL_Driver/Src/stm32f1xx_hal_flash_ex.c **** /**
 752:Drivers/STM32F1xx_HAL_Driver/Src/stm32f1xx_hal_flash_ex.c ****   * @brief  Disable the write protection of the desired pages
 753:Drivers/STM32F1xx_HAL_Driver/Src/stm32f1xx_hal_flash_ex.c ****   * @note   An option byte erase is done automatically in this function. 
 754:Drivers/STM32F1xx_HAL_Driver/Src/stm32f1xx_hal_flash_ex.c ****   * @note   When the memory read protection level is selected (RDP level = 1), 
 755:Drivers/STM32F1xx_HAL_Driver/Src/stm32f1xx_hal_flash_ex.c ****   *         it is not possible to program or erase the flash page i if   
 756:Drivers/STM32F1xx_HAL_Driver/Src/stm32f1xx_hal_flash_ex.c ****   *         debug features are connected or boot code is executed in RAM, even if nWRPi = 1 
 757:Drivers/STM32F1xx_HAL_Driver/Src/stm32f1xx_hal_flash_ex.c ****   * 
 758:Drivers/STM32F1xx_HAL_Driver/Src/stm32f1xx_hal_flash_ex.c ****   * @param  WriteProtectPage specifies the page(s) to be write unprotected.
 759:Drivers/STM32F1xx_HAL_Driver/Src/stm32f1xx_hal_flash_ex.c ****   *         The value of this parameter depend on device used within the same series 
 760:Drivers/STM32F1xx_HAL_Driver/Src/stm32f1xx_hal_flash_ex.c ****   * @retval HAL status 
 761:Drivers/STM32F1xx_HAL_Driver/Src/stm32f1xx_hal_flash_ex.c ****   */
 762:Drivers/STM32F1xx_HAL_Driver/Src/stm32f1xx_hal_flash_ex.c **** static HAL_StatusTypeDef FLASH_OB_DisableWRP(uint32_t WriteProtectPage)
 763:Drivers/STM32F1xx_HAL_Driver/Src/stm32f1xx_hal_flash_ex.c **** {
 764:Drivers/STM32F1xx_HAL_Driver/Src/stm32f1xx_hal_flash_ex.c ****   HAL_StatusTypeDef status = HAL_OK;
 765:Drivers/STM32F1xx_HAL_Driver/Src/stm32f1xx_hal_flash_ex.c ****   uint16_t WRP0_Data = 0xFFFF;
 766:Drivers/STM32F1xx_HAL_Driver/Src/stm32f1xx_hal_flash_ex.c **** #if defined(FLASH_WRP1_WRP1)
 767:Drivers/STM32F1xx_HAL_Driver/Src/stm32f1xx_hal_flash_ex.c ****   uint16_t WRP1_Data = 0xFFFF;
 768:Drivers/STM32F1xx_HAL_Driver/Src/stm32f1xx_hal_flash_ex.c **** #endif /* FLASH_WRP1_WRP1 */
 769:Drivers/STM32F1xx_HAL_Driver/Src/stm32f1xx_hal_flash_ex.c **** #if defined(FLASH_WRP2_WRP2)
 770:Drivers/STM32F1xx_HAL_Driver/Src/stm32f1xx_hal_flash_ex.c ****   uint16_t WRP2_Data = 0xFFFF;
 771:Drivers/STM32F1xx_HAL_Driver/Src/stm32f1xx_hal_flash_ex.c **** #endif /* FLASH_WRP2_WRP2 */
 772:Drivers/STM32F1xx_HAL_Driver/Src/stm32f1xx_hal_flash_ex.c **** #if defined(FLASH_WRP3_WRP3)
 773:Drivers/STM32F1xx_HAL_Driver/Src/stm32f1xx_hal_flash_ex.c ****   uint16_t WRP3_Data = 0xFFFF;
 774:Drivers/STM32F1xx_HAL_Driver/Src/stm32f1xx_hal_flash_ex.c **** #endif /* FLASH_WRP3_WRP3 */
 775:Drivers/STM32F1xx_HAL_Driver/Src/stm32f1xx_hal_flash_ex.c ****   
 776:Drivers/STM32F1xx_HAL_Driver/Src/stm32f1xx_hal_flash_ex.c ****   /* Check the parameters */
 777:Drivers/STM32F1xx_HAL_Driver/Src/stm32f1xx_hal_flash_ex.c ****   assert_param(IS_OB_WRP(WriteProtectPage));
 778:Drivers/STM32F1xx_HAL_Driver/Src/stm32f1xx_hal_flash_ex.c **** 
 779:Drivers/STM32F1xx_HAL_Driver/Src/stm32f1xx_hal_flash_ex.c ****   /* Get current write protected pages and the new pages to be unprotected ******/
 780:Drivers/STM32F1xx_HAL_Driver/Src/stm32f1xx_hal_flash_ex.c ****   WriteProtectPage = (FLASH_OB_GetWRP() | WriteProtectPage);
 781:Drivers/STM32F1xx_HAL_Driver/Src/stm32f1xx_hal_flash_ex.c **** 
 782:Drivers/STM32F1xx_HAL_Driver/Src/stm32f1xx_hal_flash_ex.c **** #if defined(OB_WRP_PAGES0TO15MASK)
 783:Drivers/STM32F1xx_HAL_Driver/Src/stm32f1xx_hal_flash_ex.c ****   WRP0_Data = (uint16_t)(WriteProtectPage & OB_WRP_PAGES0TO15MASK);
 784:Drivers/STM32F1xx_HAL_Driver/Src/stm32f1xx_hal_flash_ex.c **** #elif defined(OB_WRP_PAGES0TO31MASK)
 785:Drivers/STM32F1xx_HAL_Driver/Src/stm32f1xx_hal_flash_ex.c ****   WRP0_Data = (uint16_t)(WriteProtectPage & OB_WRP_PAGES0TO31MASK);
 786:Drivers/STM32F1xx_HAL_Driver/Src/stm32f1xx_hal_flash_ex.c **** #endif /* OB_WRP_PAGES0TO31MASK */
 787:Drivers/STM32F1xx_HAL_Driver/Src/stm32f1xx_hal_flash_ex.c ****   
 788:Drivers/STM32F1xx_HAL_Driver/Src/stm32f1xx_hal_flash_ex.c **** #if defined(OB_WRP_PAGES16TO31MASK)
 789:Drivers/STM32F1xx_HAL_Driver/Src/stm32f1xx_hal_flash_ex.c ****   WRP1_Data = (uint16_t)((WriteProtectPage & OB_WRP_PAGES16TO31MASK) >> 8U);
 790:Drivers/STM32F1xx_HAL_Driver/Src/stm32f1xx_hal_flash_ex.c **** #elif defined(OB_WRP_PAGES32TO63MASK)
 791:Drivers/STM32F1xx_HAL_Driver/Src/stm32f1xx_hal_flash_ex.c ****   WRP1_Data = (uint16_t)((WriteProtectPage & OB_WRP_PAGES32TO63MASK) >> 8U);
 792:Drivers/STM32F1xx_HAL_Driver/Src/stm32f1xx_hal_flash_ex.c **** #endif /* OB_WRP_PAGES32TO63MASK */
 793:Drivers/STM32F1xx_HAL_Driver/Src/stm32f1xx_hal_flash_ex.c ****  
ARM GAS  /tmp/ccJhoDJv.s 			page 16


 794:Drivers/STM32F1xx_HAL_Driver/Src/stm32f1xx_hal_flash_ex.c **** #if defined(OB_WRP_PAGES64TO95MASK)
 795:Drivers/STM32F1xx_HAL_Driver/Src/stm32f1xx_hal_flash_ex.c ****   WRP2_Data = (uint16_t)((WriteProtectPage & OB_WRP_PAGES64TO95MASK) >> 16U);
 796:Drivers/STM32F1xx_HAL_Driver/Src/stm32f1xx_hal_flash_ex.c **** #endif /* OB_WRP_PAGES64TO95MASK */
 797:Drivers/STM32F1xx_HAL_Driver/Src/stm32f1xx_hal_flash_ex.c **** #if defined(OB_WRP_PAGES32TO47MASK)
 798:Drivers/STM32F1xx_HAL_Driver/Src/stm32f1xx_hal_flash_ex.c ****   WRP2_Data = (uint16_t)((WriteProtectPage & OB_WRP_PAGES32TO47MASK) >> 16U);
 799:Drivers/STM32F1xx_HAL_Driver/Src/stm32f1xx_hal_flash_ex.c **** #endif /* OB_WRP_PAGES32TO47MASK */
 800:Drivers/STM32F1xx_HAL_Driver/Src/stm32f1xx_hal_flash_ex.c **** 
 801:Drivers/STM32F1xx_HAL_Driver/Src/stm32f1xx_hal_flash_ex.c **** #if defined(OB_WRP_PAGES96TO127MASK)
 802:Drivers/STM32F1xx_HAL_Driver/Src/stm32f1xx_hal_flash_ex.c ****   WRP3_Data = (uint16_t)((WriteProtectPage & OB_WRP_PAGES96TO127MASK) >> 24U); 
 803:Drivers/STM32F1xx_HAL_Driver/Src/stm32f1xx_hal_flash_ex.c **** #elif defined(OB_WRP_PAGES48TO255MASK)
 804:Drivers/STM32F1xx_HAL_Driver/Src/stm32f1xx_hal_flash_ex.c ****   WRP3_Data = (uint16_t)((WriteProtectPage & OB_WRP_PAGES48TO255MASK) >> 24U); 
 805:Drivers/STM32F1xx_HAL_Driver/Src/stm32f1xx_hal_flash_ex.c **** #elif defined(OB_WRP_PAGES48TO511MASK)
 806:Drivers/STM32F1xx_HAL_Driver/Src/stm32f1xx_hal_flash_ex.c ****   WRP3_Data = (uint16_t)((WriteProtectPage & OB_WRP_PAGES48TO511MASK) >> 24U); 
 807:Drivers/STM32F1xx_HAL_Driver/Src/stm32f1xx_hal_flash_ex.c **** #elif defined(OB_WRP_PAGES48TO127MASK)
 808:Drivers/STM32F1xx_HAL_Driver/Src/stm32f1xx_hal_flash_ex.c ****   WRP3_Data = (uint16_t)((WriteProtectPage & OB_WRP_PAGES48TO127MASK) >> 24U); 
 809:Drivers/STM32F1xx_HAL_Driver/Src/stm32f1xx_hal_flash_ex.c **** #endif /* OB_WRP_PAGES96TO127MASK */
 810:Drivers/STM32F1xx_HAL_Driver/Src/stm32f1xx_hal_flash_ex.c **** 
 811:Drivers/STM32F1xx_HAL_Driver/Src/stm32f1xx_hal_flash_ex.c ****     
 812:Drivers/STM32F1xx_HAL_Driver/Src/stm32f1xx_hal_flash_ex.c ****   /* Wait for last operation to be completed */
 813:Drivers/STM32F1xx_HAL_Driver/Src/stm32f1xx_hal_flash_ex.c ****   status = FLASH_WaitForLastOperation((uint32_t)FLASH_TIMEOUT_VALUE);
 814:Drivers/STM32F1xx_HAL_Driver/Src/stm32f1xx_hal_flash_ex.c **** 
 815:Drivers/STM32F1xx_HAL_Driver/Src/stm32f1xx_hal_flash_ex.c ****   if(status == HAL_OK)
 816:Drivers/STM32F1xx_HAL_Driver/Src/stm32f1xx_hal_flash_ex.c ****   { 
 817:Drivers/STM32F1xx_HAL_Driver/Src/stm32f1xx_hal_flash_ex.c ****     /* Clean the error context */
 818:Drivers/STM32F1xx_HAL_Driver/Src/stm32f1xx_hal_flash_ex.c ****     pFlash.ErrorCode = HAL_FLASH_ERROR_NONE;
 819:Drivers/STM32F1xx_HAL_Driver/Src/stm32f1xx_hal_flash_ex.c **** 
 820:Drivers/STM32F1xx_HAL_Driver/Src/stm32f1xx_hal_flash_ex.c ****     /* To be able to write again option byte, need to perform a option byte erase */
 821:Drivers/STM32F1xx_HAL_Driver/Src/stm32f1xx_hal_flash_ex.c ****     status = HAL_FLASHEx_OBErase();
 822:Drivers/STM32F1xx_HAL_Driver/Src/stm32f1xx_hal_flash_ex.c ****     if (status == HAL_OK)  
 823:Drivers/STM32F1xx_HAL_Driver/Src/stm32f1xx_hal_flash_ex.c ****     {
 824:Drivers/STM32F1xx_HAL_Driver/Src/stm32f1xx_hal_flash_ex.c ****       SET_BIT(FLASH->CR, FLASH_CR_OPTPG);
 825:Drivers/STM32F1xx_HAL_Driver/Src/stm32f1xx_hal_flash_ex.c **** 
 826:Drivers/STM32F1xx_HAL_Driver/Src/stm32f1xx_hal_flash_ex.c **** #if defined(FLASH_WRP0_WRP0)
 827:Drivers/STM32F1xx_HAL_Driver/Src/stm32f1xx_hal_flash_ex.c ****       if(WRP0_Data != 0xFFU)
 828:Drivers/STM32F1xx_HAL_Driver/Src/stm32f1xx_hal_flash_ex.c ****       {
 829:Drivers/STM32F1xx_HAL_Driver/Src/stm32f1xx_hal_flash_ex.c ****         OB->WRP0 |= WRP0_Data;
 830:Drivers/STM32F1xx_HAL_Driver/Src/stm32f1xx_hal_flash_ex.c ****         
 831:Drivers/STM32F1xx_HAL_Driver/Src/stm32f1xx_hal_flash_ex.c ****         /* Wait for last operation to be completed */
 832:Drivers/STM32F1xx_HAL_Driver/Src/stm32f1xx_hal_flash_ex.c ****         status = FLASH_WaitForLastOperation((uint32_t)FLASH_TIMEOUT_VALUE);
 833:Drivers/STM32F1xx_HAL_Driver/Src/stm32f1xx_hal_flash_ex.c ****       }
 834:Drivers/STM32F1xx_HAL_Driver/Src/stm32f1xx_hal_flash_ex.c **** #endif /* FLASH_WRP0_WRP0 */
 835:Drivers/STM32F1xx_HAL_Driver/Src/stm32f1xx_hal_flash_ex.c **** 
 836:Drivers/STM32F1xx_HAL_Driver/Src/stm32f1xx_hal_flash_ex.c **** #if defined(FLASH_WRP1_WRP1)
 837:Drivers/STM32F1xx_HAL_Driver/Src/stm32f1xx_hal_flash_ex.c ****       if((status == HAL_OK) && (WRP1_Data != 0xFFU))
 838:Drivers/STM32F1xx_HAL_Driver/Src/stm32f1xx_hal_flash_ex.c ****       {
 839:Drivers/STM32F1xx_HAL_Driver/Src/stm32f1xx_hal_flash_ex.c ****         OB->WRP1 |= WRP1_Data;
 840:Drivers/STM32F1xx_HAL_Driver/Src/stm32f1xx_hal_flash_ex.c ****         
 841:Drivers/STM32F1xx_HAL_Driver/Src/stm32f1xx_hal_flash_ex.c ****         /* Wait for last operation to be completed */
 842:Drivers/STM32F1xx_HAL_Driver/Src/stm32f1xx_hal_flash_ex.c ****         status = FLASH_WaitForLastOperation((uint32_t)FLASH_TIMEOUT_VALUE);
 843:Drivers/STM32F1xx_HAL_Driver/Src/stm32f1xx_hal_flash_ex.c ****       }
 844:Drivers/STM32F1xx_HAL_Driver/Src/stm32f1xx_hal_flash_ex.c **** #endif /* FLASH_WRP1_WRP1 */
 845:Drivers/STM32F1xx_HAL_Driver/Src/stm32f1xx_hal_flash_ex.c **** 
 846:Drivers/STM32F1xx_HAL_Driver/Src/stm32f1xx_hal_flash_ex.c **** #if defined(FLASH_WRP2_WRP2)
 847:Drivers/STM32F1xx_HAL_Driver/Src/stm32f1xx_hal_flash_ex.c ****       if((status == HAL_OK) && (WRP2_Data != 0xFFU))
 848:Drivers/STM32F1xx_HAL_Driver/Src/stm32f1xx_hal_flash_ex.c ****       {
 849:Drivers/STM32F1xx_HAL_Driver/Src/stm32f1xx_hal_flash_ex.c ****         OB->WRP2 |= WRP2_Data;
 850:Drivers/STM32F1xx_HAL_Driver/Src/stm32f1xx_hal_flash_ex.c ****         
ARM GAS  /tmp/ccJhoDJv.s 			page 17


 851:Drivers/STM32F1xx_HAL_Driver/Src/stm32f1xx_hal_flash_ex.c ****         /* Wait for last operation to be completed */
 852:Drivers/STM32F1xx_HAL_Driver/Src/stm32f1xx_hal_flash_ex.c ****         status = FLASH_WaitForLastOperation((uint32_t)FLASH_TIMEOUT_VALUE);
 853:Drivers/STM32F1xx_HAL_Driver/Src/stm32f1xx_hal_flash_ex.c ****       }
 854:Drivers/STM32F1xx_HAL_Driver/Src/stm32f1xx_hal_flash_ex.c **** #endif /* FLASH_WRP2_WRP2 */
 855:Drivers/STM32F1xx_HAL_Driver/Src/stm32f1xx_hal_flash_ex.c **** 
 856:Drivers/STM32F1xx_HAL_Driver/Src/stm32f1xx_hal_flash_ex.c **** #if defined(FLASH_WRP3_WRP3)
 857:Drivers/STM32F1xx_HAL_Driver/Src/stm32f1xx_hal_flash_ex.c ****       if((status == HAL_OK) && (WRP3_Data != 0xFFU))
 858:Drivers/STM32F1xx_HAL_Driver/Src/stm32f1xx_hal_flash_ex.c ****       {
 859:Drivers/STM32F1xx_HAL_Driver/Src/stm32f1xx_hal_flash_ex.c ****         OB->WRP3 |= WRP3_Data;
 860:Drivers/STM32F1xx_HAL_Driver/Src/stm32f1xx_hal_flash_ex.c ****         
 861:Drivers/STM32F1xx_HAL_Driver/Src/stm32f1xx_hal_flash_ex.c ****         /* Wait for last operation to be completed */
 862:Drivers/STM32F1xx_HAL_Driver/Src/stm32f1xx_hal_flash_ex.c ****         status = FLASH_WaitForLastOperation((uint32_t)FLASH_TIMEOUT_VALUE);
 863:Drivers/STM32F1xx_HAL_Driver/Src/stm32f1xx_hal_flash_ex.c ****       }
 864:Drivers/STM32F1xx_HAL_Driver/Src/stm32f1xx_hal_flash_ex.c **** #endif /* FLASH_WRP3_WRP3 */
 865:Drivers/STM32F1xx_HAL_Driver/Src/stm32f1xx_hal_flash_ex.c **** 
 866:Drivers/STM32F1xx_HAL_Driver/Src/stm32f1xx_hal_flash_ex.c ****       /* if the program operation is completed, disable the OPTPG Bit */
 867:Drivers/STM32F1xx_HAL_Driver/Src/stm32f1xx_hal_flash_ex.c ****       CLEAR_BIT(FLASH->CR, FLASH_CR_OPTPG);
 868:Drivers/STM32F1xx_HAL_Driver/Src/stm32f1xx_hal_flash_ex.c ****     }
 869:Drivers/STM32F1xx_HAL_Driver/Src/stm32f1xx_hal_flash_ex.c ****   }
 870:Drivers/STM32F1xx_HAL_Driver/Src/stm32f1xx_hal_flash_ex.c ****   return status;
 871:Drivers/STM32F1xx_HAL_Driver/Src/stm32f1xx_hal_flash_ex.c **** }
 872:Drivers/STM32F1xx_HAL_Driver/Src/stm32f1xx_hal_flash_ex.c **** 
 873:Drivers/STM32F1xx_HAL_Driver/Src/stm32f1xx_hal_flash_ex.c **** /**
 874:Drivers/STM32F1xx_HAL_Driver/Src/stm32f1xx_hal_flash_ex.c ****   * @brief  Set the read protection level.
 875:Drivers/STM32F1xx_HAL_Driver/Src/stm32f1xx_hal_flash_ex.c ****   * @param  ReadProtectLevel specifies the read protection level.
 876:Drivers/STM32F1xx_HAL_Driver/Src/stm32f1xx_hal_flash_ex.c ****   *         This parameter can be one of the following values:
 877:Drivers/STM32F1xx_HAL_Driver/Src/stm32f1xx_hal_flash_ex.c ****   *            @arg @ref OB_RDP_LEVEL_0 No protection
 878:Drivers/STM32F1xx_HAL_Driver/Src/stm32f1xx_hal_flash_ex.c ****   *            @arg @ref OB_RDP_LEVEL_1 Read protection of the memory
 879:Drivers/STM32F1xx_HAL_Driver/Src/stm32f1xx_hal_flash_ex.c ****   * @retval HAL status
 880:Drivers/STM32F1xx_HAL_Driver/Src/stm32f1xx_hal_flash_ex.c ****   */
 881:Drivers/STM32F1xx_HAL_Driver/Src/stm32f1xx_hal_flash_ex.c **** static HAL_StatusTypeDef FLASH_OB_RDP_LevelConfig(uint8_t ReadProtectLevel)
 882:Drivers/STM32F1xx_HAL_Driver/Src/stm32f1xx_hal_flash_ex.c **** {
 883:Drivers/STM32F1xx_HAL_Driver/Src/stm32f1xx_hal_flash_ex.c ****   HAL_StatusTypeDef status = HAL_OK;
 884:Drivers/STM32F1xx_HAL_Driver/Src/stm32f1xx_hal_flash_ex.c ****   
 885:Drivers/STM32F1xx_HAL_Driver/Src/stm32f1xx_hal_flash_ex.c ****   /* Check the parameters */
 886:Drivers/STM32F1xx_HAL_Driver/Src/stm32f1xx_hal_flash_ex.c ****   assert_param(IS_OB_RDP_LEVEL(ReadProtectLevel));
 887:Drivers/STM32F1xx_HAL_Driver/Src/stm32f1xx_hal_flash_ex.c ****   
 888:Drivers/STM32F1xx_HAL_Driver/Src/stm32f1xx_hal_flash_ex.c ****   /* Wait for last operation to be completed */
 889:Drivers/STM32F1xx_HAL_Driver/Src/stm32f1xx_hal_flash_ex.c ****   status = FLASH_WaitForLastOperation((uint32_t)FLASH_TIMEOUT_VALUE);
 890:Drivers/STM32F1xx_HAL_Driver/Src/stm32f1xx_hal_flash_ex.c ****   
 891:Drivers/STM32F1xx_HAL_Driver/Src/stm32f1xx_hal_flash_ex.c ****   if(status == HAL_OK)
 892:Drivers/STM32F1xx_HAL_Driver/Src/stm32f1xx_hal_flash_ex.c ****   { 
 893:Drivers/STM32F1xx_HAL_Driver/Src/stm32f1xx_hal_flash_ex.c ****     /* Clean the error context */
 894:Drivers/STM32F1xx_HAL_Driver/Src/stm32f1xx_hal_flash_ex.c ****     pFlash.ErrorCode = HAL_FLASH_ERROR_NONE;
 895:Drivers/STM32F1xx_HAL_Driver/Src/stm32f1xx_hal_flash_ex.c ****     
 896:Drivers/STM32F1xx_HAL_Driver/Src/stm32f1xx_hal_flash_ex.c ****     /* If the previous operation is completed, proceed to erase the option bytes */
 897:Drivers/STM32F1xx_HAL_Driver/Src/stm32f1xx_hal_flash_ex.c ****     SET_BIT(FLASH->CR, FLASH_CR_OPTER);
 898:Drivers/STM32F1xx_HAL_Driver/Src/stm32f1xx_hal_flash_ex.c ****     SET_BIT(FLASH->CR, FLASH_CR_STRT);
 899:Drivers/STM32F1xx_HAL_Driver/Src/stm32f1xx_hal_flash_ex.c **** 
 900:Drivers/STM32F1xx_HAL_Driver/Src/stm32f1xx_hal_flash_ex.c ****     /* Wait for last operation to be completed */
 901:Drivers/STM32F1xx_HAL_Driver/Src/stm32f1xx_hal_flash_ex.c ****     status = FLASH_WaitForLastOperation((uint32_t)FLASH_TIMEOUT_VALUE);
 902:Drivers/STM32F1xx_HAL_Driver/Src/stm32f1xx_hal_flash_ex.c **** 
 903:Drivers/STM32F1xx_HAL_Driver/Src/stm32f1xx_hal_flash_ex.c ****     /* If the erase operation is completed, disable the OPTER Bit */
 904:Drivers/STM32F1xx_HAL_Driver/Src/stm32f1xx_hal_flash_ex.c ****     CLEAR_BIT(FLASH->CR, FLASH_CR_OPTER);
 905:Drivers/STM32F1xx_HAL_Driver/Src/stm32f1xx_hal_flash_ex.c **** 
 906:Drivers/STM32F1xx_HAL_Driver/Src/stm32f1xx_hal_flash_ex.c ****     if(status == HAL_OK)
 907:Drivers/STM32F1xx_HAL_Driver/Src/stm32f1xx_hal_flash_ex.c ****     {
ARM GAS  /tmp/ccJhoDJv.s 			page 18


 908:Drivers/STM32F1xx_HAL_Driver/Src/stm32f1xx_hal_flash_ex.c ****       /* Enable the Option Bytes Programming operation */
 909:Drivers/STM32F1xx_HAL_Driver/Src/stm32f1xx_hal_flash_ex.c ****       SET_BIT(FLASH->CR, FLASH_CR_OPTPG);
 910:Drivers/STM32F1xx_HAL_Driver/Src/stm32f1xx_hal_flash_ex.c ****       
 911:Drivers/STM32F1xx_HAL_Driver/Src/stm32f1xx_hal_flash_ex.c ****       WRITE_REG(OB->RDP, ReadProtectLevel);
 912:Drivers/STM32F1xx_HAL_Driver/Src/stm32f1xx_hal_flash_ex.c ****       
 913:Drivers/STM32F1xx_HAL_Driver/Src/stm32f1xx_hal_flash_ex.c ****       /* Wait for last operation to be completed */
 914:Drivers/STM32F1xx_HAL_Driver/Src/stm32f1xx_hal_flash_ex.c ****       status = FLASH_WaitForLastOperation((uint32_t)FLASH_TIMEOUT_VALUE); 
 915:Drivers/STM32F1xx_HAL_Driver/Src/stm32f1xx_hal_flash_ex.c ****       
 916:Drivers/STM32F1xx_HAL_Driver/Src/stm32f1xx_hal_flash_ex.c ****       /* if the program operation is completed, disable the OPTPG Bit */
 917:Drivers/STM32F1xx_HAL_Driver/Src/stm32f1xx_hal_flash_ex.c ****       CLEAR_BIT(FLASH->CR, FLASH_CR_OPTPG);
 918:Drivers/STM32F1xx_HAL_Driver/Src/stm32f1xx_hal_flash_ex.c ****     }
 919:Drivers/STM32F1xx_HAL_Driver/Src/stm32f1xx_hal_flash_ex.c ****   }
 920:Drivers/STM32F1xx_HAL_Driver/Src/stm32f1xx_hal_flash_ex.c ****   
 921:Drivers/STM32F1xx_HAL_Driver/Src/stm32f1xx_hal_flash_ex.c ****   return status;
 922:Drivers/STM32F1xx_HAL_Driver/Src/stm32f1xx_hal_flash_ex.c **** }
 923:Drivers/STM32F1xx_HAL_Driver/Src/stm32f1xx_hal_flash_ex.c **** 
 924:Drivers/STM32F1xx_HAL_Driver/Src/stm32f1xx_hal_flash_ex.c **** /**
 925:Drivers/STM32F1xx_HAL_Driver/Src/stm32f1xx_hal_flash_ex.c ****   * @brief  Program the FLASH User Option Byte.    
 926:Drivers/STM32F1xx_HAL_Driver/Src/stm32f1xx_hal_flash_ex.c ****   * @note   Programming of the OB should be performed only after an erase (otherwise PGERR occurs)
 927:Drivers/STM32F1xx_HAL_Driver/Src/stm32f1xx_hal_flash_ex.c ****   * @param  UserConfig The FLASH User Option Bytes values FLASH_OBR_IWDG_SW(Bit2), 
 928:Drivers/STM32F1xx_HAL_Driver/Src/stm32f1xx_hal_flash_ex.c ****   *         FLASH_OBR_nRST_STOP(Bit3),FLASH_OBR_nRST_STDBY(Bit4).
 929:Drivers/STM32F1xx_HAL_Driver/Src/stm32f1xx_hal_flash_ex.c ****   *         And BFBF2(Bit5) for STM32F101xG and STM32F103xG . 
 930:Drivers/STM32F1xx_HAL_Driver/Src/stm32f1xx_hal_flash_ex.c ****   * @retval HAL status
 931:Drivers/STM32F1xx_HAL_Driver/Src/stm32f1xx_hal_flash_ex.c ****   */
 932:Drivers/STM32F1xx_HAL_Driver/Src/stm32f1xx_hal_flash_ex.c **** static HAL_StatusTypeDef FLASH_OB_UserConfig(uint8_t UserConfig)
 933:Drivers/STM32F1xx_HAL_Driver/Src/stm32f1xx_hal_flash_ex.c **** {
 934:Drivers/STM32F1xx_HAL_Driver/Src/stm32f1xx_hal_flash_ex.c ****   HAL_StatusTypeDef status = HAL_OK;
 935:Drivers/STM32F1xx_HAL_Driver/Src/stm32f1xx_hal_flash_ex.c **** 
 936:Drivers/STM32F1xx_HAL_Driver/Src/stm32f1xx_hal_flash_ex.c ****   /* Check the parameters */
 937:Drivers/STM32F1xx_HAL_Driver/Src/stm32f1xx_hal_flash_ex.c ****   assert_param(IS_OB_IWDG_SOURCE((UserConfig&OB_IWDG_SW)));
 938:Drivers/STM32F1xx_HAL_Driver/Src/stm32f1xx_hal_flash_ex.c ****   assert_param(IS_OB_STOP_SOURCE((UserConfig&OB_STOP_NO_RST)));
 939:Drivers/STM32F1xx_HAL_Driver/Src/stm32f1xx_hal_flash_ex.c ****   assert_param(IS_OB_STDBY_SOURCE((UserConfig&OB_STDBY_NO_RST)));
 940:Drivers/STM32F1xx_HAL_Driver/Src/stm32f1xx_hal_flash_ex.c **** #if defined(FLASH_BANK2_END)
 941:Drivers/STM32F1xx_HAL_Driver/Src/stm32f1xx_hal_flash_ex.c ****   assert_param(IS_OB_BOOT1((UserConfig&OB_BOOT1_SET)));
 942:Drivers/STM32F1xx_HAL_Driver/Src/stm32f1xx_hal_flash_ex.c **** #endif /* FLASH_BANK2_END */
 943:Drivers/STM32F1xx_HAL_Driver/Src/stm32f1xx_hal_flash_ex.c **** 
 944:Drivers/STM32F1xx_HAL_Driver/Src/stm32f1xx_hal_flash_ex.c ****   /* Wait for last operation to be completed */
 945:Drivers/STM32F1xx_HAL_Driver/Src/stm32f1xx_hal_flash_ex.c ****   status = FLASH_WaitForLastOperation((uint32_t)FLASH_TIMEOUT_VALUE);
 946:Drivers/STM32F1xx_HAL_Driver/Src/stm32f1xx_hal_flash_ex.c ****   
 947:Drivers/STM32F1xx_HAL_Driver/Src/stm32f1xx_hal_flash_ex.c ****   if(status == HAL_OK)
 948:Drivers/STM32F1xx_HAL_Driver/Src/stm32f1xx_hal_flash_ex.c ****   {     
 949:Drivers/STM32F1xx_HAL_Driver/Src/stm32f1xx_hal_flash_ex.c ****     /* Clean the error context */
 950:Drivers/STM32F1xx_HAL_Driver/Src/stm32f1xx_hal_flash_ex.c ****     pFlash.ErrorCode = HAL_FLASH_ERROR_NONE;
 951:Drivers/STM32F1xx_HAL_Driver/Src/stm32f1xx_hal_flash_ex.c **** 
 952:Drivers/STM32F1xx_HAL_Driver/Src/stm32f1xx_hal_flash_ex.c ****     /* Enable the Option Bytes Programming operation */
 953:Drivers/STM32F1xx_HAL_Driver/Src/stm32f1xx_hal_flash_ex.c ****     SET_BIT(FLASH->CR, FLASH_CR_OPTPG); 
 954:Drivers/STM32F1xx_HAL_Driver/Src/stm32f1xx_hal_flash_ex.c ****  
 955:Drivers/STM32F1xx_HAL_Driver/Src/stm32f1xx_hal_flash_ex.c **** #if defined(FLASH_BANK2_END)
 956:Drivers/STM32F1xx_HAL_Driver/Src/stm32f1xx_hal_flash_ex.c ****     OB->USER = (UserConfig | 0xF0U);
 957:Drivers/STM32F1xx_HAL_Driver/Src/stm32f1xx_hal_flash_ex.c **** #else
 958:Drivers/STM32F1xx_HAL_Driver/Src/stm32f1xx_hal_flash_ex.c ****     OB->USER = (UserConfig | 0x88U);
 959:Drivers/STM32F1xx_HAL_Driver/Src/stm32f1xx_hal_flash_ex.c **** #endif /* FLASH_BANK2_END */
 960:Drivers/STM32F1xx_HAL_Driver/Src/stm32f1xx_hal_flash_ex.c **** 
 961:Drivers/STM32F1xx_HAL_Driver/Src/stm32f1xx_hal_flash_ex.c ****     /* Wait for last operation to be completed */
 962:Drivers/STM32F1xx_HAL_Driver/Src/stm32f1xx_hal_flash_ex.c ****     status = FLASH_WaitForLastOperation((uint32_t)FLASH_TIMEOUT_VALUE);
 963:Drivers/STM32F1xx_HAL_Driver/Src/stm32f1xx_hal_flash_ex.c **** 
 964:Drivers/STM32F1xx_HAL_Driver/Src/stm32f1xx_hal_flash_ex.c ****     /* if the program operation is completed, disable the OPTPG Bit */
ARM GAS  /tmp/ccJhoDJv.s 			page 19


 965:Drivers/STM32F1xx_HAL_Driver/Src/stm32f1xx_hal_flash_ex.c ****     CLEAR_BIT(FLASH->CR, FLASH_CR_OPTPG);
 966:Drivers/STM32F1xx_HAL_Driver/Src/stm32f1xx_hal_flash_ex.c ****   }
 967:Drivers/STM32F1xx_HAL_Driver/Src/stm32f1xx_hal_flash_ex.c ****   
 968:Drivers/STM32F1xx_HAL_Driver/Src/stm32f1xx_hal_flash_ex.c ****   return status; 
 969:Drivers/STM32F1xx_HAL_Driver/Src/stm32f1xx_hal_flash_ex.c **** }
 970:Drivers/STM32F1xx_HAL_Driver/Src/stm32f1xx_hal_flash_ex.c **** 
 971:Drivers/STM32F1xx_HAL_Driver/Src/stm32f1xx_hal_flash_ex.c **** /**
 972:Drivers/STM32F1xx_HAL_Driver/Src/stm32f1xx_hal_flash_ex.c ****   * @brief  Programs a half word at a specified Option Byte Data address.
 973:Drivers/STM32F1xx_HAL_Driver/Src/stm32f1xx_hal_flash_ex.c ****   * @note   The function @ref HAL_FLASH_Unlock() should be called before to unlock the FLASH interf
 974:Drivers/STM32F1xx_HAL_Driver/Src/stm32f1xx_hal_flash_ex.c ****   *         The function @ref HAL_FLASH_OB_Unlock() should be called before to unlock the options b
 975:Drivers/STM32F1xx_HAL_Driver/Src/stm32f1xx_hal_flash_ex.c ****   *         The function @ref HAL_FLASH_OB_Launch() should be called after to force the reload of t
 976:Drivers/STM32F1xx_HAL_Driver/Src/stm32f1xx_hal_flash_ex.c ****   *         (system reset will occur)
 977:Drivers/STM32F1xx_HAL_Driver/Src/stm32f1xx_hal_flash_ex.c ****   *         Programming of the OB should be performed only after an erase (otherwise PGERR occurs)
 978:Drivers/STM32F1xx_HAL_Driver/Src/stm32f1xx_hal_flash_ex.c ****   * @param  Address specifies the address to be programmed.
 979:Drivers/STM32F1xx_HAL_Driver/Src/stm32f1xx_hal_flash_ex.c ****   *         This parameter can be 0x1FFFF804 or 0x1FFFF806. 
 980:Drivers/STM32F1xx_HAL_Driver/Src/stm32f1xx_hal_flash_ex.c ****   * @param  Data specifies the data to be programmed.
 981:Drivers/STM32F1xx_HAL_Driver/Src/stm32f1xx_hal_flash_ex.c ****   * @retval HAL status
 982:Drivers/STM32F1xx_HAL_Driver/Src/stm32f1xx_hal_flash_ex.c ****   */
 983:Drivers/STM32F1xx_HAL_Driver/Src/stm32f1xx_hal_flash_ex.c **** static HAL_StatusTypeDef FLASH_OB_ProgramData(uint32_t Address, uint8_t Data)
 984:Drivers/STM32F1xx_HAL_Driver/Src/stm32f1xx_hal_flash_ex.c **** {
 985:Drivers/STM32F1xx_HAL_Driver/Src/stm32f1xx_hal_flash_ex.c ****   HAL_StatusTypeDef status = HAL_ERROR;
 986:Drivers/STM32F1xx_HAL_Driver/Src/stm32f1xx_hal_flash_ex.c ****   
 987:Drivers/STM32F1xx_HAL_Driver/Src/stm32f1xx_hal_flash_ex.c ****   /* Check the parameters */
 988:Drivers/STM32F1xx_HAL_Driver/Src/stm32f1xx_hal_flash_ex.c ****   assert_param(IS_OB_DATA_ADDRESS(Address));
 989:Drivers/STM32F1xx_HAL_Driver/Src/stm32f1xx_hal_flash_ex.c ****   
 990:Drivers/STM32F1xx_HAL_Driver/Src/stm32f1xx_hal_flash_ex.c ****   /* Wait for last operation to be completed */
 991:Drivers/STM32F1xx_HAL_Driver/Src/stm32f1xx_hal_flash_ex.c ****   status = FLASH_WaitForLastOperation((uint32_t)FLASH_TIMEOUT_VALUE);
 992:Drivers/STM32F1xx_HAL_Driver/Src/stm32f1xx_hal_flash_ex.c ****   
 993:Drivers/STM32F1xx_HAL_Driver/Src/stm32f1xx_hal_flash_ex.c ****   if(status == HAL_OK)
 994:Drivers/STM32F1xx_HAL_Driver/Src/stm32f1xx_hal_flash_ex.c ****   {
 995:Drivers/STM32F1xx_HAL_Driver/Src/stm32f1xx_hal_flash_ex.c ****     /* Clean the error context */
 996:Drivers/STM32F1xx_HAL_Driver/Src/stm32f1xx_hal_flash_ex.c ****     pFlash.ErrorCode = HAL_FLASH_ERROR_NONE;
 997:Drivers/STM32F1xx_HAL_Driver/Src/stm32f1xx_hal_flash_ex.c **** 
 998:Drivers/STM32F1xx_HAL_Driver/Src/stm32f1xx_hal_flash_ex.c ****     /* Enables the Option Bytes Programming operation */
 999:Drivers/STM32F1xx_HAL_Driver/Src/stm32f1xx_hal_flash_ex.c ****     SET_BIT(FLASH->CR, FLASH_CR_OPTPG); 
1000:Drivers/STM32F1xx_HAL_Driver/Src/stm32f1xx_hal_flash_ex.c ****     *(__IO uint16_t*)Address = Data;
1001:Drivers/STM32F1xx_HAL_Driver/Src/stm32f1xx_hal_flash_ex.c ****     
1002:Drivers/STM32F1xx_HAL_Driver/Src/stm32f1xx_hal_flash_ex.c ****     /* Wait for last operation to be completed */
1003:Drivers/STM32F1xx_HAL_Driver/Src/stm32f1xx_hal_flash_ex.c ****     status = FLASH_WaitForLastOperation((uint32_t)FLASH_TIMEOUT_VALUE);
1004:Drivers/STM32F1xx_HAL_Driver/Src/stm32f1xx_hal_flash_ex.c ****     
1005:Drivers/STM32F1xx_HAL_Driver/Src/stm32f1xx_hal_flash_ex.c ****     /* If the program operation is completed, disable the OPTPG Bit */
1006:Drivers/STM32F1xx_HAL_Driver/Src/stm32f1xx_hal_flash_ex.c ****     CLEAR_BIT(FLASH->CR, FLASH_CR_OPTPG);
1007:Drivers/STM32F1xx_HAL_Driver/Src/stm32f1xx_hal_flash_ex.c ****   }
1008:Drivers/STM32F1xx_HAL_Driver/Src/stm32f1xx_hal_flash_ex.c ****   /* Return the Option Byte Data Program Status */
1009:Drivers/STM32F1xx_HAL_Driver/Src/stm32f1xx_hal_flash_ex.c ****   return status;
1010:Drivers/STM32F1xx_HAL_Driver/Src/stm32f1xx_hal_flash_ex.c **** }
1011:Drivers/STM32F1xx_HAL_Driver/Src/stm32f1xx_hal_flash_ex.c **** 
1012:Drivers/STM32F1xx_HAL_Driver/Src/stm32f1xx_hal_flash_ex.c **** /**
1013:Drivers/STM32F1xx_HAL_Driver/Src/stm32f1xx_hal_flash_ex.c ****   * @brief  Return the FLASH Write Protection Option Bytes value.
1014:Drivers/STM32F1xx_HAL_Driver/Src/stm32f1xx_hal_flash_ex.c ****   * @retval The FLASH Write Protection Option Bytes value
1015:Drivers/STM32F1xx_HAL_Driver/Src/stm32f1xx_hal_flash_ex.c ****   */
1016:Drivers/STM32F1xx_HAL_Driver/Src/stm32f1xx_hal_flash_ex.c **** static uint32_t FLASH_OB_GetWRP(void)
1017:Drivers/STM32F1xx_HAL_Driver/Src/stm32f1xx_hal_flash_ex.c **** {
  66              		.loc 1 1017 1 is_stmt 1 view -0
  67              		.cfi_startproc
  68              		@ args = 0, pretend = 0, frame = 0
  69              		@ frame_needed = 0, uses_anonymous_args = 0
ARM GAS  /tmp/ccJhoDJv.s 			page 20


  70              		@ link register save eliminated.
1018:Drivers/STM32F1xx_HAL_Driver/Src/stm32f1xx_hal_flash_ex.c ****   /* Return the FLASH write protection Register value */
1019:Drivers/STM32F1xx_HAL_Driver/Src/stm32f1xx_hal_flash_ex.c ****   return (uint32_t)(READ_REG(FLASH->WRPR));
  71              		.loc 1 1019 3 view .LVU9
1020:Drivers/STM32F1xx_HAL_Driver/Src/stm32f1xx_hal_flash_ex.c **** }
  72              		.loc 1 1020 1 is_stmt 0 view .LVU10
  73 0000 014B     		ldr	r3, .L5
  74 0002 186A     		ldr	r0, [r3, #32]
  75 0004 7047     		bx	lr
  76              	.L6:
  77 0006 00BF     		.align	2
  78              	.L5:
  79 0008 00200240 		.word	1073881088
  80              		.cfi_endproc
  81              	.LFE77:
  83              		.section	.text.FLASH_OB_GetRDP,"ax",%progbits
  84              		.align	1
  85              		.syntax unified
  86              		.thumb
  87              		.thumb_func
  89              	FLASH_OB_GetRDP:
  90              	.LFB78:
1021:Drivers/STM32F1xx_HAL_Driver/Src/stm32f1xx_hal_flash_ex.c **** 
1022:Drivers/STM32F1xx_HAL_Driver/Src/stm32f1xx_hal_flash_ex.c **** /**
1023:Drivers/STM32F1xx_HAL_Driver/Src/stm32f1xx_hal_flash_ex.c ****   * @brief  Returns the FLASH Read Protection level.
1024:Drivers/STM32F1xx_HAL_Driver/Src/stm32f1xx_hal_flash_ex.c ****   * @retval FLASH RDP level
1025:Drivers/STM32F1xx_HAL_Driver/Src/stm32f1xx_hal_flash_ex.c ****   *         This parameter can be one of the following values:
1026:Drivers/STM32F1xx_HAL_Driver/Src/stm32f1xx_hal_flash_ex.c ****   *            @arg @ref OB_RDP_LEVEL_0 No protection
1027:Drivers/STM32F1xx_HAL_Driver/Src/stm32f1xx_hal_flash_ex.c ****   *            @arg @ref OB_RDP_LEVEL_1 Read protection of the memory
1028:Drivers/STM32F1xx_HAL_Driver/Src/stm32f1xx_hal_flash_ex.c ****   */
1029:Drivers/STM32F1xx_HAL_Driver/Src/stm32f1xx_hal_flash_ex.c **** static uint32_t FLASH_OB_GetRDP(void)
1030:Drivers/STM32F1xx_HAL_Driver/Src/stm32f1xx_hal_flash_ex.c **** {
  91              		.loc 1 1030 1 is_stmt 1 view -0
  92              		.cfi_startproc
  93              		@ args = 0, pretend = 0, frame = 0
  94              		@ frame_needed = 0, uses_anonymous_args = 0
  95              		@ link register save eliminated.
1031:Drivers/STM32F1xx_HAL_Driver/Src/stm32f1xx_hal_flash_ex.c ****   uint32_t readstatus = OB_RDP_LEVEL_0;
  96              		.loc 1 1031 3 view .LVU12
  97              	.LVL1:
1032:Drivers/STM32F1xx_HAL_Driver/Src/stm32f1xx_hal_flash_ex.c ****   uint32_t tmp_reg = 0U;
  98              		.loc 1 1032 3 view .LVU13
1033:Drivers/STM32F1xx_HAL_Driver/Src/stm32f1xx_hal_flash_ex.c ****   
1034:Drivers/STM32F1xx_HAL_Driver/Src/stm32f1xx_hal_flash_ex.c ****   /* Read RDP level bits */
1035:Drivers/STM32F1xx_HAL_Driver/Src/stm32f1xx_hal_flash_ex.c ****   tmp_reg = READ_BIT(FLASH->OBR, FLASH_OBR_RDPRT);
  99              		.loc 1 1035 3 view .LVU14
 100              		.loc 1 1035 13 is_stmt 0 view .LVU15
 101 0000 044B     		ldr	r3, .L10
 102 0002 DB69     		ldr	r3, [r3, #28]
 103              	.LVL2:
1036:Drivers/STM32F1xx_HAL_Driver/Src/stm32f1xx_hal_flash_ex.c **** 
1037:Drivers/STM32F1xx_HAL_Driver/Src/stm32f1xx_hal_flash_ex.c ****   if (tmp_reg == FLASH_OBR_RDPRT)
 104              		.loc 1 1037 3 is_stmt 1 view .LVU16
 105              		.loc 1 1037 6 is_stmt 0 view .LVU17
 106 0004 13F0020F 		tst	r3, #2
 107 0008 01D0     		beq	.L9
1038:Drivers/STM32F1xx_HAL_Driver/Src/stm32f1xx_hal_flash_ex.c ****   {
ARM GAS  /tmp/ccJhoDJv.s 			page 21


1039:Drivers/STM32F1xx_HAL_Driver/Src/stm32f1xx_hal_flash_ex.c ****     readstatus = OB_RDP_LEVEL_1;
 108              		.loc 1 1039 16 view .LVU18
 109 000a 0020     		movs	r0, #0
 110 000c 7047     		bx	lr
 111              	.L9:
1040:Drivers/STM32F1xx_HAL_Driver/Src/stm32f1xx_hal_flash_ex.c ****   }
1041:Drivers/STM32F1xx_HAL_Driver/Src/stm32f1xx_hal_flash_ex.c ****   else 
1042:Drivers/STM32F1xx_HAL_Driver/Src/stm32f1xx_hal_flash_ex.c ****   {
1043:Drivers/STM32F1xx_HAL_Driver/Src/stm32f1xx_hal_flash_ex.c ****     readstatus = OB_RDP_LEVEL_0;
 112              		.loc 1 1043 16 view .LVU19
 113 000e A520     		movs	r0, #165
1044:Drivers/STM32F1xx_HAL_Driver/Src/stm32f1xx_hal_flash_ex.c ****   }
1045:Drivers/STM32F1xx_HAL_Driver/Src/stm32f1xx_hal_flash_ex.c **** 
1046:Drivers/STM32F1xx_HAL_Driver/Src/stm32f1xx_hal_flash_ex.c ****   return readstatus;
 114              		.loc 1 1046 3 is_stmt 1 view .LVU20
1047:Drivers/STM32F1xx_HAL_Driver/Src/stm32f1xx_hal_flash_ex.c **** }
 115              		.loc 1 1047 1 is_stmt 0 view .LVU21
 116 0010 7047     		bx	lr
 117              	.L11:
 118 0012 00BF     		.align	2
 119              	.L10:
 120 0014 00200240 		.word	1073881088
 121              		.cfi_endproc
 122              	.LFE78:
 124              		.section	.text.FLASH_OB_GetUser,"ax",%progbits
 125              		.align	1
 126              		.syntax unified
 127              		.thumb
 128              		.thumb_func
 130              	FLASH_OB_GetUser:
 131              	.LFB79:
1048:Drivers/STM32F1xx_HAL_Driver/Src/stm32f1xx_hal_flash_ex.c **** 
1049:Drivers/STM32F1xx_HAL_Driver/Src/stm32f1xx_hal_flash_ex.c **** /**
1050:Drivers/STM32F1xx_HAL_Driver/Src/stm32f1xx_hal_flash_ex.c ****   * @brief  Return the FLASH User Option Byte value.
1051:Drivers/STM32F1xx_HAL_Driver/Src/stm32f1xx_hal_flash_ex.c ****   * @retval The FLASH User Option Bytes values: FLASH_OBR_IWDG_SW(Bit2), 
1052:Drivers/STM32F1xx_HAL_Driver/Src/stm32f1xx_hal_flash_ex.c ****   *         FLASH_OBR_nRST_STOP(Bit3),FLASH_OBR_nRST_STDBY(Bit4).
1053:Drivers/STM32F1xx_HAL_Driver/Src/stm32f1xx_hal_flash_ex.c ****   *         And FLASH_OBR_BFB2(Bit5) for STM32F101xG and STM32F103xG . 
1054:Drivers/STM32F1xx_HAL_Driver/Src/stm32f1xx_hal_flash_ex.c ****   */
1055:Drivers/STM32F1xx_HAL_Driver/Src/stm32f1xx_hal_flash_ex.c **** static uint8_t FLASH_OB_GetUser(void)
1056:Drivers/STM32F1xx_HAL_Driver/Src/stm32f1xx_hal_flash_ex.c **** {
 132              		.loc 1 1056 1 is_stmt 1 view -0
 133              		.cfi_startproc
 134              		@ args = 0, pretend = 0, frame = 0
 135              		@ frame_needed = 0, uses_anonymous_args = 0
 136              		@ link register save eliminated.
1057:Drivers/STM32F1xx_HAL_Driver/Src/stm32f1xx_hal_flash_ex.c ****   /* Return the User Option Byte */
1058:Drivers/STM32F1xx_HAL_Driver/Src/stm32f1xx_hal_flash_ex.c ****   return (uint8_t)((READ_REG(FLASH->OBR) & FLASH_OBR_USER) >> FLASH_POSITION_IWDGSW_BIT);
 137              		.loc 1 1058 3 view .LVU23
 138              		.loc 1 1058 21 is_stmt 0 view .LVU24
 139 0000 024B     		ldr	r3, .L13
 140 0002 D869     		ldr	r0, [r3, #28]
1059:Drivers/STM32F1xx_HAL_Driver/Src/stm32f1xx_hal_flash_ex.c **** }
 141              		.loc 1 1059 1 view .LVU25
 142 0004 C0F38200 		ubfx	r0, r0, #2, #3
 143 0008 7047     		bx	lr
 144              	.L14:
 145 000a 00BF     		.align	2
ARM GAS  /tmp/ccJhoDJv.s 			page 22


 146              	.L13:
 147 000c 00200240 		.word	1073881088
 148              		.cfi_endproc
 149              	.LFE79:
 151              		.section	.text.FLASH_OB_RDP_LevelConfig,"ax",%progbits
 152              		.align	1
 153              		.syntax unified
 154              		.thumb
 155              		.thumb_func
 157              	FLASH_OB_RDP_LevelConfig:
 158              	.LVL3:
 159              	.LFB74:
 882:Drivers/STM32F1xx_HAL_Driver/Src/stm32f1xx_hal_flash_ex.c ****   HAL_StatusTypeDef status = HAL_OK;
 160              		.loc 1 882 1 is_stmt 1 view -0
 161              		.cfi_startproc
 162              		@ args = 0, pretend = 0, frame = 0
 163              		@ frame_needed = 0, uses_anonymous_args = 0
 882:Drivers/STM32F1xx_HAL_Driver/Src/stm32f1xx_hal_flash_ex.c ****   HAL_StatusTypeDef status = HAL_OK;
 164              		.loc 1 882 1 is_stmt 0 view .LVU27
 165 0000 38B5     		push	{r3, r4, r5, lr}
 166              	.LCFI0:
 167              		.cfi_def_cfa_offset 16
 168              		.cfi_offset 3, -16
 169              		.cfi_offset 4, -12
 170              		.cfi_offset 5, -8
 171              		.cfi_offset 14, -4
 172 0002 0546     		mov	r5, r0
 883:Drivers/STM32F1xx_HAL_Driver/Src/stm32f1xx_hal_flash_ex.c ****   
 173              		.loc 1 883 3 is_stmt 1 view .LVU28
 174              	.LVL4:
 886:Drivers/STM32F1xx_HAL_Driver/Src/stm32f1xx_hal_flash_ex.c ****   
 175              		.loc 1 886 3 view .LVU29
 889:Drivers/STM32F1xx_HAL_Driver/Src/stm32f1xx_hal_flash_ex.c ****   
 176              		.loc 1 889 3 view .LVU30
 889:Drivers/STM32F1xx_HAL_Driver/Src/stm32f1xx_hal_flash_ex.c ****   
 177              		.loc 1 889 12 is_stmt 0 view .LVU31
 178 0004 4CF25030 		movw	r0, #50000
 179              	.LVL5:
 889:Drivers/STM32F1xx_HAL_Driver/Src/stm32f1xx_hal_flash_ex.c ****   
 180              		.loc 1 889 12 view .LVU32
 181 0008 FFF7FEFF 		bl	FLASH_WaitForLastOperation
 182              	.LVL6:
 891:Drivers/STM32F1xx_HAL_Driver/Src/stm32f1xx_hal_flash_ex.c ****   { 
 183              		.loc 1 891 3 is_stmt 1 view .LVU33
 891:Drivers/STM32F1xx_HAL_Driver/Src/stm32f1xx_hal_flash_ex.c ****   { 
 184              		.loc 1 891 5 is_stmt 0 view .LVU34
 185 000c 00B1     		cbz	r0, .L18
 186              	.LVL7:
 187              	.L16:
 921:Drivers/STM32F1xx_HAL_Driver/Src/stm32f1xx_hal_flash_ex.c **** }
 188              		.loc 1 921 3 is_stmt 1 view .LVU35
 922:Drivers/STM32F1xx_HAL_Driver/Src/stm32f1xx_hal_flash_ex.c **** 
 189              		.loc 1 922 1 is_stmt 0 view .LVU36
 190 000e 38BD     		pop	{r3, r4, r5, pc}
 191              	.LVL8:
 192              	.L18:
 894:Drivers/STM32F1xx_HAL_Driver/Src/stm32f1xx_hal_flash_ex.c ****     
ARM GAS  /tmp/ccJhoDJv.s 			page 23


 193              		.loc 1 894 5 is_stmt 1 view .LVU37
 894:Drivers/STM32F1xx_HAL_Driver/Src/stm32f1xx_hal_flash_ex.c ****     
 194              		.loc 1 894 22 is_stmt 0 view .LVU38
 195 0010 124B     		ldr	r3, .L19
 196 0012 0022     		movs	r2, #0
 197 0014 DA61     		str	r2, [r3, #28]
 897:Drivers/STM32F1xx_HAL_Driver/Src/stm32f1xx_hal_flash_ex.c ****     SET_BIT(FLASH->CR, FLASH_CR_STRT);
 198              		.loc 1 897 5 is_stmt 1 view .LVU39
 199 0016 124C     		ldr	r4, .L19+4
 200 0018 2369     		ldr	r3, [r4, #16]
 201 001a 43F02003 		orr	r3, r3, #32
 202 001e 2361     		str	r3, [r4, #16]
 898:Drivers/STM32F1xx_HAL_Driver/Src/stm32f1xx_hal_flash_ex.c **** 
 203              		.loc 1 898 5 view .LVU40
 204 0020 2369     		ldr	r3, [r4, #16]
 205 0022 43F04003 		orr	r3, r3, #64
 206 0026 2361     		str	r3, [r4, #16]
 901:Drivers/STM32F1xx_HAL_Driver/Src/stm32f1xx_hal_flash_ex.c **** 
 207              		.loc 1 901 5 view .LVU41
 901:Drivers/STM32F1xx_HAL_Driver/Src/stm32f1xx_hal_flash_ex.c **** 
 208              		.loc 1 901 14 is_stmt 0 view .LVU42
 209 0028 4CF25030 		movw	r0, #50000
 210 002c FFF7FEFF 		bl	FLASH_WaitForLastOperation
 211              	.LVL9:
 904:Drivers/STM32F1xx_HAL_Driver/Src/stm32f1xx_hal_flash_ex.c **** 
 212              		.loc 1 904 5 is_stmt 1 view .LVU43
 213 0030 2369     		ldr	r3, [r4, #16]
 214 0032 23F02003 		bic	r3, r3, #32
 215 0036 2361     		str	r3, [r4, #16]
 906:Drivers/STM32F1xx_HAL_Driver/Src/stm32f1xx_hal_flash_ex.c ****     {
 216              		.loc 1 906 5 view .LVU44
 906:Drivers/STM32F1xx_HAL_Driver/Src/stm32f1xx_hal_flash_ex.c ****     {
 217              		.loc 1 906 7 is_stmt 0 view .LVU45
 218 0038 0028     		cmp	r0, #0
 219 003a E8D1     		bne	.L16
 909:Drivers/STM32F1xx_HAL_Driver/Src/stm32f1xx_hal_flash_ex.c ****       
 220              		.loc 1 909 7 is_stmt 1 view .LVU46
 221 003c 2369     		ldr	r3, [r4, #16]
 222 003e 43F01003 		orr	r3, r3, #16
 223 0042 2361     		str	r3, [r4, #16]
 911:Drivers/STM32F1xx_HAL_Driver/Src/stm32f1xx_hal_flash_ex.c ****       
 224              		.loc 1 911 7 view .LVU47
 225 0044 074B     		ldr	r3, .L19+8
 226 0046 1D80     		strh	r5, [r3]	@ movhi
 914:Drivers/STM32F1xx_HAL_Driver/Src/stm32f1xx_hal_flash_ex.c ****       
 227              		.loc 1 914 7 view .LVU48
 914:Drivers/STM32F1xx_HAL_Driver/Src/stm32f1xx_hal_flash_ex.c ****       
 228              		.loc 1 914 16 is_stmt 0 view .LVU49
 229 0048 4CF25030 		movw	r0, #50000
 230              	.LVL10:
 914:Drivers/STM32F1xx_HAL_Driver/Src/stm32f1xx_hal_flash_ex.c ****       
 231              		.loc 1 914 16 view .LVU50
 232 004c FFF7FEFF 		bl	FLASH_WaitForLastOperation
 233              	.LVL11:
 917:Drivers/STM32F1xx_HAL_Driver/Src/stm32f1xx_hal_flash_ex.c ****     }
 234              		.loc 1 917 7 is_stmt 1 view .LVU51
 235 0050 2369     		ldr	r3, [r4, #16]
ARM GAS  /tmp/ccJhoDJv.s 			page 24


 236 0052 23F01003 		bic	r3, r3, #16
 237 0056 2361     		str	r3, [r4, #16]
 238 0058 D9E7     		b	.L16
 239              	.L20:
 240 005a 00BF     		.align	2
 241              	.L19:
 242 005c 00000000 		.word	pFlash
 243 0060 00200240 		.word	1073881088
 244 0064 00F8FF1F 		.word	536868864
 245              		.cfi_endproc
 246              	.LFE74:
 248              		.section	.text.FLASH_OB_UserConfig,"ax",%progbits
 249              		.align	1
 250              		.syntax unified
 251              		.thumb
 252              		.thumb_func
 254              	FLASH_OB_UserConfig:
 255              	.LVL12:
 256              	.LFB75:
 933:Drivers/STM32F1xx_HAL_Driver/Src/stm32f1xx_hal_flash_ex.c ****   HAL_StatusTypeDef status = HAL_OK;
 257              		.loc 1 933 1 view -0
 258              		.cfi_startproc
 259              		@ args = 0, pretend = 0, frame = 0
 260              		@ frame_needed = 0, uses_anonymous_args = 0
 933:Drivers/STM32F1xx_HAL_Driver/Src/stm32f1xx_hal_flash_ex.c ****   HAL_StatusTypeDef status = HAL_OK;
 261              		.loc 1 933 1 is_stmt 0 view .LVU53
 262 0000 38B5     		push	{r3, r4, r5, lr}
 263              	.LCFI1:
 264              		.cfi_def_cfa_offset 16
 265              		.cfi_offset 3, -16
 266              		.cfi_offset 4, -12
 267              		.cfi_offset 5, -8
 268              		.cfi_offset 14, -4
 269 0002 0546     		mov	r5, r0
 934:Drivers/STM32F1xx_HAL_Driver/Src/stm32f1xx_hal_flash_ex.c **** 
 270              		.loc 1 934 3 is_stmt 1 view .LVU54
 271              	.LVL13:
 937:Drivers/STM32F1xx_HAL_Driver/Src/stm32f1xx_hal_flash_ex.c ****   assert_param(IS_OB_STOP_SOURCE((UserConfig&OB_STOP_NO_RST)));
 272              		.loc 1 937 3 view .LVU55
 938:Drivers/STM32F1xx_HAL_Driver/Src/stm32f1xx_hal_flash_ex.c ****   assert_param(IS_OB_STDBY_SOURCE((UserConfig&OB_STDBY_NO_RST)));
 273              		.loc 1 938 3 view .LVU56
 939:Drivers/STM32F1xx_HAL_Driver/Src/stm32f1xx_hal_flash_ex.c **** #if defined(FLASH_BANK2_END)
 274              		.loc 1 939 3 view .LVU57
 945:Drivers/STM32F1xx_HAL_Driver/Src/stm32f1xx_hal_flash_ex.c ****   
 275              		.loc 1 945 3 view .LVU58
 945:Drivers/STM32F1xx_HAL_Driver/Src/stm32f1xx_hal_flash_ex.c ****   
 276              		.loc 1 945 12 is_stmt 0 view .LVU59
 277 0004 4CF25030 		movw	r0, #50000
 278              	.LVL14:
 945:Drivers/STM32F1xx_HAL_Driver/Src/stm32f1xx_hal_flash_ex.c ****   
 279              		.loc 1 945 12 view .LVU60
 280 0008 FFF7FEFF 		bl	FLASH_WaitForLastOperation
 281              	.LVL15:
 947:Drivers/STM32F1xx_HAL_Driver/Src/stm32f1xx_hal_flash_ex.c ****   {     
 282              		.loc 1 947 3 is_stmt 1 view .LVU61
 947:Drivers/STM32F1xx_HAL_Driver/Src/stm32f1xx_hal_flash_ex.c ****   {     
 283              		.loc 1 947 5 is_stmt 0 view .LVU62
ARM GAS  /tmp/ccJhoDJv.s 			page 25


 284 000c 00B1     		cbz	r0, .L24
 285              	.LVL16:
 286              	.L22:
 968:Drivers/STM32F1xx_HAL_Driver/Src/stm32f1xx_hal_flash_ex.c **** }
 287              		.loc 1 968 3 is_stmt 1 view .LVU63
 969:Drivers/STM32F1xx_HAL_Driver/Src/stm32f1xx_hal_flash_ex.c **** 
 288              		.loc 1 969 1 is_stmt 0 view .LVU64
 289 000e 38BD     		pop	{r3, r4, r5, pc}
 290              	.LVL17:
 291              	.L24:
 950:Drivers/STM32F1xx_HAL_Driver/Src/stm32f1xx_hal_flash_ex.c **** 
 292              		.loc 1 950 5 is_stmt 1 view .LVU65
 950:Drivers/STM32F1xx_HAL_Driver/Src/stm32f1xx_hal_flash_ex.c **** 
 293              		.loc 1 950 22 is_stmt 0 view .LVU66
 294 0010 0A4B     		ldr	r3, .L25
 295 0012 0022     		movs	r2, #0
 296 0014 DA61     		str	r2, [r3, #28]
 953:Drivers/STM32F1xx_HAL_Driver/Src/stm32f1xx_hal_flash_ex.c ****  
 297              		.loc 1 953 5 is_stmt 1 view .LVU67
 298 0016 0A4C     		ldr	r4, .L25+4
 299 0018 2369     		ldr	r3, [r4, #16]
 300 001a 43F01003 		orr	r3, r3, #16
 301 001e 2361     		str	r3, [r4, #16]
 958:Drivers/STM32F1xx_HAL_Driver/Src/stm32f1xx_hal_flash_ex.c **** #endif /* FLASH_BANK2_END */
 302              		.loc 1 958 5 view .LVU68
 958:Drivers/STM32F1xx_HAL_Driver/Src/stm32f1xx_hal_flash_ex.c **** #endif /* FLASH_BANK2_END */
 303              		.loc 1 958 14 is_stmt 0 view .LVU69
 304 0020 45F08800 		orr	r0, r5, #136
 305 0024 074B     		ldr	r3, .L25+8
 306 0026 5880     		strh	r0, [r3, #2]	@ movhi
 962:Drivers/STM32F1xx_HAL_Driver/Src/stm32f1xx_hal_flash_ex.c **** 
 307              		.loc 1 962 5 is_stmt 1 view .LVU70
 962:Drivers/STM32F1xx_HAL_Driver/Src/stm32f1xx_hal_flash_ex.c **** 
 308              		.loc 1 962 14 is_stmt 0 view .LVU71
 309 0028 4CF25030 		movw	r0, #50000
 310 002c FFF7FEFF 		bl	FLASH_WaitForLastOperation
 311              	.LVL18:
 965:Drivers/STM32F1xx_HAL_Driver/Src/stm32f1xx_hal_flash_ex.c ****   }
 312              		.loc 1 965 5 is_stmt 1 view .LVU72
 313 0030 2369     		ldr	r3, [r4, #16]
 314 0032 23F01003 		bic	r3, r3, #16
 315 0036 2361     		str	r3, [r4, #16]
 316 0038 E9E7     		b	.L22
 317              	.L26:
 318 003a 00BF     		.align	2
 319              	.L25:
 320 003c 00000000 		.word	pFlash
 321 0040 00200240 		.word	1073881088
 322 0044 00F8FF1F 		.word	536868864
 323              		.cfi_endproc
 324              	.LFE75:
 326              		.section	.text.FLASH_OB_ProgramData,"ax",%progbits
 327              		.align	1
 328              		.syntax unified
 329              		.thumb
 330              		.thumb_func
 332              	FLASH_OB_ProgramData:
ARM GAS  /tmp/ccJhoDJv.s 			page 26


 333              	.LVL19:
 334              	.LFB76:
 984:Drivers/STM32F1xx_HAL_Driver/Src/stm32f1xx_hal_flash_ex.c ****   HAL_StatusTypeDef status = HAL_ERROR;
 335              		.loc 1 984 1 view -0
 336              		.cfi_startproc
 337              		@ args = 0, pretend = 0, frame = 0
 338              		@ frame_needed = 0, uses_anonymous_args = 0
 984:Drivers/STM32F1xx_HAL_Driver/Src/stm32f1xx_hal_flash_ex.c ****   HAL_StatusTypeDef status = HAL_ERROR;
 339              		.loc 1 984 1 is_stmt 0 view .LVU74
 340 0000 70B5     		push	{r4, r5, r6, lr}
 341              	.LCFI2:
 342              		.cfi_def_cfa_offset 16
 343              		.cfi_offset 4, -16
 344              		.cfi_offset 5, -12
 345              		.cfi_offset 6, -8
 346              		.cfi_offset 14, -4
 347 0002 0546     		mov	r5, r0
 348 0004 0E46     		mov	r6, r1
 985:Drivers/STM32F1xx_HAL_Driver/Src/stm32f1xx_hal_flash_ex.c ****   
 349              		.loc 1 985 3 is_stmt 1 view .LVU75
 350              	.LVL20:
 988:Drivers/STM32F1xx_HAL_Driver/Src/stm32f1xx_hal_flash_ex.c ****   
 351              		.loc 1 988 3 view .LVU76
 991:Drivers/STM32F1xx_HAL_Driver/Src/stm32f1xx_hal_flash_ex.c ****   
 352              		.loc 1 991 3 view .LVU77
 991:Drivers/STM32F1xx_HAL_Driver/Src/stm32f1xx_hal_flash_ex.c ****   
 353              		.loc 1 991 12 is_stmt 0 view .LVU78
 354 0006 4CF25030 		movw	r0, #50000
 355              	.LVL21:
 991:Drivers/STM32F1xx_HAL_Driver/Src/stm32f1xx_hal_flash_ex.c ****   
 356              		.loc 1 991 12 view .LVU79
 357 000a FFF7FEFF 		bl	FLASH_WaitForLastOperation
 358              	.LVL22:
 993:Drivers/STM32F1xx_HAL_Driver/Src/stm32f1xx_hal_flash_ex.c ****   {
 359              		.loc 1 993 3 is_stmt 1 view .LVU80
 993:Drivers/STM32F1xx_HAL_Driver/Src/stm32f1xx_hal_flash_ex.c ****   {
 360              		.loc 1 993 5 is_stmt 0 view .LVU81
 361 000e 00B1     		cbz	r0, .L30
 362              	.L28:
 363              	.LVL23:
1009:Drivers/STM32F1xx_HAL_Driver/Src/stm32f1xx_hal_flash_ex.c **** }
 364              		.loc 1 1009 3 is_stmt 1 view .LVU82
1010:Drivers/STM32F1xx_HAL_Driver/Src/stm32f1xx_hal_flash_ex.c **** 
 365              		.loc 1 1010 1 is_stmt 0 view .LVU83
 366 0010 70BD     		pop	{r4, r5, r6, pc}
 367              	.LVL24:
 368              	.L30:
 996:Drivers/STM32F1xx_HAL_Driver/Src/stm32f1xx_hal_flash_ex.c **** 
 369              		.loc 1 996 5 is_stmt 1 view .LVU84
 996:Drivers/STM32F1xx_HAL_Driver/Src/stm32f1xx_hal_flash_ex.c **** 
 370              		.loc 1 996 22 is_stmt 0 view .LVU85
 371 0012 094B     		ldr	r3, .L31
 372 0014 0022     		movs	r2, #0
 373 0016 DA61     		str	r2, [r3, #28]
 999:Drivers/STM32F1xx_HAL_Driver/Src/stm32f1xx_hal_flash_ex.c ****     *(__IO uint16_t*)Address = Data;
 374              		.loc 1 999 5 is_stmt 1 view .LVU86
 375 0018 084C     		ldr	r4, .L31+4
ARM GAS  /tmp/ccJhoDJv.s 			page 27


 376 001a 2369     		ldr	r3, [r4, #16]
 377 001c 43F01003 		orr	r3, r3, #16
 378 0020 2361     		str	r3, [r4, #16]
1000:Drivers/STM32F1xx_HAL_Driver/Src/stm32f1xx_hal_flash_ex.c ****     
 379              		.loc 1 1000 5 view .LVU87
1000:Drivers/STM32F1xx_HAL_Driver/Src/stm32f1xx_hal_flash_ex.c ****     
 380              		.loc 1 1000 30 is_stmt 0 view .LVU88
 381 0022 2E80     		strh	r6, [r5]	@ movhi
1003:Drivers/STM32F1xx_HAL_Driver/Src/stm32f1xx_hal_flash_ex.c ****     
 382              		.loc 1 1003 5 is_stmt 1 view .LVU89
1003:Drivers/STM32F1xx_HAL_Driver/Src/stm32f1xx_hal_flash_ex.c ****     
 383              		.loc 1 1003 14 is_stmt 0 view .LVU90
 384 0024 4CF25030 		movw	r0, #50000
 385 0028 FFF7FEFF 		bl	FLASH_WaitForLastOperation
 386              	.LVL25:
1006:Drivers/STM32F1xx_HAL_Driver/Src/stm32f1xx_hal_flash_ex.c ****   }
 387              		.loc 1 1006 5 is_stmt 1 view .LVU91
 388 002c 2369     		ldr	r3, [r4, #16]
 389 002e 23F01003 		bic	r3, r3, #16
 390 0032 2361     		str	r3, [r4, #16]
 391 0034 ECE7     		b	.L28
 392              	.L32:
 393 0036 00BF     		.align	2
 394              	.L31:
 395 0038 00000000 		.word	pFlash
 396 003c 00200240 		.word	1073881088
 397              		.cfi_endproc
 398              	.LFE76:
 400              		.section	.text.HAL_FLASHEx_OBErase,"ax",%progbits
 401              		.align	1
 402              		.global	HAL_FLASHEx_OBErase
 403              		.syntax unified
 404              		.thumb
 405              		.thumb_func
 407              	HAL_FLASHEx_OBErase:
 408              	.LFB67:
 393:Drivers/STM32F1xx_HAL_Driver/Src/stm32f1xx_hal_flash_ex.c ****   uint8_t rdptmp = OB_RDP_LEVEL_0;
 409              		.loc 1 393 1 view -0
 410              		.cfi_startproc
 411              		@ args = 0, pretend = 0, frame = 0
 412              		@ frame_needed = 0, uses_anonymous_args = 0
 413 0000 38B5     		push	{r3, r4, r5, lr}
 414              	.LCFI3:
 415              		.cfi_def_cfa_offset 16
 416              		.cfi_offset 3, -16
 417              		.cfi_offset 4, -12
 418              		.cfi_offset 5, -8
 419              		.cfi_offset 14, -4
 394:Drivers/STM32F1xx_HAL_Driver/Src/stm32f1xx_hal_flash_ex.c ****   HAL_StatusTypeDef status = HAL_ERROR;
 420              		.loc 1 394 3 view .LVU93
 421              	.LVL26:
 395:Drivers/STM32F1xx_HAL_Driver/Src/stm32f1xx_hal_flash_ex.c **** 
 422              		.loc 1 395 3 view .LVU94
 398:Drivers/STM32F1xx_HAL_Driver/Src/stm32f1xx_hal_flash_ex.c **** 
 423              		.loc 1 398 3 view .LVU95
 398:Drivers/STM32F1xx_HAL_Driver/Src/stm32f1xx_hal_flash_ex.c **** 
 424              		.loc 1 398 12 is_stmt 0 view .LVU96
ARM GAS  /tmp/ccJhoDJv.s 			page 28


 425 0002 FFF7FEFF 		bl	FLASH_OB_GetRDP
 426              	.LVL27:
 398:Drivers/STM32F1xx_HAL_Driver/Src/stm32f1xx_hal_flash_ex.c **** 
 427              		.loc 1 398 10 discriminator 1 view .LVU97
 428 0006 C3B2     		uxtb	r3, r0
 429 0008 1D46     		mov	r5, r3
 430              	.LVL28:
 401:Drivers/STM32F1xx_HAL_Driver/Src/stm32f1xx_hal_flash_ex.c **** 
 431              		.loc 1 401 3 is_stmt 1 view .LVU98
 401:Drivers/STM32F1xx_HAL_Driver/Src/stm32f1xx_hal_flash_ex.c **** 
 432              		.loc 1 401 12 is_stmt 0 view .LVU99
 433 000a 4CF25030 		movw	r0, #50000
 434 000e FFF7FEFF 		bl	FLASH_WaitForLastOperation
 435              	.LVL29:
 403:Drivers/STM32F1xx_HAL_Driver/Src/stm32f1xx_hal_flash_ex.c ****   {
 436              		.loc 1 403 3 is_stmt 1 view .LVU100
 403:Drivers/STM32F1xx_HAL_Driver/Src/stm32f1xx_hal_flash_ex.c ****   {
 437              		.loc 1 403 5 is_stmt 0 view .LVU101
 438 0012 00B1     		cbz	r0, .L36
 439              	.LVL30:
 440              	.L34:
 426:Drivers/STM32F1xx_HAL_Driver/Src/stm32f1xx_hal_flash_ex.c **** }
 441              		.loc 1 426 3 is_stmt 1 view .LVU102
 427:Drivers/STM32F1xx_HAL_Driver/Src/stm32f1xx_hal_flash_ex.c **** 
 442              		.loc 1 427 1 is_stmt 0 view .LVU103
 443 0014 38BD     		pop	{r3, r4, r5, pc}
 444              	.LVL31:
 445              	.L36:
 406:Drivers/STM32F1xx_HAL_Driver/Src/stm32f1xx_hal_flash_ex.c **** 
 446              		.loc 1 406 5 is_stmt 1 view .LVU104
 406:Drivers/STM32F1xx_HAL_Driver/Src/stm32f1xx_hal_flash_ex.c **** 
 447              		.loc 1 406 22 is_stmt 0 view .LVU105
 448 0016 0D4B     		ldr	r3, .L37
 449 0018 0022     		movs	r2, #0
 450 001a DA61     		str	r2, [r3, #28]
 409:Drivers/STM32F1xx_HAL_Driver/Src/stm32f1xx_hal_flash_ex.c ****     SET_BIT(FLASH->CR, FLASH_CR_STRT);
 451              		.loc 1 409 5 is_stmt 1 view .LVU106
 452 001c 0C4C     		ldr	r4, .L37+4
 453 001e 2369     		ldr	r3, [r4, #16]
 454 0020 43F02003 		orr	r3, r3, #32
 455 0024 2361     		str	r3, [r4, #16]
 410:Drivers/STM32F1xx_HAL_Driver/Src/stm32f1xx_hal_flash_ex.c **** 
 456              		.loc 1 410 5 view .LVU107
 457 0026 2369     		ldr	r3, [r4, #16]
 458 0028 43F04003 		orr	r3, r3, #64
 459 002c 2361     		str	r3, [r4, #16]
 413:Drivers/STM32F1xx_HAL_Driver/Src/stm32f1xx_hal_flash_ex.c **** 
 460              		.loc 1 413 5 view .LVU108
 413:Drivers/STM32F1xx_HAL_Driver/Src/stm32f1xx_hal_flash_ex.c **** 
 461              		.loc 1 413 14 is_stmt 0 view .LVU109
 462 002e 4CF25030 		movw	r0, #50000
 463 0032 FFF7FEFF 		bl	FLASH_WaitForLastOperation
 464              	.LVL32:
 416:Drivers/STM32F1xx_HAL_Driver/Src/stm32f1xx_hal_flash_ex.c **** 
 465              		.loc 1 416 5 is_stmt 1 view .LVU110
 466 0036 2369     		ldr	r3, [r4, #16]
 467 0038 23F02003 		bic	r3, r3, #32
ARM GAS  /tmp/ccJhoDJv.s 			page 29


 468 003c 2361     		str	r3, [r4, #16]
 418:Drivers/STM32F1xx_HAL_Driver/Src/stm32f1xx_hal_flash_ex.c ****     {
 469              		.loc 1 418 5 view .LVU111
 418:Drivers/STM32F1xx_HAL_Driver/Src/stm32f1xx_hal_flash_ex.c ****     {
 470              		.loc 1 418 7 is_stmt 0 view .LVU112
 471 003e 0028     		cmp	r0, #0
 472 0040 E8D1     		bne	.L34
 421:Drivers/STM32F1xx_HAL_Driver/Src/stm32f1xx_hal_flash_ex.c ****     }
 473              		.loc 1 421 7 is_stmt 1 view .LVU113
 421:Drivers/STM32F1xx_HAL_Driver/Src/stm32f1xx_hal_flash_ex.c ****     }
 474              		.loc 1 421 16 is_stmt 0 view .LVU114
 475 0042 2846     		mov	r0, r5
 476              	.LVL33:
 421:Drivers/STM32F1xx_HAL_Driver/Src/stm32f1xx_hal_flash_ex.c ****     }
 477              		.loc 1 421 16 view .LVU115
 478 0044 FFF7FEFF 		bl	FLASH_OB_RDP_LevelConfig
 479              	.LVL34:
 480 0048 E4E7     		b	.L34
 481              	.L38:
 482 004a 00BF     		.align	2
 483              	.L37:
 484 004c 00000000 		.word	pFlash
 485 0050 00200240 		.word	1073881088
 486              		.cfi_endproc
 487              	.LFE67:
 489              		.section	.text.FLASH_OB_EnableWRP,"ax",%progbits
 490              		.align	1
 491              		.syntax unified
 492              		.thumb
 493              		.thumb_func
 495              	FLASH_OB_EnableWRP:
 496              	.LVL35:
 497              	.LFB72:
 640:Drivers/STM32F1xx_HAL_Driver/Src/stm32f1xx_hal_flash_ex.c ****   HAL_StatusTypeDef status = HAL_OK;
 498              		.loc 1 640 1 is_stmt 1 view -0
 499              		.cfi_startproc
 500              		@ args = 0, pretend = 0, frame = 0
 501              		@ frame_needed = 0, uses_anonymous_args = 0
 640:Drivers/STM32F1xx_HAL_Driver/Src/stm32f1xx_hal_flash_ex.c ****   HAL_StatusTypeDef status = HAL_OK;
 502              		.loc 1 640 1 is_stmt 0 view .LVU117
 503 0000 F8B5     		push	{r3, r4, r5, r6, r7, lr}
 504              	.LCFI4:
 505              		.cfi_def_cfa_offset 24
 506              		.cfi_offset 3, -24
 507              		.cfi_offset 4, -20
 508              		.cfi_offset 5, -16
 509              		.cfi_offset 6, -12
 510              		.cfi_offset 7, -8
 511              		.cfi_offset 14, -4
 512 0002 0446     		mov	r4, r0
 641:Drivers/STM32F1xx_HAL_Driver/Src/stm32f1xx_hal_flash_ex.c ****   uint16_t WRP0_Data = 0xFFFF;
 513              		.loc 1 641 3 is_stmt 1 view .LVU118
 514              	.LVL36:
 642:Drivers/STM32F1xx_HAL_Driver/Src/stm32f1xx_hal_flash_ex.c **** #if defined(FLASH_WRP1_WRP1)
 515              		.loc 1 642 3 view .LVU119
 644:Drivers/STM32F1xx_HAL_Driver/Src/stm32f1xx_hal_flash_ex.c **** #endif /* FLASH_WRP1_WRP1 */
 516              		.loc 1 644 3 view .LVU120
ARM GAS  /tmp/ccJhoDJv.s 			page 30


 647:Drivers/STM32F1xx_HAL_Driver/Src/stm32f1xx_hal_flash_ex.c **** #endif /* FLASH_WRP2_WRP2 */
 517              		.loc 1 647 3 view .LVU121
 650:Drivers/STM32F1xx_HAL_Driver/Src/stm32f1xx_hal_flash_ex.c **** #endif /* FLASH_WRP3_WRP3 */
 518              		.loc 1 650 3 view .LVU122
 654:Drivers/STM32F1xx_HAL_Driver/Src/stm32f1xx_hal_flash_ex.c ****     
 519              		.loc 1 654 3 view .LVU123
 657:Drivers/STM32F1xx_HAL_Driver/Src/stm32f1xx_hal_flash_ex.c ****   
 520              		.loc 1 657 3 view .LVU124
 657:Drivers/STM32F1xx_HAL_Driver/Src/stm32f1xx_hal_flash_ex.c ****   
 521              		.loc 1 657 37 is_stmt 0 view .LVU125
 522 0004 FFF7FEFF 		bl	FLASH_OB_GetWRP
 523              	.LVL37:
 657:Drivers/STM32F1xx_HAL_Driver/Src/stm32f1xx_hal_flash_ex.c ****   
 524              		.loc 1 657 20 discriminator 1 view .LVU126
 525 0008 20EA0400 		bic	r0, r0, r4
 526              	.LVL38:
 662:Drivers/STM32F1xx_HAL_Driver/Src/stm32f1xx_hal_flash_ex.c **** #endif /* OB_WRP_PAGES0TO31MASK */
 527              		.loc 1 662 3 is_stmt 1 view .LVU127
 662:Drivers/STM32F1xx_HAL_Driver/Src/stm32f1xx_hal_flash_ex.c **** #endif /* OB_WRP_PAGES0TO31MASK */
 528              		.loc 1 662 13 is_stmt 0 view .LVU128
 529 000c C3B2     		uxtb	r3, r0
 530 000e 1C46     		mov	r4, r3
 531              	.LVL39:
 668:Drivers/STM32F1xx_HAL_Driver/Src/stm32f1xx_hal_flash_ex.c **** #endif /* OB_WRP_PAGES32TO63MASK */
 532              		.loc 1 668 3 is_stmt 1 view .LVU129
 668:Drivers/STM32F1xx_HAL_Driver/Src/stm32f1xx_hal_flash_ex.c **** #endif /* OB_WRP_PAGES32TO63MASK */
 533              		.loc 1 668 13 is_stmt 0 view .LVU130
 534 0010 C0F30723 		ubfx	r3, r0, #8, #8
 535 0014 1D46     		mov	r5, r3
 536              	.LVL40:
 672:Drivers/STM32F1xx_HAL_Driver/Src/stm32f1xx_hal_flash_ex.c **** #endif /* OB_WRP_PAGES64TO95MASK */
 537              		.loc 1 672 3 is_stmt 1 view .LVU131
 672:Drivers/STM32F1xx_HAL_Driver/Src/stm32f1xx_hal_flash_ex.c **** #endif /* OB_WRP_PAGES64TO95MASK */
 538              		.loc 1 672 13 is_stmt 0 view .LVU132
 539 0016 C0F30743 		ubfx	r3, r0, #16, #8
 540 001a 1F46     		mov	r7, r3
 541              	.LVL41:
 679:Drivers/STM32F1xx_HAL_Driver/Src/stm32f1xx_hal_flash_ex.c **** #elif defined(OB_WRP_PAGES48TO255MASK)
 542              		.loc 1 679 3 is_stmt 1 view .LVU133
 679:Drivers/STM32F1xx_HAL_Driver/Src/stm32f1xx_hal_flash_ex.c **** #elif defined(OB_WRP_PAGES48TO255MASK)
 543              		.loc 1 679 13 is_stmt 0 view .LVU134
 544 001c 030E     		lsrs	r3, r0, #24
 545 001e 1E46     		mov	r6, r3
 546              	.LVL42:
 689:Drivers/STM32F1xx_HAL_Driver/Src/stm32f1xx_hal_flash_ex.c **** 
 547              		.loc 1 689 3 is_stmt 1 view .LVU135
 689:Drivers/STM32F1xx_HAL_Driver/Src/stm32f1xx_hal_flash_ex.c **** 
 548              		.loc 1 689 12 is_stmt 0 view .LVU136
 549 0020 4CF25030 		movw	r0, #50000
 550              	.LVL43:
 689:Drivers/STM32F1xx_HAL_Driver/Src/stm32f1xx_hal_flash_ex.c **** 
 551              		.loc 1 689 12 view .LVU137
 552 0024 FFF7FEFF 		bl	FLASH_WaitForLastOperation
 553              	.LVL44:
 691:Drivers/STM32F1xx_HAL_Driver/Src/stm32f1xx_hal_flash_ex.c ****   { 
 554              		.loc 1 691 3 is_stmt 1 view .LVU138
 691:Drivers/STM32F1xx_HAL_Driver/Src/stm32f1xx_hal_flash_ex.c ****   { 
ARM GAS  /tmp/ccJhoDJv.s 			page 31


 555              		.loc 1 691 5 is_stmt 0 view .LVU139
 556 0028 0346     		mov	r3, r0
 557 002a 08B1     		cbz	r0, .L48
 558              	.LVL45:
 559              	.L40:
 748:Drivers/STM32F1xx_HAL_Driver/Src/stm32f1xx_hal_flash_ex.c **** }
 560              		.loc 1 748 3 is_stmt 1 view .LVU140
 749:Drivers/STM32F1xx_HAL_Driver/Src/stm32f1xx_hal_flash_ex.c **** 
 561              		.loc 1 749 1 is_stmt 0 view .LVU141
 562 002c 1846     		mov	r0, r3
 563 002e F8BD     		pop	{r3, r4, r5, r6, r7, pc}
 564              	.LVL46:
 565              	.L48:
 694:Drivers/STM32F1xx_HAL_Driver/Src/stm32f1xx_hal_flash_ex.c **** 
 566              		.loc 1 694 5 is_stmt 1 view .LVU142
 694:Drivers/STM32F1xx_HAL_Driver/Src/stm32f1xx_hal_flash_ex.c **** 
 567              		.loc 1 694 22 is_stmt 0 view .LVU143
 568 0030 224B     		ldr	r3, .L53
 569 0032 D861     		str	r0, [r3, #28]
 697:Drivers/STM32F1xx_HAL_Driver/Src/stm32f1xx_hal_flash_ex.c ****     if (status == HAL_OK)  
 570              		.loc 1 697 5 is_stmt 1 view .LVU144
 697:Drivers/STM32F1xx_HAL_Driver/Src/stm32f1xx_hal_flash_ex.c ****     if (status == HAL_OK)  
 571              		.loc 1 697 14 is_stmt 0 view .LVU145
 572 0034 FFF7FEFF 		bl	HAL_FLASHEx_OBErase
 573              	.LVL47:
 698:Drivers/STM32F1xx_HAL_Driver/Src/stm32f1xx_hal_flash_ex.c ****     {
 574              		.loc 1 698 5 is_stmt 1 view .LVU146
 698:Drivers/STM32F1xx_HAL_Driver/Src/stm32f1xx_hal_flash_ex.c ****     {
 575              		.loc 1 698 8 is_stmt 0 view .LVU147
 576 0038 0346     		mov	r3, r0
 577 003a 0028     		cmp	r0, #0
 578 003c F6D1     		bne	.L40
 701:Drivers/STM32F1xx_HAL_Driver/Src/stm32f1xx_hal_flash_ex.c **** 
 579              		.loc 1 701 7 is_stmt 1 view .LVU148
 580 003e 2049     		ldr	r1, .L53+4
 581 0040 0A69     		ldr	r2, [r1, #16]
 582 0042 42F01002 		orr	r2, r2, #16
 583 0046 0A61     		str	r2, [r1, #16]
 704:Drivers/STM32F1xx_HAL_Driver/Src/stm32f1xx_hal_flash_ex.c ****       {
 584              		.loc 1 704 7 view .LVU149
 704:Drivers/STM32F1xx_HAL_Driver/Src/stm32f1xx_hal_flash_ex.c ****       {
 585              		.loc 1 704 9 is_stmt 0 view .LVU150
 586 0048 FF2C     		cmp	r4, #255
 587 004a 0ED1     		bne	.L49
 588              	.LVL48:
 589              	.L41:
 714:Drivers/STM32F1xx_HAL_Driver/Src/stm32f1xx_hal_flash_ex.c ****       {
 590              		.loc 1 714 7 is_stmt 1 view .LVU151
 714:Drivers/STM32F1xx_HAL_Driver/Src/stm32f1xx_hal_flash_ex.c ****       {
 591              		.loc 1 714 9 is_stmt 0 view .LVU152
 592 004c 23B9     		cbnz	r3, .L42
 714:Drivers/STM32F1xx_HAL_Driver/Src/stm32f1xx_hal_flash_ex.c ****       {
 593              		.loc 1 714 29 discriminator 1 view .LVU153
 594 004e FF2D     		cmp	r5, #255
 595 0050 15D1     		bne	.L50
 596              	.LVL49:
 597              	.L43:
ARM GAS  /tmp/ccJhoDJv.s 			page 32


 724:Drivers/STM32F1xx_HAL_Driver/Src/stm32f1xx_hal_flash_ex.c ****       {
 598              		.loc 1 724 7 is_stmt 1 view .LVU154
 724:Drivers/STM32F1xx_HAL_Driver/Src/stm32f1xx_hal_flash_ex.c ****       {
 599              		.loc 1 724 9 is_stmt 0 view .LVU155
 600 0052 23B9     		cbnz	r3, .L44
 724:Drivers/STM32F1xx_HAL_Driver/Src/stm32f1xx_hal_flash_ex.c ****       {
 601              		.loc 1 724 29 discriminator 1 view .LVU156
 602 0054 FF2F     		cmp	r7, #255
 603 0056 1CD1     		bne	.L51
 604              	.LVL50:
 605              	.L42:
 734:Drivers/STM32F1xx_HAL_Driver/Src/stm32f1xx_hal_flash_ex.c ****       {
 606              		.loc 1 734 7 is_stmt 1 view .LVU157
 734:Drivers/STM32F1xx_HAL_Driver/Src/stm32f1xx_hal_flash_ex.c ****       {
 607              		.loc 1 734 9 is_stmt 0 view .LVU158
 608 0058 0BB9     		cbnz	r3, .L44
 734:Drivers/STM32F1xx_HAL_Driver/Src/stm32f1xx_hal_flash_ex.c ****       {
 609              		.loc 1 734 29 discriminator 1 view .LVU159
 610 005a FF2E     		cmp	r6, #255
 611 005c 23D1     		bne	.L52
 612              	.LVL51:
 613              	.L44:
 744:Drivers/STM32F1xx_HAL_Driver/Src/stm32f1xx_hal_flash_ex.c ****     }
 614              		.loc 1 744 7 is_stmt 1 view .LVU160
 615 005e 1849     		ldr	r1, .L53+4
 616 0060 0A69     		ldr	r2, [r1, #16]
 617 0062 22F01002 		bic	r2, r2, #16
 618 0066 0A61     		str	r2, [r1, #16]
 619 0068 E0E7     		b	.L40
 620              	.LVL52:
 621              	.L49:
 706:Drivers/STM32F1xx_HAL_Driver/Src/stm32f1xx_hal_flash_ex.c ****         
 622              		.loc 1 706 9 view .LVU161
 706:Drivers/STM32F1xx_HAL_Driver/Src/stm32f1xx_hal_flash_ex.c ****         
 623              		.loc 1 706 11 is_stmt 0 view .LVU162
 624 006a 164A     		ldr	r2, .L53+8
 625 006c 1389     		ldrh	r3, [r2, #8]
 706:Drivers/STM32F1xx_HAL_Driver/Src/stm32f1xx_hal_flash_ex.c ****         
 626              		.loc 1 706 18 view .LVU163
 627 006e 2340     		ands	r3, r3, r4
 628 0070 1381     		strh	r3, [r2, #8]	@ movhi
 709:Drivers/STM32F1xx_HAL_Driver/Src/stm32f1xx_hal_flash_ex.c ****       }
 629              		.loc 1 709 9 is_stmt 1 view .LVU164
 709:Drivers/STM32F1xx_HAL_Driver/Src/stm32f1xx_hal_flash_ex.c ****       }
 630              		.loc 1 709 18 is_stmt 0 view .LVU165
 631 0072 4CF25030 		movw	r0, #50000
 632              	.LVL53:
 709:Drivers/STM32F1xx_HAL_Driver/Src/stm32f1xx_hal_flash_ex.c ****       }
 633              		.loc 1 709 18 view .LVU166
 634 0076 FFF7FEFF 		bl	FLASH_WaitForLastOperation
 635              	.LVL54:
 636 007a 0346     		mov	r3, r0
 637 007c E6E7     		b	.L41
 638              	.LVL55:
 639              	.L50:
 716:Drivers/STM32F1xx_HAL_Driver/Src/stm32f1xx_hal_flash_ex.c ****         
 640              		.loc 1 716 9 is_stmt 1 view .LVU167
ARM GAS  /tmp/ccJhoDJv.s 			page 33


 716:Drivers/STM32F1xx_HAL_Driver/Src/stm32f1xx_hal_flash_ex.c ****         
 641              		.loc 1 716 11 is_stmt 0 view .LVU168
 642 007e 114A     		ldr	r2, .L53+8
 643 0080 5389     		ldrh	r3, [r2, #10]
 644              	.LVL56:
 716:Drivers/STM32F1xx_HAL_Driver/Src/stm32f1xx_hal_flash_ex.c ****         
 645              		.loc 1 716 18 view .LVU169
 646 0082 2B40     		ands	r3, r3, r5
 647 0084 5381     		strh	r3, [r2, #10]	@ movhi
 719:Drivers/STM32F1xx_HAL_Driver/Src/stm32f1xx_hal_flash_ex.c ****       }
 648              		.loc 1 719 9 is_stmt 1 view .LVU170
 719:Drivers/STM32F1xx_HAL_Driver/Src/stm32f1xx_hal_flash_ex.c ****       }
 649              		.loc 1 719 18 is_stmt 0 view .LVU171
 650 0086 4CF25030 		movw	r0, #50000
 651 008a FFF7FEFF 		bl	FLASH_WaitForLastOperation
 652              	.LVL57:
 653 008e 0346     		mov	r3, r0
 654 0090 DFE7     		b	.L43
 655              	.LVL58:
 656              	.L51:
 726:Drivers/STM32F1xx_HAL_Driver/Src/stm32f1xx_hal_flash_ex.c ****         
 657              		.loc 1 726 9 is_stmt 1 view .LVU172
 726:Drivers/STM32F1xx_HAL_Driver/Src/stm32f1xx_hal_flash_ex.c ****         
 658              		.loc 1 726 11 is_stmt 0 view .LVU173
 659 0092 0C4A     		ldr	r2, .L53+8
 660 0094 9389     		ldrh	r3, [r2, #12]
 661              	.LVL59:
 726:Drivers/STM32F1xx_HAL_Driver/Src/stm32f1xx_hal_flash_ex.c ****         
 662              		.loc 1 726 18 view .LVU174
 663 0096 3B40     		ands	r3, r3, r7
 664 0098 9381     		strh	r3, [r2, #12]	@ movhi
 729:Drivers/STM32F1xx_HAL_Driver/Src/stm32f1xx_hal_flash_ex.c ****       }
 665              		.loc 1 729 9 is_stmt 1 view .LVU175
 729:Drivers/STM32F1xx_HAL_Driver/Src/stm32f1xx_hal_flash_ex.c ****       }
 666              		.loc 1 729 18 is_stmt 0 view .LVU176
 667 009a 4CF25030 		movw	r0, #50000
 668 009e FFF7FEFF 		bl	FLASH_WaitForLastOperation
 669              	.LVL60:
 670 00a2 0346     		mov	r3, r0
 671 00a4 D8E7     		b	.L42
 672              	.LVL61:
 673              	.L52:
 736:Drivers/STM32F1xx_HAL_Driver/Src/stm32f1xx_hal_flash_ex.c ****         
 674              		.loc 1 736 9 is_stmt 1 view .LVU177
 736:Drivers/STM32F1xx_HAL_Driver/Src/stm32f1xx_hal_flash_ex.c ****         
 675              		.loc 1 736 11 is_stmt 0 view .LVU178
 676 00a6 074A     		ldr	r2, .L53+8
 677 00a8 D389     		ldrh	r3, [r2, #14]
 678              	.LVL62:
 736:Drivers/STM32F1xx_HAL_Driver/Src/stm32f1xx_hal_flash_ex.c ****         
 679              		.loc 1 736 18 view .LVU179
 680 00aa 3340     		ands	r3, r3, r6
 681 00ac D381     		strh	r3, [r2, #14]	@ movhi
 739:Drivers/STM32F1xx_HAL_Driver/Src/stm32f1xx_hal_flash_ex.c ****       }
 682              		.loc 1 739 9 is_stmt 1 view .LVU180
 739:Drivers/STM32F1xx_HAL_Driver/Src/stm32f1xx_hal_flash_ex.c ****       }
 683              		.loc 1 739 18 is_stmt 0 view .LVU181
ARM GAS  /tmp/ccJhoDJv.s 			page 34


 684 00ae 4CF25030 		movw	r0, #50000
 685 00b2 FFF7FEFF 		bl	FLASH_WaitForLastOperation
 686              	.LVL63:
 687 00b6 0346     		mov	r3, r0
 688 00b8 D1E7     		b	.L44
 689              	.L54:
 690 00ba 00BF     		.align	2
 691              	.L53:
 692 00bc 00000000 		.word	pFlash
 693 00c0 00200240 		.word	1073881088
 694 00c4 00F8FF1F 		.word	536868864
 695              		.cfi_endproc
 696              	.LFE72:
 698              		.section	.text.FLASH_OB_DisableWRP,"ax",%progbits
 699              		.align	1
 700              		.syntax unified
 701              		.thumb
 702              		.thumb_func
 704              	FLASH_OB_DisableWRP:
 705              	.LVL64:
 706              	.LFB73:
 763:Drivers/STM32F1xx_HAL_Driver/Src/stm32f1xx_hal_flash_ex.c ****   HAL_StatusTypeDef status = HAL_OK;
 707              		.loc 1 763 1 is_stmt 1 view -0
 708              		.cfi_startproc
 709              		@ args = 0, pretend = 0, frame = 0
 710              		@ frame_needed = 0, uses_anonymous_args = 0
 763:Drivers/STM32F1xx_HAL_Driver/Src/stm32f1xx_hal_flash_ex.c ****   HAL_StatusTypeDef status = HAL_OK;
 711              		.loc 1 763 1 is_stmt 0 view .LVU183
 712 0000 F8B5     		push	{r3, r4, r5, r6, r7, lr}
 713              	.LCFI5:
 714              		.cfi_def_cfa_offset 24
 715              		.cfi_offset 3, -24
 716              		.cfi_offset 4, -20
 717              		.cfi_offset 5, -16
 718              		.cfi_offset 6, -12
 719              		.cfi_offset 7, -8
 720              		.cfi_offset 14, -4
 721 0002 0446     		mov	r4, r0
 764:Drivers/STM32F1xx_HAL_Driver/Src/stm32f1xx_hal_flash_ex.c ****   uint16_t WRP0_Data = 0xFFFF;
 722              		.loc 1 764 3 is_stmt 1 view .LVU184
 723              	.LVL65:
 765:Drivers/STM32F1xx_HAL_Driver/Src/stm32f1xx_hal_flash_ex.c **** #if defined(FLASH_WRP1_WRP1)
 724              		.loc 1 765 3 view .LVU185
 767:Drivers/STM32F1xx_HAL_Driver/Src/stm32f1xx_hal_flash_ex.c **** #endif /* FLASH_WRP1_WRP1 */
 725              		.loc 1 767 3 view .LVU186
 770:Drivers/STM32F1xx_HAL_Driver/Src/stm32f1xx_hal_flash_ex.c **** #endif /* FLASH_WRP2_WRP2 */
 726              		.loc 1 770 3 view .LVU187
 773:Drivers/STM32F1xx_HAL_Driver/Src/stm32f1xx_hal_flash_ex.c **** #endif /* FLASH_WRP3_WRP3 */
 727              		.loc 1 773 3 view .LVU188
 777:Drivers/STM32F1xx_HAL_Driver/Src/stm32f1xx_hal_flash_ex.c **** 
 728              		.loc 1 777 3 view .LVU189
 780:Drivers/STM32F1xx_HAL_Driver/Src/stm32f1xx_hal_flash_ex.c **** 
 729              		.loc 1 780 3 view .LVU190
 780:Drivers/STM32F1xx_HAL_Driver/Src/stm32f1xx_hal_flash_ex.c **** 
 730              		.loc 1 780 23 is_stmt 0 view .LVU191
 731 0004 FFF7FEFF 		bl	FLASH_OB_GetWRP
 732              	.LVL66:
ARM GAS  /tmp/ccJhoDJv.s 			page 35


 780:Drivers/STM32F1xx_HAL_Driver/Src/stm32f1xx_hal_flash_ex.c **** 
 733              		.loc 1 780 20 discriminator 1 view .LVU192
 734 0008 2043     		orrs	r0, r0, r4
 735              	.LVL67:
 785:Drivers/STM32F1xx_HAL_Driver/Src/stm32f1xx_hal_flash_ex.c **** #endif /* OB_WRP_PAGES0TO31MASK */
 736              		.loc 1 785 3 is_stmt 1 view .LVU193
 785:Drivers/STM32F1xx_HAL_Driver/Src/stm32f1xx_hal_flash_ex.c **** #endif /* OB_WRP_PAGES0TO31MASK */
 737              		.loc 1 785 13 is_stmt 0 view .LVU194
 738 000a C3B2     		uxtb	r3, r0
 739 000c 1C46     		mov	r4, r3
 740              	.LVL68:
 791:Drivers/STM32F1xx_HAL_Driver/Src/stm32f1xx_hal_flash_ex.c **** #endif /* OB_WRP_PAGES32TO63MASK */
 741              		.loc 1 791 3 is_stmt 1 view .LVU195
 791:Drivers/STM32F1xx_HAL_Driver/Src/stm32f1xx_hal_flash_ex.c **** #endif /* OB_WRP_PAGES32TO63MASK */
 742              		.loc 1 791 13 is_stmt 0 view .LVU196
 743 000e C0F30723 		ubfx	r3, r0, #8, #8
 744 0012 1D46     		mov	r5, r3
 745              	.LVL69:
 795:Drivers/STM32F1xx_HAL_Driver/Src/stm32f1xx_hal_flash_ex.c **** #endif /* OB_WRP_PAGES64TO95MASK */
 746              		.loc 1 795 3 is_stmt 1 view .LVU197
 795:Drivers/STM32F1xx_HAL_Driver/Src/stm32f1xx_hal_flash_ex.c **** #endif /* OB_WRP_PAGES64TO95MASK */
 747              		.loc 1 795 13 is_stmt 0 view .LVU198
 748 0014 C0F30743 		ubfx	r3, r0, #16, #8
 749 0018 1F46     		mov	r7, r3
 750              	.LVL70:
 802:Drivers/STM32F1xx_HAL_Driver/Src/stm32f1xx_hal_flash_ex.c **** #elif defined(OB_WRP_PAGES48TO255MASK)
 751              		.loc 1 802 3 is_stmt 1 view .LVU199
 802:Drivers/STM32F1xx_HAL_Driver/Src/stm32f1xx_hal_flash_ex.c **** #elif defined(OB_WRP_PAGES48TO255MASK)
 752              		.loc 1 802 13 is_stmt 0 view .LVU200
 753 001a 030E     		lsrs	r3, r0, #24
 754 001c 1E46     		mov	r6, r3
 755              	.LVL71:
 813:Drivers/STM32F1xx_HAL_Driver/Src/stm32f1xx_hal_flash_ex.c **** 
 756              		.loc 1 813 3 is_stmt 1 view .LVU201
 813:Drivers/STM32F1xx_HAL_Driver/Src/stm32f1xx_hal_flash_ex.c **** 
 757              		.loc 1 813 12 is_stmt 0 view .LVU202
 758 001e 4CF25030 		movw	r0, #50000
 759              	.LVL72:
 813:Drivers/STM32F1xx_HAL_Driver/Src/stm32f1xx_hal_flash_ex.c **** 
 760              		.loc 1 813 12 view .LVU203
 761 0022 FFF7FEFF 		bl	FLASH_WaitForLastOperation
 762              	.LVL73:
 815:Drivers/STM32F1xx_HAL_Driver/Src/stm32f1xx_hal_flash_ex.c ****   { 
 763              		.loc 1 815 3 is_stmt 1 view .LVU204
 815:Drivers/STM32F1xx_HAL_Driver/Src/stm32f1xx_hal_flash_ex.c ****   { 
 764              		.loc 1 815 5 is_stmt 0 view .LVU205
 765 0026 0346     		mov	r3, r0
 766 0028 08B1     		cbz	r0, .L64
 767              	.LVL74:
 768              	.L56:
 870:Drivers/STM32F1xx_HAL_Driver/Src/stm32f1xx_hal_flash_ex.c **** }
 769              		.loc 1 870 3 is_stmt 1 view .LVU206
 871:Drivers/STM32F1xx_HAL_Driver/Src/stm32f1xx_hal_flash_ex.c **** 
 770              		.loc 1 871 1 is_stmt 0 view .LVU207
 771 002a 1846     		mov	r0, r3
 772 002c F8BD     		pop	{r3, r4, r5, r6, r7, pc}
 773              	.LVL75:
ARM GAS  /tmp/ccJhoDJv.s 			page 36


 774              	.L64:
 818:Drivers/STM32F1xx_HAL_Driver/Src/stm32f1xx_hal_flash_ex.c **** 
 775              		.loc 1 818 5 is_stmt 1 view .LVU208
 818:Drivers/STM32F1xx_HAL_Driver/Src/stm32f1xx_hal_flash_ex.c **** 
 776              		.loc 1 818 22 is_stmt 0 view .LVU209
 777 002e 224B     		ldr	r3, .L69
 778 0030 D861     		str	r0, [r3, #28]
 821:Drivers/STM32F1xx_HAL_Driver/Src/stm32f1xx_hal_flash_ex.c ****     if (status == HAL_OK)  
 779              		.loc 1 821 5 is_stmt 1 view .LVU210
 821:Drivers/STM32F1xx_HAL_Driver/Src/stm32f1xx_hal_flash_ex.c ****     if (status == HAL_OK)  
 780              		.loc 1 821 14 is_stmt 0 view .LVU211
 781 0032 FFF7FEFF 		bl	HAL_FLASHEx_OBErase
 782              	.LVL76:
 822:Drivers/STM32F1xx_HAL_Driver/Src/stm32f1xx_hal_flash_ex.c ****     {
 783              		.loc 1 822 5 is_stmt 1 view .LVU212
 822:Drivers/STM32F1xx_HAL_Driver/Src/stm32f1xx_hal_flash_ex.c ****     {
 784              		.loc 1 822 8 is_stmt 0 view .LVU213
 785 0036 0346     		mov	r3, r0
 786 0038 0028     		cmp	r0, #0
 787 003a F6D1     		bne	.L56
 824:Drivers/STM32F1xx_HAL_Driver/Src/stm32f1xx_hal_flash_ex.c **** 
 788              		.loc 1 824 7 is_stmt 1 view .LVU214
 789 003c 1F49     		ldr	r1, .L69+4
 790 003e 0A69     		ldr	r2, [r1, #16]
 791 0040 42F01002 		orr	r2, r2, #16
 792 0044 0A61     		str	r2, [r1, #16]
 827:Drivers/STM32F1xx_HAL_Driver/Src/stm32f1xx_hal_flash_ex.c ****       {
 793              		.loc 1 827 7 view .LVU215
 827:Drivers/STM32F1xx_HAL_Driver/Src/stm32f1xx_hal_flash_ex.c ****       {
 794              		.loc 1 827 9 is_stmt 0 view .LVU216
 795 0046 FF2C     		cmp	r4, #255
 796 0048 0ED1     		bne	.L65
 797              	.LVL77:
 798              	.L57:
 837:Drivers/STM32F1xx_HAL_Driver/Src/stm32f1xx_hal_flash_ex.c ****       {
 799              		.loc 1 837 7 is_stmt 1 view .LVU217
 837:Drivers/STM32F1xx_HAL_Driver/Src/stm32f1xx_hal_flash_ex.c ****       {
 800              		.loc 1 837 9 is_stmt 0 view .LVU218
 801 004a 23B9     		cbnz	r3, .L58
 837:Drivers/STM32F1xx_HAL_Driver/Src/stm32f1xx_hal_flash_ex.c ****       {
 802              		.loc 1 837 29 discriminator 1 view .LVU219
 803 004c FF2D     		cmp	r5, #255
 804 004e 15D1     		bne	.L66
 805              	.LVL78:
 806              	.L59:
 847:Drivers/STM32F1xx_HAL_Driver/Src/stm32f1xx_hal_flash_ex.c ****       {
 807              		.loc 1 847 7 is_stmt 1 view .LVU220
 847:Drivers/STM32F1xx_HAL_Driver/Src/stm32f1xx_hal_flash_ex.c ****       {
 808              		.loc 1 847 9 is_stmt 0 view .LVU221
 809 0050 23B9     		cbnz	r3, .L60
 847:Drivers/STM32F1xx_HAL_Driver/Src/stm32f1xx_hal_flash_ex.c ****       {
 810              		.loc 1 847 29 discriminator 1 view .LVU222
 811 0052 FF2F     		cmp	r7, #255
 812 0054 1CD1     		bne	.L67
 813              	.LVL79:
 814              	.L58:
 857:Drivers/STM32F1xx_HAL_Driver/Src/stm32f1xx_hal_flash_ex.c ****       {
ARM GAS  /tmp/ccJhoDJv.s 			page 37


 815              		.loc 1 857 7 is_stmt 1 view .LVU223
 857:Drivers/STM32F1xx_HAL_Driver/Src/stm32f1xx_hal_flash_ex.c ****       {
 816              		.loc 1 857 9 is_stmt 0 view .LVU224
 817 0056 0BB9     		cbnz	r3, .L60
 857:Drivers/STM32F1xx_HAL_Driver/Src/stm32f1xx_hal_flash_ex.c ****       {
 818              		.loc 1 857 29 discriminator 1 view .LVU225
 819 0058 FF2E     		cmp	r6, #255
 820 005a 23D1     		bne	.L68
 821              	.LVL80:
 822              	.L60:
 867:Drivers/STM32F1xx_HAL_Driver/Src/stm32f1xx_hal_flash_ex.c ****     }
 823              		.loc 1 867 7 is_stmt 1 view .LVU226
 824 005c 1749     		ldr	r1, .L69+4
 825 005e 0A69     		ldr	r2, [r1, #16]
 826 0060 22F01002 		bic	r2, r2, #16
 827 0064 0A61     		str	r2, [r1, #16]
 828 0066 E0E7     		b	.L56
 829              	.LVL81:
 830              	.L65:
 829:Drivers/STM32F1xx_HAL_Driver/Src/stm32f1xx_hal_flash_ex.c ****         
 831              		.loc 1 829 9 view .LVU227
 829:Drivers/STM32F1xx_HAL_Driver/Src/stm32f1xx_hal_flash_ex.c ****         
 832              		.loc 1 829 11 is_stmt 0 view .LVU228
 833 0068 154A     		ldr	r2, .L69+8
 834 006a 1389     		ldrh	r3, [r2, #8]
 829:Drivers/STM32F1xx_HAL_Driver/Src/stm32f1xx_hal_flash_ex.c ****         
 835              		.loc 1 829 18 view .LVU229
 836 006c 2343     		orrs	r3, r3, r4
 837 006e 1381     		strh	r3, [r2, #8]	@ movhi
 832:Drivers/STM32F1xx_HAL_Driver/Src/stm32f1xx_hal_flash_ex.c ****       }
 838              		.loc 1 832 9 is_stmt 1 view .LVU230
 832:Drivers/STM32F1xx_HAL_Driver/Src/stm32f1xx_hal_flash_ex.c ****       }
 839              		.loc 1 832 18 is_stmt 0 view .LVU231
 840 0070 4CF25030 		movw	r0, #50000
 841              	.LVL82:
 832:Drivers/STM32F1xx_HAL_Driver/Src/stm32f1xx_hal_flash_ex.c ****       }
 842              		.loc 1 832 18 view .LVU232
 843 0074 FFF7FEFF 		bl	FLASH_WaitForLastOperation
 844              	.LVL83:
 845 0078 0346     		mov	r3, r0
 846 007a E6E7     		b	.L57
 847              	.LVL84:
 848              	.L66:
 839:Drivers/STM32F1xx_HAL_Driver/Src/stm32f1xx_hal_flash_ex.c ****         
 849              		.loc 1 839 9 is_stmt 1 view .LVU233
 839:Drivers/STM32F1xx_HAL_Driver/Src/stm32f1xx_hal_flash_ex.c ****         
 850              		.loc 1 839 11 is_stmt 0 view .LVU234
 851 007c 104A     		ldr	r2, .L69+8
 852 007e 5389     		ldrh	r3, [r2, #10]
 853              	.LVL85:
 839:Drivers/STM32F1xx_HAL_Driver/Src/stm32f1xx_hal_flash_ex.c ****         
 854              		.loc 1 839 18 view .LVU235
 855 0080 2B43     		orrs	r3, r3, r5
 856 0082 5381     		strh	r3, [r2, #10]	@ movhi
 842:Drivers/STM32F1xx_HAL_Driver/Src/stm32f1xx_hal_flash_ex.c ****       }
 857              		.loc 1 842 9 is_stmt 1 view .LVU236
 842:Drivers/STM32F1xx_HAL_Driver/Src/stm32f1xx_hal_flash_ex.c ****       }
ARM GAS  /tmp/ccJhoDJv.s 			page 38


 858              		.loc 1 842 18 is_stmt 0 view .LVU237
 859 0084 4CF25030 		movw	r0, #50000
 860 0088 FFF7FEFF 		bl	FLASH_WaitForLastOperation
 861              	.LVL86:
 862 008c 0346     		mov	r3, r0
 863 008e DFE7     		b	.L59
 864              	.LVL87:
 865              	.L67:
 849:Drivers/STM32F1xx_HAL_Driver/Src/stm32f1xx_hal_flash_ex.c ****         
 866              		.loc 1 849 9 is_stmt 1 view .LVU238
 849:Drivers/STM32F1xx_HAL_Driver/Src/stm32f1xx_hal_flash_ex.c ****         
 867              		.loc 1 849 11 is_stmt 0 view .LVU239
 868 0090 0B4A     		ldr	r2, .L69+8
 869 0092 9389     		ldrh	r3, [r2, #12]
 870              	.LVL88:
 849:Drivers/STM32F1xx_HAL_Driver/Src/stm32f1xx_hal_flash_ex.c ****         
 871              		.loc 1 849 18 view .LVU240
 872 0094 3B43     		orrs	r3, r3, r7
 873 0096 9381     		strh	r3, [r2, #12]	@ movhi
 852:Drivers/STM32F1xx_HAL_Driver/Src/stm32f1xx_hal_flash_ex.c ****       }
 874              		.loc 1 852 9 is_stmt 1 view .LVU241
 852:Drivers/STM32F1xx_HAL_Driver/Src/stm32f1xx_hal_flash_ex.c ****       }
 875              		.loc 1 852 18 is_stmt 0 view .LVU242
 876 0098 4CF25030 		movw	r0, #50000
 877 009c FFF7FEFF 		bl	FLASH_WaitForLastOperation
 878              	.LVL89:
 879 00a0 0346     		mov	r3, r0
 880 00a2 D8E7     		b	.L58
 881              	.LVL90:
 882              	.L68:
 859:Drivers/STM32F1xx_HAL_Driver/Src/stm32f1xx_hal_flash_ex.c ****         
 883              		.loc 1 859 9 is_stmt 1 view .LVU243
 859:Drivers/STM32F1xx_HAL_Driver/Src/stm32f1xx_hal_flash_ex.c ****         
 884              		.loc 1 859 11 is_stmt 0 view .LVU244
 885 00a4 064A     		ldr	r2, .L69+8
 886 00a6 D389     		ldrh	r3, [r2, #14]
 887              	.LVL91:
 859:Drivers/STM32F1xx_HAL_Driver/Src/stm32f1xx_hal_flash_ex.c ****         
 888              		.loc 1 859 18 view .LVU245
 889 00a8 3343     		orrs	r3, r3, r6
 890 00aa D381     		strh	r3, [r2, #14]	@ movhi
 862:Drivers/STM32F1xx_HAL_Driver/Src/stm32f1xx_hal_flash_ex.c ****       }
 891              		.loc 1 862 9 is_stmt 1 view .LVU246
 862:Drivers/STM32F1xx_HAL_Driver/Src/stm32f1xx_hal_flash_ex.c ****       }
 892              		.loc 1 862 18 is_stmt 0 view .LVU247
 893 00ac 4CF25030 		movw	r0, #50000
 894 00b0 FFF7FEFF 		bl	FLASH_WaitForLastOperation
 895              	.LVL92:
 896 00b4 0346     		mov	r3, r0
 897 00b6 D1E7     		b	.L60
 898              	.L70:
 899              		.align	2
 900              	.L69:
 901 00b8 00000000 		.word	pFlash
 902 00bc 00200240 		.word	1073881088
 903 00c0 00F8FF1F 		.word	536868864
 904              		.cfi_endproc
ARM GAS  /tmp/ccJhoDJv.s 			page 39


 905              	.LFE73:
 907              		.section	.text.HAL_FLASHEx_OBProgram,"ax",%progbits
 908              		.align	1
 909              		.global	HAL_FLASHEx_OBProgram
 910              		.syntax unified
 911              		.thumb
 912              		.thumb_func
 914              	HAL_FLASHEx_OBProgram:
 915              	.LVL93:
 916              	.LFB68:
 442:Drivers/STM32F1xx_HAL_Driver/Src/stm32f1xx_hal_flash_ex.c ****   HAL_StatusTypeDef status = HAL_ERROR;
 917              		.loc 1 442 1 is_stmt 1 view -0
 918              		.cfi_startproc
 919              		@ args = 0, pretend = 0, frame = 0
 920              		@ frame_needed = 0, uses_anonymous_args = 0
 443:Drivers/STM32F1xx_HAL_Driver/Src/stm32f1xx_hal_flash_ex.c **** 
 921              		.loc 1 443 3 view .LVU249
 446:Drivers/STM32F1xx_HAL_Driver/Src/stm32f1xx_hal_flash_ex.c **** 
 922              		.loc 1 446 3 view .LVU250
 446:Drivers/STM32F1xx_HAL_Driver/Src/stm32f1xx_hal_flash_ex.c **** 
 923              		.loc 1 446 3 view .LVU251
 924 0000 254B     		ldr	r3, .L89
 925 0002 1B7E     		ldrb	r3, [r3, #24]	@ zero_extendqisi2
 926 0004 012B     		cmp	r3, #1
 927 0006 44D0     		beq	.L79
 442:Drivers/STM32F1xx_HAL_Driver/Src/stm32f1xx_hal_flash_ex.c ****   HAL_StatusTypeDef status = HAL_ERROR;
 928              		.loc 1 442 1 is_stmt 0 view .LVU252
 929 0008 10B5     		push	{r4, lr}
 930              	.LCFI6:
 931              		.cfi_def_cfa_offset 8
 932              		.cfi_offset 4, -8
 933              		.cfi_offset 14, -4
 934 000a 0446     		mov	r4, r0
 446:Drivers/STM32F1xx_HAL_Driver/Src/stm32f1xx_hal_flash_ex.c **** 
 935              		.loc 1 446 3 is_stmt 1 discriminator 2 view .LVU253
 936 000c 224B     		ldr	r3, .L89
 937 000e 0122     		movs	r2, #1
 938 0010 1A76     		strb	r2, [r3, #24]
 446:Drivers/STM32F1xx_HAL_Driver/Src/stm32f1xx_hal_flash_ex.c **** 
 939              		.loc 1 446 3 discriminator 2 view .LVU254
 449:Drivers/STM32F1xx_HAL_Driver/Src/stm32f1xx_hal_flash_ex.c **** 
 940              		.loc 1 449 3 view .LVU255
 452:Drivers/STM32F1xx_HAL_Driver/Src/stm32f1xx_hal_flash_ex.c ****   {
 941              		.loc 1 452 3 view .LVU256
 452:Drivers/STM32F1xx_HAL_Driver/Src/stm32f1xx_hal_flash_ex.c ****   {
 942              		.loc 1 452 14 is_stmt 0 view .LVU257
 943 0012 0368     		ldr	r3, [r0]
 452:Drivers/STM32F1xx_HAL_Driver/Src/stm32f1xx_hal_flash_ex.c ****   {
 944              		.loc 1 452 5 view .LVU258
 945 0014 13F0010F 		tst	r3, #1
 946 0018 0ED0     		beq	.L80
 454:Drivers/STM32F1xx_HAL_Driver/Src/stm32f1xx_hal_flash_ex.c ****     if (pOBInit->WRPState == OB_WRPSTATE_ENABLE)
 947              		.loc 1 454 5 is_stmt 1 view .LVU259
 455:Drivers/STM32F1xx_HAL_Driver/Src/stm32f1xx_hal_flash_ex.c ****     {
 948              		.loc 1 455 5 view .LVU260
 455:Drivers/STM32F1xx_HAL_Driver/Src/stm32f1xx_hal_flash_ex.c ****     {
 949              		.loc 1 455 16 is_stmt 0 view .LVU261
ARM GAS  /tmp/ccJhoDJv.s 			page 40


 950 001a 4368     		ldr	r3, [r0, #4]
 455:Drivers/STM32F1xx_HAL_Driver/Src/stm32f1xx_hal_flash_ex.c ****     {
 951              		.loc 1 455 8 view .LVU262
 952 001c 9342     		cmp	r3, r2
 953 001e 07D0     		beq	.L85
 463:Drivers/STM32F1xx_HAL_Driver/Src/stm32f1xx_hal_flash_ex.c ****     }
 954              		.loc 1 463 7 is_stmt 1 view .LVU263
 463:Drivers/STM32F1xx_HAL_Driver/Src/stm32f1xx_hal_flash_ex.c ****     }
 955              		.loc 1 463 16 is_stmt 0 view .LVU264
 956 0020 8068     		ldr	r0, [r0, #8]
 957              	.LVL94:
 463:Drivers/STM32F1xx_HAL_Driver/Src/stm32f1xx_hal_flash_ex.c ****     }
 958              		.loc 1 463 16 view .LVU265
 959 0022 FFF7FEFF 		bl	FLASH_OB_DisableWRP
 960              	.LVL95:
 961              	.L75:
 465:Drivers/STM32F1xx_HAL_Driver/Src/stm32f1xx_hal_flash_ex.c ****     {
 962              		.loc 1 465 5 is_stmt 1 view .LVU266
 465:Drivers/STM32F1xx_HAL_Driver/Src/stm32f1xx_hal_flash_ex.c ****     {
 963              		.loc 1 465 8 is_stmt 0 view .LVU267
 964 0026 40B1     		cbz	r0, .L73
 468:Drivers/STM32F1xx_HAL_Driver/Src/stm32f1xx_hal_flash_ex.c ****       return status;
 965              		.loc 1 468 7 is_stmt 1 view .LVU268
 468:Drivers/STM32F1xx_HAL_Driver/Src/stm32f1xx_hal_flash_ex.c ****       return status;
 966              		.loc 1 468 7 view .LVU269
 967 0028 1B4B     		ldr	r3, .L89
 968 002a 0022     		movs	r2, #0
 969 002c 1A76     		strb	r2, [r3, #24]
 468:Drivers/STM32F1xx_HAL_Driver/Src/stm32f1xx_hal_flash_ex.c ****       return status;
 970              		.loc 1 468 7 view .LVU270
 469:Drivers/STM32F1xx_HAL_Driver/Src/stm32f1xx_hal_flash_ex.c ****     }
 971              		.loc 1 469 7 view .LVU271
 469:Drivers/STM32F1xx_HAL_Driver/Src/stm32f1xx_hal_flash_ex.c ****     }
 972              		.loc 1 469 14 is_stmt 0 view .LVU272
 973 002e 13E0     		b	.L72
 974              	.LVL96:
 975              	.L85:
 458:Drivers/STM32F1xx_HAL_Driver/Src/stm32f1xx_hal_flash_ex.c ****     }
 976              		.loc 1 458 7 is_stmt 1 view .LVU273
 458:Drivers/STM32F1xx_HAL_Driver/Src/stm32f1xx_hal_flash_ex.c ****     }
 977              		.loc 1 458 16 is_stmt 0 view .LVU274
 978 0030 8068     		ldr	r0, [r0, #8]
 979              	.LVL97:
 458:Drivers/STM32F1xx_HAL_Driver/Src/stm32f1xx_hal_flash_ex.c ****     }
 980              		.loc 1 458 16 view .LVU275
 981 0032 FFF7FEFF 		bl	FLASH_OB_EnableWRP
 982              	.LVL98:
 458:Drivers/STM32F1xx_HAL_Driver/Src/stm32f1xx_hal_flash_ex.c ****     }
 983              		.loc 1 458 16 view .LVU276
 984 0036 F6E7     		b	.L75
 985              	.LVL99:
 986              	.L80:
 443:Drivers/STM32F1xx_HAL_Driver/Src/stm32f1xx_hal_flash_ex.c **** 
 987              		.loc 1 443 21 view .LVU277
 988 0038 0120     		movs	r0, #1
 989              	.LVL100:
 990              	.L73:
ARM GAS  /tmp/ccJhoDJv.s 			page 41


 474:Drivers/STM32F1xx_HAL_Driver/Src/stm32f1xx_hal_flash_ex.c ****   {
 991              		.loc 1 474 3 is_stmt 1 view .LVU278
 474:Drivers/STM32F1xx_HAL_Driver/Src/stm32f1xx_hal_flash_ex.c ****   {
 992              		.loc 1 474 14 is_stmt 0 view .LVU279
 993 003a 2368     		ldr	r3, [r4]
 474:Drivers/STM32F1xx_HAL_Driver/Src/stm32f1xx_hal_flash_ex.c ****   {
 994              		.loc 1 474 5 view .LVU280
 995 003c 13F0020F 		tst	r3, #2
 996 0040 0BD1     		bne	.L86
 997              	.L76:
 486:Drivers/STM32F1xx_HAL_Driver/Src/stm32f1xx_hal_flash_ex.c ****   {
 998              		.loc 1 486 3 is_stmt 1 view .LVU281
 486:Drivers/STM32F1xx_HAL_Driver/Src/stm32f1xx_hal_flash_ex.c ****   {
 999              		.loc 1 486 14 is_stmt 0 view .LVU282
 1000 0042 2368     		ldr	r3, [r4]
 486:Drivers/STM32F1xx_HAL_Driver/Src/stm32f1xx_hal_flash_ex.c ****   {
 1001              		.loc 1 486 5 view .LVU283
 1002 0044 13F0040F 		tst	r3, #4
 1003 0048 10D1     		bne	.L87
 1004              	.L77:
 498:Drivers/STM32F1xx_HAL_Driver/Src/stm32f1xx_hal_flash_ex.c ****   {
 1005              		.loc 1 498 3 is_stmt 1 view .LVU284
 498:Drivers/STM32F1xx_HAL_Driver/Src/stm32f1xx_hal_flash_ex.c ****   {
 1006              		.loc 1 498 14 is_stmt 0 view .LVU285
 1007 004a 2368     		ldr	r3, [r4]
 498:Drivers/STM32F1xx_HAL_Driver/Src/stm32f1xx_hal_flash_ex.c ****   {
 1008              		.loc 1 498 5 view .LVU286
 1009 004c 13F0080F 		tst	r3, #8
 1010 0050 15D1     		bne	.L88
 1011              	.L78:
 510:Drivers/STM32F1xx_HAL_Driver/Src/stm32f1xx_hal_flash_ex.c **** 
 1012              		.loc 1 510 3 is_stmt 1 view .LVU287
 510:Drivers/STM32F1xx_HAL_Driver/Src/stm32f1xx_hal_flash_ex.c **** 
 1013              		.loc 1 510 3 view .LVU288
 1014 0052 114B     		ldr	r3, .L89
 1015 0054 0022     		movs	r2, #0
 1016 0056 1A76     		strb	r2, [r3, #24]
 510:Drivers/STM32F1xx_HAL_Driver/Src/stm32f1xx_hal_flash_ex.c **** 
 1017              		.loc 1 510 3 view .LVU289
 512:Drivers/STM32F1xx_HAL_Driver/Src/stm32f1xx_hal_flash_ex.c **** }
 1018              		.loc 1 512 3 view .LVU290
 1019              	.L72:
 513:Drivers/STM32F1xx_HAL_Driver/Src/stm32f1xx_hal_flash_ex.c **** 
 1020              		.loc 1 513 1 is_stmt 0 view .LVU291
 1021 0058 10BD     		pop	{r4, pc}
 1022              	.LVL101:
 1023              	.L86:
 476:Drivers/STM32F1xx_HAL_Driver/Src/stm32f1xx_hal_flash_ex.c ****     if (status != HAL_OK)
 1024              		.loc 1 476 5 is_stmt 1 view .LVU292
 476:Drivers/STM32F1xx_HAL_Driver/Src/stm32f1xx_hal_flash_ex.c ****     if (status != HAL_OK)
 1025              		.loc 1 476 14 is_stmt 0 view .LVU293
 1026 005a 207C     		ldrb	r0, [r4, #16]	@ zero_extendqisi2
 1027              	.LVL102:
 476:Drivers/STM32F1xx_HAL_Driver/Src/stm32f1xx_hal_flash_ex.c ****     if (status != HAL_OK)
 1028              		.loc 1 476 14 view .LVU294
 1029 005c FFF7FEFF 		bl	FLASH_OB_RDP_LevelConfig
 1030              	.LVL103:
ARM GAS  /tmp/ccJhoDJv.s 			page 42


 477:Drivers/STM32F1xx_HAL_Driver/Src/stm32f1xx_hal_flash_ex.c ****     {
 1031              		.loc 1 477 5 is_stmt 1 view .LVU295
 477:Drivers/STM32F1xx_HAL_Driver/Src/stm32f1xx_hal_flash_ex.c ****     {
 1032              		.loc 1 477 8 is_stmt 0 view .LVU296
 1033 0060 0028     		cmp	r0, #0
 1034 0062 EED0     		beq	.L76
 480:Drivers/STM32F1xx_HAL_Driver/Src/stm32f1xx_hal_flash_ex.c ****       return status;
 1035              		.loc 1 480 7 is_stmt 1 view .LVU297
 480:Drivers/STM32F1xx_HAL_Driver/Src/stm32f1xx_hal_flash_ex.c ****       return status;
 1036              		.loc 1 480 7 view .LVU298
 1037 0064 0C4B     		ldr	r3, .L89
 1038 0066 0022     		movs	r2, #0
 1039 0068 1A76     		strb	r2, [r3, #24]
 480:Drivers/STM32F1xx_HAL_Driver/Src/stm32f1xx_hal_flash_ex.c ****       return status;
 1040              		.loc 1 480 7 view .LVU299
 481:Drivers/STM32F1xx_HAL_Driver/Src/stm32f1xx_hal_flash_ex.c ****     }
 1041              		.loc 1 481 7 view .LVU300
 481:Drivers/STM32F1xx_HAL_Driver/Src/stm32f1xx_hal_flash_ex.c ****     }
 1042              		.loc 1 481 14 is_stmt 0 view .LVU301
 1043 006a F5E7     		b	.L72
 1044              	.L87:
 488:Drivers/STM32F1xx_HAL_Driver/Src/stm32f1xx_hal_flash_ex.c ****     if (status != HAL_OK)
 1045              		.loc 1 488 5 is_stmt 1 view .LVU302
 488:Drivers/STM32F1xx_HAL_Driver/Src/stm32f1xx_hal_flash_ex.c ****     if (status != HAL_OK)
 1046              		.loc 1 488 14 is_stmt 0 view .LVU303
 1047 006c 607C     		ldrb	r0, [r4, #17]	@ zero_extendqisi2
 1048              	.LVL104:
 488:Drivers/STM32F1xx_HAL_Driver/Src/stm32f1xx_hal_flash_ex.c ****     if (status != HAL_OK)
 1049              		.loc 1 488 14 view .LVU304
 1050 006e FFF7FEFF 		bl	FLASH_OB_UserConfig
 1051              	.LVL105:
 489:Drivers/STM32F1xx_HAL_Driver/Src/stm32f1xx_hal_flash_ex.c ****     {
 1052              		.loc 1 489 5 is_stmt 1 view .LVU305
 489:Drivers/STM32F1xx_HAL_Driver/Src/stm32f1xx_hal_flash_ex.c ****     {
 1053              		.loc 1 489 8 is_stmt 0 view .LVU306
 1054 0072 0028     		cmp	r0, #0
 1055 0074 E9D0     		beq	.L77
 492:Drivers/STM32F1xx_HAL_Driver/Src/stm32f1xx_hal_flash_ex.c ****       return status;
 1056              		.loc 1 492 7 is_stmt 1 view .LVU307
 492:Drivers/STM32F1xx_HAL_Driver/Src/stm32f1xx_hal_flash_ex.c ****       return status;
 1057              		.loc 1 492 7 view .LVU308
 1058 0076 084B     		ldr	r3, .L89
 1059 0078 0022     		movs	r2, #0
 1060 007a 1A76     		strb	r2, [r3, #24]
 492:Drivers/STM32F1xx_HAL_Driver/Src/stm32f1xx_hal_flash_ex.c ****       return status;
 1061              		.loc 1 492 7 view .LVU309
 493:Drivers/STM32F1xx_HAL_Driver/Src/stm32f1xx_hal_flash_ex.c ****     }
 1062              		.loc 1 493 7 view .LVU310
 493:Drivers/STM32F1xx_HAL_Driver/Src/stm32f1xx_hal_flash_ex.c ****     }
 1063              		.loc 1 493 14 is_stmt 0 view .LVU311
 1064 007c ECE7     		b	.L72
 1065              	.L88:
 500:Drivers/STM32F1xx_HAL_Driver/Src/stm32f1xx_hal_flash_ex.c ****     if (status != HAL_OK)
 1066              		.loc 1 500 5 is_stmt 1 view .LVU312
 500:Drivers/STM32F1xx_HAL_Driver/Src/stm32f1xx_hal_flash_ex.c ****     if (status != HAL_OK)
 1067              		.loc 1 500 14 is_stmt 0 view .LVU313
 1068 007e 217E     		ldrb	r1, [r4, #24]	@ zero_extendqisi2
ARM GAS  /tmp/ccJhoDJv.s 			page 43


 1069 0080 6069     		ldr	r0, [r4, #20]
 1070              	.LVL106:
 500:Drivers/STM32F1xx_HAL_Driver/Src/stm32f1xx_hal_flash_ex.c ****     if (status != HAL_OK)
 1071              		.loc 1 500 14 view .LVU314
 1072 0082 FFF7FEFF 		bl	FLASH_OB_ProgramData
 1073              	.LVL107:
 501:Drivers/STM32F1xx_HAL_Driver/Src/stm32f1xx_hal_flash_ex.c ****     {
 1074              		.loc 1 501 5 is_stmt 1 view .LVU315
 501:Drivers/STM32F1xx_HAL_Driver/Src/stm32f1xx_hal_flash_ex.c ****     {
 1075              		.loc 1 501 8 is_stmt 0 view .LVU316
 1076 0086 0028     		cmp	r0, #0
 1077 0088 E3D0     		beq	.L78
 504:Drivers/STM32F1xx_HAL_Driver/Src/stm32f1xx_hal_flash_ex.c ****       return status;
 1078              		.loc 1 504 7 is_stmt 1 view .LVU317
 504:Drivers/STM32F1xx_HAL_Driver/Src/stm32f1xx_hal_flash_ex.c ****       return status;
 1079              		.loc 1 504 7 view .LVU318
 1080 008a 034B     		ldr	r3, .L89
 1081 008c 0022     		movs	r2, #0
 1082 008e 1A76     		strb	r2, [r3, #24]
 504:Drivers/STM32F1xx_HAL_Driver/Src/stm32f1xx_hal_flash_ex.c ****       return status;
 1083              		.loc 1 504 7 view .LVU319
 505:Drivers/STM32F1xx_HAL_Driver/Src/stm32f1xx_hal_flash_ex.c ****     }
 1084              		.loc 1 505 7 view .LVU320
 505:Drivers/STM32F1xx_HAL_Driver/Src/stm32f1xx_hal_flash_ex.c ****     }
 1085              		.loc 1 505 14 is_stmt 0 view .LVU321
 1086 0090 E2E7     		b	.L72
 1087              	.LVL108:
 1088              	.L79:
 1089              	.LCFI7:
 1090              		.cfi_def_cfa_offset 0
 1091              		.cfi_restore 4
 1092              		.cfi_restore 14
 446:Drivers/STM32F1xx_HAL_Driver/Src/stm32f1xx_hal_flash_ex.c **** 
 1093              		.loc 1 446 3 discriminator 1 view .LVU322
 1094 0092 0220     		movs	r0, #2
 1095              	.LVL109:
 513:Drivers/STM32F1xx_HAL_Driver/Src/stm32f1xx_hal_flash_ex.c **** 
 1096              		.loc 1 513 1 view .LVU323
 1097 0094 7047     		bx	lr
 1098              	.L90:
 1099 0096 00BF     		.align	2
 1100              	.L89:
 1101 0098 00000000 		.word	pFlash
 1102              		.cfi_endproc
 1103              	.LFE68:
 1105              		.section	.text.HAL_FLASHEx_OBGetConfig,"ax",%progbits
 1106              		.align	1
 1107              		.global	HAL_FLASHEx_OBGetConfig
 1108              		.syntax unified
 1109              		.thumb
 1110              		.thumb_func
 1112              	HAL_FLASHEx_OBGetConfig:
 1113              	.LVL110:
 1114              	.LFB69:
 523:Drivers/STM32F1xx_HAL_Driver/Src/stm32f1xx_hal_flash_ex.c ****   pOBInit->OptionType = OPTIONBYTE_WRP | OPTIONBYTE_RDP | OPTIONBYTE_USER;
 1115              		.loc 1 523 1 is_stmt 1 view -0
 1116              		.cfi_startproc
ARM GAS  /tmp/ccJhoDJv.s 			page 44


 1117              		@ args = 0, pretend = 0, frame = 0
 1118              		@ frame_needed = 0, uses_anonymous_args = 0
 523:Drivers/STM32F1xx_HAL_Driver/Src/stm32f1xx_hal_flash_ex.c ****   pOBInit->OptionType = OPTIONBYTE_WRP | OPTIONBYTE_RDP | OPTIONBYTE_USER;
 1119              		.loc 1 523 1 is_stmt 0 view .LVU325
 1120 0000 10B5     		push	{r4, lr}
 1121              	.LCFI8:
 1122              		.cfi_def_cfa_offset 8
 1123              		.cfi_offset 4, -8
 1124              		.cfi_offset 14, -4
 1125 0002 0446     		mov	r4, r0
 524:Drivers/STM32F1xx_HAL_Driver/Src/stm32f1xx_hal_flash_ex.c **** 
 1126              		.loc 1 524 3 is_stmt 1 view .LVU326
 524:Drivers/STM32F1xx_HAL_Driver/Src/stm32f1xx_hal_flash_ex.c **** 
 1127              		.loc 1 524 23 is_stmt 0 view .LVU327
 1128 0004 0723     		movs	r3, #7
 1129 0006 0360     		str	r3, [r0]
 527:Drivers/STM32F1xx_HAL_Driver/Src/stm32f1xx_hal_flash_ex.c **** 
 1130              		.loc 1 527 3 is_stmt 1 view .LVU328
 527:Drivers/STM32F1xx_HAL_Driver/Src/stm32f1xx_hal_flash_ex.c **** 
 1131              		.loc 1 527 22 is_stmt 0 view .LVU329
 1132 0008 FFF7FEFF 		bl	FLASH_OB_GetWRP
 1133              	.LVL111:
 527:Drivers/STM32F1xx_HAL_Driver/Src/stm32f1xx_hal_flash_ex.c **** 
 1134              		.loc 1 527 20 discriminator 1 view .LVU330
 1135 000c A060     		str	r0, [r4, #8]
 530:Drivers/STM32F1xx_HAL_Driver/Src/stm32f1xx_hal_flash_ex.c **** 
 1136              		.loc 1 530 3 is_stmt 1 view .LVU331
 530:Drivers/STM32F1xx_HAL_Driver/Src/stm32f1xx_hal_flash_ex.c **** 
 1137              		.loc 1 530 23 is_stmt 0 view .LVU332
 1138 000e FFF7FEFF 		bl	FLASH_OB_GetRDP
 1139              	.LVL112:
 530:Drivers/STM32F1xx_HAL_Driver/Src/stm32f1xx_hal_flash_ex.c **** 
 1140              		.loc 1 530 21 discriminator 1 view .LVU333
 1141 0012 2074     		strb	r0, [r4, #16]
 533:Drivers/STM32F1xx_HAL_Driver/Src/stm32f1xx_hal_flash_ex.c **** }
 1142              		.loc 1 533 3 is_stmt 1 view .LVU334
 533:Drivers/STM32F1xx_HAL_Driver/Src/stm32f1xx_hal_flash_ex.c **** }
 1143              		.loc 1 533 25 is_stmt 0 view .LVU335
 1144 0014 FFF7FEFF 		bl	FLASH_OB_GetUser
 1145              	.LVL113:
 533:Drivers/STM32F1xx_HAL_Driver/Src/stm32f1xx_hal_flash_ex.c **** }
 1146              		.loc 1 533 23 discriminator 1 view .LVU336
 1147 0018 6074     		strb	r0, [r4, #17]
 534:Drivers/STM32F1xx_HAL_Driver/Src/stm32f1xx_hal_flash_ex.c **** 
 1148              		.loc 1 534 1 view .LVU337
 1149 001a 10BD     		pop	{r4, pc}
 534:Drivers/STM32F1xx_HAL_Driver/Src/stm32f1xx_hal_flash_ex.c **** 
 1150              		.loc 1 534 1 view .LVU338
 1151              		.cfi_endproc
 1152              	.LFE69:
 1154              		.section	.text.HAL_FLASHEx_OBGetUserData,"ax",%progbits
 1155              		.align	1
 1156              		.global	HAL_FLASHEx_OBGetUserData
 1157              		.syntax unified
 1158              		.thumb
 1159              		.thumb_func
 1161              	HAL_FLASHEx_OBGetUserData:
ARM GAS  /tmp/ccJhoDJv.s 			page 45


 1162              	.LVL114:
 1163              	.LFB70:
 545:Drivers/STM32F1xx_HAL_Driver/Src/stm32f1xx_hal_flash_ex.c ****   uint32_t value = 0;
 1164              		.loc 1 545 1 is_stmt 1 view -0
 1165              		.cfi_startproc
 1166              		@ args = 0, pretend = 0, frame = 0
 1167              		@ frame_needed = 0, uses_anonymous_args = 0
 1168              		@ link register save eliminated.
 546:Drivers/STM32F1xx_HAL_Driver/Src/stm32f1xx_hal_flash_ex.c ****   
 1169              		.loc 1 546 3 view .LVU340
 548:Drivers/STM32F1xx_HAL_Driver/Src/stm32f1xx_hal_flash_ex.c ****   {
 1170              		.loc 1 548 3 view .LVU341
 548:Drivers/STM32F1xx_HAL_Driver/Src/stm32f1xx_hal_flash_ex.c ****   {
 1171              		.loc 1 548 6 is_stmt 0 view .LVU342
 1172 0000 064B     		ldr	r3, .L97
 1173 0002 9842     		cmp	r0, r3
 1174 0004 04D0     		beq	.L96
 556:Drivers/STM32F1xx_HAL_Driver/Src/stm32f1xx_hal_flash_ex.c ****   }
 1175              		.loc 1 556 5 is_stmt 1 view .LVU343
 556:Drivers/STM32F1xx_HAL_Driver/Src/stm32f1xx_hal_flash_ex.c ****   }
 1176              		.loc 1 556 13 is_stmt 0 view .LVU344
 1177 0006 064B     		ldr	r3, .L97+4
 1178 0008 D869     		ldr	r0, [r3, #28]
 1179              	.LVL115:
 556:Drivers/STM32F1xx_HAL_Driver/Src/stm32f1xx_hal_flash_ex.c ****   }
 1180              		.loc 1 556 11 view .LVU345
 1181 000a C0F38740 		ubfx	r0, r0, #18, #8
 1182              	.LVL116:
 559:Drivers/STM32F1xx_HAL_Driver/Src/stm32f1xx_hal_flash_ex.c **** }
 1183              		.loc 1 559 3 is_stmt 1 view .LVU346
 560:Drivers/STM32F1xx_HAL_Driver/Src/stm32f1xx_hal_flash_ex.c **** 
 1184              		.loc 1 560 1 is_stmt 0 view .LVU347
 1185 000e 7047     		bx	lr
 1186              	.LVL117:
 1187              	.L96:
 551:Drivers/STM32F1xx_HAL_Driver/Src/stm32f1xx_hal_flash_ex.c ****   }
 1188              		.loc 1 551 5 is_stmt 1 view .LVU348
 551:Drivers/STM32F1xx_HAL_Driver/Src/stm32f1xx_hal_flash_ex.c ****   }
 1189              		.loc 1 551 13 is_stmt 0 view .LVU349
 1190 0010 034B     		ldr	r3, .L97+4
 1191 0012 D869     		ldr	r0, [r3, #28]
 1192              	.LVL118:
 551:Drivers/STM32F1xx_HAL_Driver/Src/stm32f1xx_hal_flash_ex.c ****   }
 1193              		.loc 1 551 11 view .LVU350
 1194 0014 C0F38720 		ubfx	r0, r0, #10, #8
 1195              	.LVL119:
 551:Drivers/STM32F1xx_HAL_Driver/Src/stm32f1xx_hal_flash_ex.c ****   }
 1196              		.loc 1 551 11 view .LVU351
 1197 0018 7047     		bx	lr
 1198              	.L98:
 1199 001a 00BF     		.align	2
 1200              	.L97:
 1201 001c 04F8FF1F 		.word	536868868
 1202 0020 00200240 		.word	1073881088
 1203              		.cfi_endproc
 1204              	.LFE70:
 1206              		.section	.text.FLASH_PageErase,"ax",%progbits
ARM GAS  /tmp/ccJhoDJv.s 			page 46


 1207              		.align	1
 1208              		.global	FLASH_PageErase
 1209              		.syntax unified
 1210              		.thumb
 1211              		.thumb_func
 1213              	FLASH_PageErase:
 1214              	.LVL120:
 1215              	.LFB80:
1060:Drivers/STM32F1xx_HAL_Driver/Src/stm32f1xx_hal_flash_ex.c **** 
1061:Drivers/STM32F1xx_HAL_Driver/Src/stm32f1xx_hal_flash_ex.c **** /**
1062:Drivers/STM32F1xx_HAL_Driver/Src/stm32f1xx_hal_flash_ex.c ****   * @}
1063:Drivers/STM32F1xx_HAL_Driver/Src/stm32f1xx_hal_flash_ex.c ****   */
1064:Drivers/STM32F1xx_HAL_Driver/Src/stm32f1xx_hal_flash_ex.c **** 
1065:Drivers/STM32F1xx_HAL_Driver/Src/stm32f1xx_hal_flash_ex.c **** /**
1066:Drivers/STM32F1xx_HAL_Driver/Src/stm32f1xx_hal_flash_ex.c ****   * @}
1067:Drivers/STM32F1xx_HAL_Driver/Src/stm32f1xx_hal_flash_ex.c ****   */
1068:Drivers/STM32F1xx_HAL_Driver/Src/stm32f1xx_hal_flash_ex.c **** 
1069:Drivers/STM32F1xx_HAL_Driver/Src/stm32f1xx_hal_flash_ex.c **** /** @addtogroup FLASH
1070:Drivers/STM32F1xx_HAL_Driver/Src/stm32f1xx_hal_flash_ex.c ****   * @{
1071:Drivers/STM32F1xx_HAL_Driver/Src/stm32f1xx_hal_flash_ex.c ****   */
1072:Drivers/STM32F1xx_HAL_Driver/Src/stm32f1xx_hal_flash_ex.c **** 
1073:Drivers/STM32F1xx_HAL_Driver/Src/stm32f1xx_hal_flash_ex.c **** /** @addtogroup FLASH_Private_Functions
1074:Drivers/STM32F1xx_HAL_Driver/Src/stm32f1xx_hal_flash_ex.c ****  * @{
1075:Drivers/STM32F1xx_HAL_Driver/Src/stm32f1xx_hal_flash_ex.c ****  */
1076:Drivers/STM32F1xx_HAL_Driver/Src/stm32f1xx_hal_flash_ex.c **** 
1077:Drivers/STM32F1xx_HAL_Driver/Src/stm32f1xx_hal_flash_ex.c **** /**
1078:Drivers/STM32F1xx_HAL_Driver/Src/stm32f1xx_hal_flash_ex.c ****   * @brief  Erase the specified FLASH memory page
1079:Drivers/STM32F1xx_HAL_Driver/Src/stm32f1xx_hal_flash_ex.c ****   * @param  PageAddress FLASH page to erase
1080:Drivers/STM32F1xx_HAL_Driver/Src/stm32f1xx_hal_flash_ex.c ****   *         The value of this parameter depend on device used within the same series      
1081:Drivers/STM32F1xx_HAL_Driver/Src/stm32f1xx_hal_flash_ex.c ****   * 
1082:Drivers/STM32F1xx_HAL_Driver/Src/stm32f1xx_hal_flash_ex.c ****   * @retval None
1083:Drivers/STM32F1xx_HAL_Driver/Src/stm32f1xx_hal_flash_ex.c ****   */
1084:Drivers/STM32F1xx_HAL_Driver/Src/stm32f1xx_hal_flash_ex.c **** void FLASH_PageErase(uint32_t PageAddress)
1085:Drivers/STM32F1xx_HAL_Driver/Src/stm32f1xx_hal_flash_ex.c **** {
 1216              		.loc 1 1085 1 is_stmt 1 view -0
 1217              		.cfi_startproc
 1218              		@ args = 0, pretend = 0, frame = 0
 1219              		@ frame_needed = 0, uses_anonymous_args = 0
 1220              		@ link register save eliminated.
1086:Drivers/STM32F1xx_HAL_Driver/Src/stm32f1xx_hal_flash_ex.c ****   /* Clean the error context */
1087:Drivers/STM32F1xx_HAL_Driver/Src/stm32f1xx_hal_flash_ex.c ****   pFlash.ErrorCode = HAL_FLASH_ERROR_NONE;
 1221              		.loc 1 1087 3 view .LVU353
 1222              		.loc 1 1087 20 is_stmt 0 view .LVU354
 1223 0000 064B     		ldr	r3, .L100
 1224 0002 0022     		movs	r2, #0
 1225 0004 DA61     		str	r2, [r3, #28]
1088:Drivers/STM32F1xx_HAL_Driver/Src/stm32f1xx_hal_flash_ex.c **** 
1089:Drivers/STM32F1xx_HAL_Driver/Src/stm32f1xx_hal_flash_ex.c **** #if defined(FLASH_BANK2_END)
1090:Drivers/STM32F1xx_HAL_Driver/Src/stm32f1xx_hal_flash_ex.c ****   if(PageAddress > FLASH_BANK1_END)
1091:Drivers/STM32F1xx_HAL_Driver/Src/stm32f1xx_hal_flash_ex.c ****   { 
1092:Drivers/STM32F1xx_HAL_Driver/Src/stm32f1xx_hal_flash_ex.c ****     /* Proceed to erase the page */
1093:Drivers/STM32F1xx_HAL_Driver/Src/stm32f1xx_hal_flash_ex.c ****     SET_BIT(FLASH->CR2, FLASH_CR2_PER);
1094:Drivers/STM32F1xx_HAL_Driver/Src/stm32f1xx_hal_flash_ex.c ****     WRITE_REG(FLASH->AR2, PageAddress);
1095:Drivers/STM32F1xx_HAL_Driver/Src/stm32f1xx_hal_flash_ex.c ****     SET_BIT(FLASH->CR2, FLASH_CR2_STRT);
1096:Drivers/STM32F1xx_HAL_Driver/Src/stm32f1xx_hal_flash_ex.c ****   }
1097:Drivers/STM32F1xx_HAL_Driver/Src/stm32f1xx_hal_flash_ex.c ****   else
1098:Drivers/STM32F1xx_HAL_Driver/Src/stm32f1xx_hal_flash_ex.c ****   {
ARM GAS  /tmp/ccJhoDJv.s 			page 47


1099:Drivers/STM32F1xx_HAL_Driver/Src/stm32f1xx_hal_flash_ex.c **** #endif /* FLASH_BANK2_END */
1100:Drivers/STM32F1xx_HAL_Driver/Src/stm32f1xx_hal_flash_ex.c ****     /* Proceed to erase the page */
1101:Drivers/STM32F1xx_HAL_Driver/Src/stm32f1xx_hal_flash_ex.c ****     SET_BIT(FLASH->CR, FLASH_CR_PER);
 1226              		.loc 1 1101 5 is_stmt 1 view .LVU355
 1227 0006 064B     		ldr	r3, .L100+4
 1228 0008 1A69     		ldr	r2, [r3, #16]
 1229 000a 42F00202 		orr	r2, r2, #2
 1230 000e 1A61     		str	r2, [r3, #16]
1102:Drivers/STM32F1xx_HAL_Driver/Src/stm32f1xx_hal_flash_ex.c ****     WRITE_REG(FLASH->AR, PageAddress);
 1231              		.loc 1 1102 5 view .LVU356
 1232 0010 5861     		str	r0, [r3, #20]
1103:Drivers/STM32F1xx_HAL_Driver/Src/stm32f1xx_hal_flash_ex.c ****     SET_BIT(FLASH->CR, FLASH_CR_STRT);
 1233              		.loc 1 1103 5 view .LVU357
 1234 0012 1A69     		ldr	r2, [r3, #16]
 1235 0014 42F04002 		orr	r2, r2, #64
 1236 0018 1A61     		str	r2, [r3, #16]
1104:Drivers/STM32F1xx_HAL_Driver/Src/stm32f1xx_hal_flash_ex.c **** #if defined(FLASH_BANK2_END)
1105:Drivers/STM32F1xx_HAL_Driver/Src/stm32f1xx_hal_flash_ex.c ****   }
1106:Drivers/STM32F1xx_HAL_Driver/Src/stm32f1xx_hal_flash_ex.c **** #endif /* FLASH_BANK2_END */
1107:Drivers/STM32F1xx_HAL_Driver/Src/stm32f1xx_hal_flash_ex.c **** }
 1237              		.loc 1 1107 1 is_stmt 0 view .LVU358
 1238 001a 7047     		bx	lr
 1239              	.L101:
 1240              		.align	2
 1241              	.L100:
 1242 001c 00000000 		.word	pFlash
 1243 0020 00200240 		.word	1073881088
 1244              		.cfi_endproc
 1245              	.LFE80:
 1247              		.section	.text.HAL_FLASHEx_Erase,"ax",%progbits
 1248              		.align	1
 1249              		.global	HAL_FLASHEx_Erase
 1250              		.syntax unified
 1251              		.thumb
 1252              		.thumb_func
 1254              	HAL_FLASHEx_Erase:
 1255              	.LVL121:
 1256              	.LFB65:
 158:Drivers/STM32F1xx_HAL_Driver/Src/stm32f1xx_hal_flash_ex.c ****   HAL_StatusTypeDef status = HAL_ERROR;
 1257              		.loc 1 158 1 is_stmt 1 view -0
 1258              		.cfi_startproc
 1259              		@ args = 0, pretend = 0, frame = 0
 1260              		@ frame_needed = 0, uses_anonymous_args = 0
 159:Drivers/STM32F1xx_HAL_Driver/Src/stm32f1xx_hal_flash_ex.c ****   uint32_t address = 0U;
 1261              		.loc 1 159 3 view .LVU360
 160:Drivers/STM32F1xx_HAL_Driver/Src/stm32f1xx_hal_flash_ex.c **** 
 1262              		.loc 1 160 3 view .LVU361
 163:Drivers/STM32F1xx_HAL_Driver/Src/stm32f1xx_hal_flash_ex.c **** 
 1263              		.loc 1 163 3 view .LVU362
 163:Drivers/STM32F1xx_HAL_Driver/Src/stm32f1xx_hal_flash_ex.c **** 
 1264              		.loc 1 163 3 view .LVU363
 1265 0000 264B     		ldr	r3, .L118
 1266 0002 1B7E     		ldrb	r3, [r3, #24]	@ zero_extendqisi2
 1267 0004 012B     		cmp	r3, #1
 1268 0006 45D0     		beq	.L111
 158:Drivers/STM32F1xx_HAL_Driver/Src/stm32f1xx_hal_flash_ex.c ****   HAL_StatusTypeDef status = HAL_ERROR;
 1269              		.loc 1 158 1 is_stmt 0 view .LVU364
ARM GAS  /tmp/ccJhoDJv.s 			page 48


 1270 0008 70B5     		push	{r4, r5, r6, lr}
 1271              	.LCFI9:
 1272              		.cfi_def_cfa_offset 16
 1273              		.cfi_offset 4, -16
 1274              		.cfi_offset 5, -12
 1275              		.cfi_offset 6, -8
 1276              		.cfi_offset 14, -4
 1277 000a 0546     		mov	r5, r0
 1278 000c 0E46     		mov	r6, r1
 163:Drivers/STM32F1xx_HAL_Driver/Src/stm32f1xx_hal_flash_ex.c **** 
 1279              		.loc 1 163 3 is_stmt 1 discriminator 2 view .LVU365
 1280 000e 234B     		ldr	r3, .L118
 1281 0010 0122     		movs	r2, #1
 1282 0012 1A76     		strb	r2, [r3, #24]
 163:Drivers/STM32F1xx_HAL_Driver/Src/stm32f1xx_hal_flash_ex.c **** 
 1283              		.loc 1 163 3 discriminator 2 view .LVU366
 166:Drivers/STM32F1xx_HAL_Driver/Src/stm32f1xx_hal_flash_ex.c **** 
 1284              		.loc 1 166 3 view .LVU367
 168:Drivers/STM32F1xx_HAL_Driver/Src/stm32f1xx_hal_flash_ex.c ****   {
 1285              		.loc 1 168 3 view .LVU368
 168:Drivers/STM32F1xx_HAL_Driver/Src/stm32f1xx_hal_flash_ex.c ****   {
 1286              		.loc 1 168 17 is_stmt 0 view .LVU369
 1287 0014 0368     		ldr	r3, [r0]
 168:Drivers/STM32F1xx_HAL_Driver/Src/stm32f1xx_hal_flash_ex.c ****   {
 1288              		.loc 1 168 6 view .LVU370
 1289 0016 022B     		cmp	r3, #2
 1290 0018 0AD0     		beq	.L116
 231:Drivers/STM32F1xx_HAL_Driver/Src/stm32f1xx_hal_flash_ex.c ****     assert_param(IS_FLASH_NB_PAGES(pEraseInit->PageAddress, pEraseInit->NbPages));
 1291              		.loc 1 231 5 is_stmt 1 view .LVU371
 232:Drivers/STM32F1xx_HAL_Driver/Src/stm32f1xx_hal_flash_ex.c ****     
 1292              		.loc 1 232 5 view .LVU372
 271:Drivers/STM32F1xx_HAL_Driver/Src/stm32f1xx_hal_flash_ex.c ****       {
 1293              		.loc 1 271 7 view .LVU373
 271:Drivers/STM32F1xx_HAL_Driver/Src/stm32f1xx_hal_flash_ex.c ****       {
 1294              		.loc 1 271 11 is_stmt 0 view .LVU374
 1295 001a 4CF25030 		movw	r0, #50000
 1296              	.LVL122:
 271:Drivers/STM32F1xx_HAL_Driver/Src/stm32f1xx_hal_flash_ex.c ****       {
 1297              		.loc 1 271 11 view .LVU375
 1298 001e FFF7FEFF 		bl	FLASH_WaitForLastOperation
 1299              	.LVL123:
 271:Drivers/STM32F1xx_HAL_Driver/Src/stm32f1xx_hal_flash_ex.c ****       {
 1300              		.loc 1 271 10 discriminator 1 view .LVU376
 1301 0022 C8B1     		cbz	r0, .L107
 1302              	.L105:
 159:Drivers/STM32F1xx_HAL_Driver/Src/stm32f1xx_hal_flash_ex.c ****   uint32_t address = 0U;
 1303              		.loc 1 159 21 view .LVU377
 1304 0024 0121     		movs	r1, #1
 1305              	.LVL124:
 1306              	.L106:
 301:Drivers/STM32F1xx_HAL_Driver/Src/stm32f1xx_hal_flash_ex.c **** 
 1307              		.loc 1 301 3 is_stmt 1 view .LVU378
 301:Drivers/STM32F1xx_HAL_Driver/Src/stm32f1xx_hal_flash_ex.c **** 
 1308              		.loc 1 301 3 view .LVU379
 1309 0026 1D4B     		ldr	r3, .L118
 1310 0028 0022     		movs	r2, #0
 1311 002a 1A76     		strb	r2, [r3, #24]
ARM GAS  /tmp/ccJhoDJv.s 			page 49


 301:Drivers/STM32F1xx_HAL_Driver/Src/stm32f1xx_hal_flash_ex.c **** 
 1312              		.loc 1 301 3 view .LVU380
 303:Drivers/STM32F1xx_HAL_Driver/Src/stm32f1xx_hal_flash_ex.c **** }
 1313              		.loc 1 303 3 view .LVU381
 304:Drivers/STM32F1xx_HAL_Driver/Src/stm32f1xx_hal_flash_ex.c **** 
 1314              		.loc 1 304 1 is_stmt 0 view .LVU382
 1315 002c 0846     		mov	r0, r1
 1316 002e 70BD     		pop	{r4, r5, r6, pc}
 1317              	.LVL125:
 1318              	.L116:
 214:Drivers/STM32F1xx_HAL_Driver/Src/stm32f1xx_hal_flash_ex.c ****       {
 1319              		.loc 1 214 7 is_stmt 1 view .LVU383
 214:Drivers/STM32F1xx_HAL_Driver/Src/stm32f1xx_hal_flash_ex.c ****       {
 1320              		.loc 1 214 11 is_stmt 0 view .LVU384
 1321 0030 4CF25030 		movw	r0, #50000
 1322              	.LVL126:
 214:Drivers/STM32F1xx_HAL_Driver/Src/stm32f1xx_hal_flash_ex.c ****       {
 1323              		.loc 1 214 11 view .LVU385
 1324 0034 FFF7FEFF 		bl	FLASH_WaitForLastOperation
 1325              	.LVL127:
 214:Drivers/STM32F1xx_HAL_Driver/Src/stm32f1xx_hal_flash_ex.c ****       {
 1326              		.loc 1 214 10 discriminator 1 view .LVU386
 1327 0038 0028     		cmp	r0, #0
 1328 003a F3D1     		bne	.L105
 217:Drivers/STM32F1xx_HAL_Driver/Src/stm32f1xx_hal_flash_ex.c ****         
 1329              		.loc 1 217 9 is_stmt 1 view .LVU387
 1330 003c 0120     		movs	r0, #1
 1331 003e FFF7FEFF 		bl	FLASH_MassErase
 1332              	.LVL128:
 220:Drivers/STM32F1xx_HAL_Driver/Src/stm32f1xx_hal_flash_ex.c ****         
 1333              		.loc 1 220 9 view .LVU388
 220:Drivers/STM32F1xx_HAL_Driver/Src/stm32f1xx_hal_flash_ex.c ****         
 1334              		.loc 1 220 18 is_stmt 0 view .LVU389
 1335 0042 4CF25030 		movw	r0, #50000
 1336 0046 FFF7FEFF 		bl	FLASH_WaitForLastOperation
 1337              	.LVL129:
 1338 004a 0146     		mov	r1, r0
 1339              	.LVL130:
 223:Drivers/STM32F1xx_HAL_Driver/Src/stm32f1xx_hal_flash_ex.c ****       }
 1340              		.loc 1 223 9 is_stmt 1 view .LVU390
 1341 004c 144A     		ldr	r2, .L118+4
 1342 004e 1369     		ldr	r3, [r2, #16]
 1343 0050 23F00403 		bic	r3, r3, #4
 1344 0054 1361     		str	r3, [r2, #16]
 1345 0056 E6E7     		b	.L106
 1346              	.LVL131:
 1347              	.L107:
 274:Drivers/STM32F1xx_HAL_Driver/Src/stm32f1xx_hal_flash_ex.c ****         
 1348              		.loc 1 274 9 view .LVU391
 274:Drivers/STM32F1xx_HAL_Driver/Src/stm32f1xx_hal_flash_ex.c ****         
 1349              		.loc 1 274 20 is_stmt 0 view .LVU392
 1350 0058 4FF0FF33 		mov	r3, #-1
 1351 005c 3360     		str	r3, [r6]
 277:Drivers/STM32F1xx_HAL_Driver/Src/stm32f1xx_hal_flash_ex.c ****             address < ((pEraseInit->NbPages * FLASH_PAGE_SIZE) + pEraseInit->PageAddress);
 1352              		.loc 1 277 9 is_stmt 1 view .LVU393
 277:Drivers/STM32F1xx_HAL_Driver/Src/stm32f1xx_hal_flash_ex.c ****             address < ((pEraseInit->NbPages * FLASH_PAGE_SIZE) + pEraseInit->PageAddress);
 1353              		.loc 1 277 21 is_stmt 0 view .LVU394
ARM GAS  /tmp/ccJhoDJv.s 			page 50


 1354 005e AC68     		ldr	r4, [r5, #8]
 1355              	.LVL132:
 159:Drivers/STM32F1xx_HAL_Driver/Src/stm32f1xx_hal_flash_ex.c ****   uint32_t address = 0U;
 1356              		.loc 1 159 21 view .LVU395
 1357 0060 0121     		movs	r1, #1
 1358              	.LVL133:
 1359              	.L108:
 278:Drivers/STM32F1xx_HAL_Driver/Src/stm32f1xx_hal_flash_ex.c ****             address += FLASH_PAGE_SIZE)
 1360              		.loc 1 278 21 is_stmt 1 view .LVU396
 278:Drivers/STM32F1xx_HAL_Driver/Src/stm32f1xx_hal_flash_ex.c ****             address += FLASH_PAGE_SIZE)
 1361              		.loc 1 278 35 is_stmt 0 view .LVU397
 1362 0062 EA68     		ldr	r2, [r5, #12]
 278:Drivers/STM32F1xx_HAL_Driver/Src/stm32f1xx_hal_flash_ex.c ****             address += FLASH_PAGE_SIZE)
 1363              		.loc 1 278 76 view .LVU398
 1364 0064 AB68     		ldr	r3, [r5, #8]
 278:Drivers/STM32F1xx_HAL_Driver/Src/stm32f1xx_hal_flash_ex.c ****             address += FLASH_PAGE_SIZE)
 1365              		.loc 1 278 64 view .LVU399
 1366 0066 03EB8223 		add	r3, r3, r2, lsl #10
 278:Drivers/STM32F1xx_HAL_Driver/Src/stm32f1xx_hal_flash_ex.c ****             address += FLASH_PAGE_SIZE)
 1367              		.loc 1 278 21 view .LVU400
 1368 006a A342     		cmp	r3, r4
 1369 006c DBD9     		bls	.L106
 281:Drivers/STM32F1xx_HAL_Driver/Src/stm32f1xx_hal_flash_ex.c ****           
 1370              		.loc 1 281 11 is_stmt 1 view .LVU401
 1371 006e 2046     		mov	r0, r4
 1372 0070 FFF7FEFF 		bl	FLASH_PageErase
 1373              	.LVL134:
 284:Drivers/STM32F1xx_HAL_Driver/Src/stm32f1xx_hal_flash_ex.c ****           
 1374              		.loc 1 284 11 view .LVU402
 284:Drivers/STM32F1xx_HAL_Driver/Src/stm32f1xx_hal_flash_ex.c ****           
 1375              		.loc 1 284 20 is_stmt 0 view .LVU403
 1376 0074 4CF25030 		movw	r0, #50000
 1377 0078 FFF7FEFF 		bl	FLASH_WaitForLastOperation
 1378              	.LVL135:
 287:Drivers/STM32F1xx_HAL_Driver/Src/stm32f1xx_hal_flash_ex.c ****           
 1379              		.loc 1 287 11 is_stmt 1 view .LVU404
 1380 007c 084A     		ldr	r2, .L118+4
 1381 007e 1369     		ldr	r3, [r2, #16]
 1382 0080 23F00203 		bic	r3, r3, #2
 1383 0084 1361     		str	r3, [r2, #16]
 289:Drivers/STM32F1xx_HAL_Driver/Src/stm32f1xx_hal_flash_ex.c ****           {
 1384              		.loc 1 289 11 view .LVU405
 289:Drivers/STM32F1xx_HAL_Driver/Src/stm32f1xx_hal_flash_ex.c ****           {
 1385              		.loc 1 289 14 is_stmt 0 view .LVU406
 1386 0086 0146     		mov	r1, r0
 1387 0088 10B9     		cbnz	r0, .L117
 279:Drivers/STM32F1xx_HAL_Driver/Src/stm32f1xx_hal_flash_ex.c ****         {
 1388              		.loc 1 279 21 is_stmt 1 view .LVU407
 1389 008a 04F58064 		add	r4, r4, #1024
 1390              	.LVL136:
 279:Drivers/STM32F1xx_HAL_Driver/Src/stm32f1xx_hal_flash_ex.c ****         {
 1391              		.loc 1 279 21 is_stmt 0 view .LVU408
 1392 008e E8E7     		b	.L108
 1393              	.LVL137:
 1394              	.L117:
 292:Drivers/STM32F1xx_HAL_Driver/Src/stm32f1xx_hal_flash_ex.c ****             break;
 1395              		.loc 1 292 13 is_stmt 1 view .LVU409
ARM GAS  /tmp/ccJhoDJv.s 			page 51


 292:Drivers/STM32F1xx_HAL_Driver/Src/stm32f1xx_hal_flash_ex.c ****             break;
 1396              		.loc 1 292 24 is_stmt 0 view .LVU410
 1397 0090 3460     		str	r4, [r6]
 293:Drivers/STM32F1xx_HAL_Driver/Src/stm32f1xx_hal_flash_ex.c ****           }
 1398              		.loc 1 293 13 is_stmt 1 view .LVU411
 1399 0092 C8E7     		b	.L106
 1400              	.LVL138:
 1401              	.L111:
 1402              	.LCFI10:
 1403              		.cfi_def_cfa_offset 0
 1404              		.cfi_restore 4
 1405              		.cfi_restore 5
 1406              		.cfi_restore 6
 1407              		.cfi_restore 14
 163:Drivers/STM32F1xx_HAL_Driver/Src/stm32f1xx_hal_flash_ex.c **** 
 1408              		.loc 1 163 3 is_stmt 0 discriminator 1 view .LVU412
 1409 0094 0221     		movs	r1, #2
 1410              	.LVL139:
 304:Drivers/STM32F1xx_HAL_Driver/Src/stm32f1xx_hal_flash_ex.c **** 
 1411              		.loc 1 304 1 view .LVU413
 1412 0096 0846     		mov	r0, r1
 1413              	.LVL140:
 304:Drivers/STM32F1xx_HAL_Driver/Src/stm32f1xx_hal_flash_ex.c **** 
 1414              		.loc 1 304 1 view .LVU414
 1415 0098 7047     		bx	lr
 1416              	.L119:
 1417 009a 00BF     		.align	2
 1418              	.L118:
 1419 009c 00000000 		.word	pFlash
 1420 00a0 00200240 		.word	1073881088
 1421              		.cfi_endproc
 1422              	.LFE65:
 1424              		.section	.text.HAL_FLASHEx_Erase_IT,"ax",%progbits
 1425              		.align	1
 1426              		.global	HAL_FLASHEx_Erase_IT
 1427              		.syntax unified
 1428              		.thumb
 1429              		.thumb_func
 1431              	HAL_FLASHEx_Erase_IT:
 1432              	.LVL141:
 1433              	.LFB66:
 318:Drivers/STM32F1xx_HAL_Driver/Src/stm32f1xx_hal_flash_ex.c ****   HAL_StatusTypeDef status = HAL_OK;
 1434              		.loc 1 318 1 is_stmt 1 view -0
 1435              		.cfi_startproc
 1436              		@ args = 0, pretend = 0, frame = 0
 1437              		@ frame_needed = 0, uses_anonymous_args = 0
 318:Drivers/STM32F1xx_HAL_Driver/Src/stm32f1xx_hal_flash_ex.c ****   HAL_StatusTypeDef status = HAL_OK;
 1438              		.loc 1 318 1 is_stmt 0 view .LVU416
 1439 0000 10B5     		push	{r4, lr}
 1440              	.LCFI11:
 1441              		.cfi_def_cfa_offset 8
 1442              		.cfi_offset 4, -8
 1443              		.cfi_offset 14, -4
 319:Drivers/STM32F1xx_HAL_Driver/Src/stm32f1xx_hal_flash_ex.c **** 
 1444              		.loc 1 319 3 is_stmt 1 view .LVU417
 1445              	.LVL142:
 322:Drivers/STM32F1xx_HAL_Driver/Src/stm32f1xx_hal_flash_ex.c ****   {
ARM GAS  /tmp/ccJhoDJv.s 			page 52


 1446              		.loc 1 322 3 view .LVU418
 322:Drivers/STM32F1xx_HAL_Driver/Src/stm32f1xx_hal_flash_ex.c ****   {
 1447              		.loc 1 322 13 is_stmt 0 view .LVU419
 1448 0002 104B     		ldr	r3, .L127
 1449 0004 1C78     		ldrb	r4, [r3]	@ zero_extendqisi2
 322:Drivers/STM32F1xx_HAL_Driver/Src/stm32f1xx_hal_flash_ex.c ****   {
 1450              		.loc 1 322 6 view .LVU420
 1451 0006 D4B9     		cbnz	r4, .L124
 328:Drivers/STM32F1xx_HAL_Driver/Src/stm32f1xx_hal_flash_ex.c **** 
 1452              		.loc 1 328 3 is_stmt 1 view .LVU421
 331:Drivers/STM32F1xx_HAL_Driver/Src/stm32f1xx_hal_flash_ex.c **** 
 1453              		.loc 1 331 3 view .LVU422
 1454 0008 0F4A     		ldr	r2, .L127+4
 1455 000a 1369     		ldr	r3, [r2, #16]
 1456 000c 43F4A053 		orr	r3, r3, #5120
 1457 0010 1361     		str	r3, [r2, #16]
 338:Drivers/STM32F1xx_HAL_Driver/Src/stm32f1xx_hal_flash_ex.c ****   {
 1458              		.loc 1 338 3 view .LVU423
 338:Drivers/STM32F1xx_HAL_Driver/Src/stm32f1xx_hal_flash_ex.c ****   {
 1459              		.loc 1 338 17 is_stmt 0 view .LVU424
 1460 0012 0368     		ldr	r3, [r0]
 338:Drivers/STM32F1xx_HAL_Driver/Src/stm32f1xx_hal_flash_ex.c ****   {
 1461              		.loc 1 338 6 view .LVU425
 1462 0014 022B     		cmp	r3, #2
 1463 0016 0BD0     		beq	.L126
 349:Drivers/STM32F1xx_HAL_Driver/Src/stm32f1xx_hal_flash_ex.c ****     assert_param(IS_FLASH_NB_PAGES(pEraseInit->PageAddress, pEraseInit->NbPages));
 1464              		.loc 1 349 5 is_stmt 1 view .LVU426
 350:Drivers/STM32F1xx_HAL_Driver/Src/stm32f1xx_hal_flash_ex.c **** 
 1465              		.loc 1 350 5 view .LVU427
 352:Drivers/STM32F1xx_HAL_Driver/Src/stm32f1xx_hal_flash_ex.c ****     pFlash.DataRemaining = pEraseInit->NbPages;
 1466              		.loc 1 352 5 view .LVU428
 352:Drivers/STM32F1xx_HAL_Driver/Src/stm32f1xx_hal_flash_ex.c ****     pFlash.DataRemaining = pEraseInit->NbPages;
 1467              		.loc 1 352 29 is_stmt 0 view .LVU429
 1468 0018 0A4B     		ldr	r3, .L127
 1469 001a 0122     		movs	r2, #1
 1470 001c 1A70     		strb	r2, [r3]
 353:Drivers/STM32F1xx_HAL_Driver/Src/stm32f1xx_hal_flash_ex.c ****     pFlash.Address = pEraseInit->PageAddress;
 1471              		.loc 1 353 5 is_stmt 1 view .LVU430
 353:Drivers/STM32F1xx_HAL_Driver/Src/stm32f1xx_hal_flash_ex.c ****     pFlash.Address = pEraseInit->PageAddress;
 1472              		.loc 1 353 38 is_stmt 0 view .LVU431
 1473 001e C268     		ldr	r2, [r0, #12]
 353:Drivers/STM32F1xx_HAL_Driver/Src/stm32f1xx_hal_flash_ex.c ****     pFlash.Address = pEraseInit->PageAddress;
 1474              		.loc 1 353 26 view .LVU432
 1475 0020 5A60     		str	r2, [r3, #4]
 354:Drivers/STM32F1xx_HAL_Driver/Src/stm32f1xx_hal_flash_ex.c **** 
 1476              		.loc 1 354 5 is_stmt 1 view .LVU433
 354:Drivers/STM32F1xx_HAL_Driver/Src/stm32f1xx_hal_flash_ex.c **** 
 1477              		.loc 1 354 32 is_stmt 0 view .LVU434
 1478 0022 8268     		ldr	r2, [r0, #8]
 354:Drivers/STM32F1xx_HAL_Driver/Src/stm32f1xx_hal_flash_ex.c **** 
 1479              		.loc 1 354 20 view .LVU435
 1480 0024 9A60     		str	r2, [r3, #8]
 357:Drivers/STM32F1xx_HAL_Driver/Src/stm32f1xx_hal_flash_ex.c ****   }
 1481              		.loc 1 357 5 is_stmt 1 view .LVU436
 1482 0026 8068     		ldr	r0, [r0, #8]
 1483              	.LVL143:
 357:Drivers/STM32F1xx_HAL_Driver/Src/stm32f1xx_hal_flash_ex.c ****   }
ARM GAS  /tmp/ccJhoDJv.s 			page 53


 1484              		.loc 1 357 5 is_stmt 0 view .LVU437
 1485 0028 FFF7FEFF 		bl	FLASH_PageErase
 1486              	.LVL144:
 1487              	.L121:
 361:Drivers/STM32F1xx_HAL_Driver/Src/stm32f1xx_hal_flash_ex.c **** 
 1488              		.loc 1 361 1 view .LVU438
 1489 002c 2046     		mov	r0, r4
 1490 002e 10BD     		pop	{r4, pc}
 1491              	.LVL145:
 1492              	.L126:
 341:Drivers/STM32F1xx_HAL_Driver/Src/stm32f1xx_hal_flash_ex.c ****         FLASH_MassErase(pEraseInit->Banks);
 1493              		.loc 1 341 5 is_stmt 1 view .LVU439
 341:Drivers/STM32F1xx_HAL_Driver/Src/stm32f1xx_hal_flash_ex.c ****         FLASH_MassErase(pEraseInit->Banks);
 1494              		.loc 1 341 29 is_stmt 0 view .LVU440
 1495 0030 044B     		ldr	r3, .L127
 1496 0032 0222     		movs	r2, #2
 1497 0034 1A70     		strb	r2, [r3]
 342:Drivers/STM32F1xx_HAL_Driver/Src/stm32f1xx_hal_flash_ex.c ****   }
 1498              		.loc 1 342 9 is_stmt 1 view .LVU441
 1499 0036 4068     		ldr	r0, [r0, #4]
 1500              	.LVL146:
 342:Drivers/STM32F1xx_HAL_Driver/Src/stm32f1xx_hal_flash_ex.c ****   }
 1501              		.loc 1 342 9 is_stmt 0 view .LVU442
 1502 0038 FFF7FEFF 		bl	FLASH_MassErase
 1503              	.LVL147:
 1504 003c F6E7     		b	.L121
 1505              	.LVL148:
 1506              	.L124:
 324:Drivers/STM32F1xx_HAL_Driver/Src/stm32f1xx_hal_flash_ex.c ****   }
 1507              		.loc 1 324 12 view .LVU443
 1508 003e 0124     		movs	r4, #1
 1509 0040 F4E7     		b	.L121
 1510              	.L128:
 1511 0042 00BF     		.align	2
 1512              	.L127:
 1513 0044 00000000 		.word	pFlash
 1514 0048 00200240 		.word	1073881088
 1515              		.cfi_endproc
 1516              	.LFE66:
 1518              		.text
 1519              	.Letext0:
 1520              		.file 2 "/usr/arm-none-eabi/include/machine/_default_types.h"
 1521              		.file 3 "/usr/arm-none-eabi/include/sys/_stdint.h"
 1522              		.file 4 "Drivers/CMSIS/Device/ST/STM32F1xx/Include/stm32f103xb.h"
 1523              		.file 5 "Drivers/STM32F1xx_HAL_Driver/Inc/stm32f1xx_hal_def.h"
 1524              		.file 6 "Drivers/STM32F1xx_HAL_Driver/Inc/stm32f1xx_hal_flash.h"
 1525              		.file 7 "Drivers/STM32F1xx_HAL_Driver/Inc/stm32f1xx_hal_flash_ex.h"
ARM GAS  /tmp/ccJhoDJv.s 			page 54


DEFINED SYMBOLS
                            *ABS*:00000000 stm32f1xx_hal_flash_ex.c
     /tmp/ccJhoDJv.s:19     .text.FLASH_MassErase:00000000 $t
     /tmp/ccJhoDJv.s:24     .text.FLASH_MassErase:00000000 FLASH_MassErase
     /tmp/ccJhoDJv.s:53     .text.FLASH_MassErase:0000001c $d
     /tmp/ccJhoDJv.s:59     .text.FLASH_OB_GetWRP:00000000 $t
     /tmp/ccJhoDJv.s:64     .text.FLASH_OB_GetWRP:00000000 FLASH_OB_GetWRP
     /tmp/ccJhoDJv.s:79     .text.FLASH_OB_GetWRP:00000008 $d
     /tmp/ccJhoDJv.s:84     .text.FLASH_OB_GetRDP:00000000 $t
     /tmp/ccJhoDJv.s:89     .text.FLASH_OB_GetRDP:00000000 FLASH_OB_GetRDP
     /tmp/ccJhoDJv.s:120    .text.FLASH_OB_GetRDP:00000014 $d
     /tmp/ccJhoDJv.s:125    .text.FLASH_OB_GetUser:00000000 $t
     /tmp/ccJhoDJv.s:130    .text.FLASH_OB_GetUser:00000000 FLASH_OB_GetUser
     /tmp/ccJhoDJv.s:147    .text.FLASH_OB_GetUser:0000000c $d
     /tmp/ccJhoDJv.s:152    .text.FLASH_OB_RDP_LevelConfig:00000000 $t
     /tmp/ccJhoDJv.s:157    .text.FLASH_OB_RDP_LevelConfig:00000000 FLASH_OB_RDP_LevelConfig
     /tmp/ccJhoDJv.s:242    .text.FLASH_OB_RDP_LevelConfig:0000005c $d
     /tmp/ccJhoDJv.s:249    .text.FLASH_OB_UserConfig:00000000 $t
     /tmp/ccJhoDJv.s:254    .text.FLASH_OB_UserConfig:00000000 FLASH_OB_UserConfig
     /tmp/ccJhoDJv.s:320    .text.FLASH_OB_UserConfig:0000003c $d
     /tmp/ccJhoDJv.s:327    .text.FLASH_OB_ProgramData:00000000 $t
     /tmp/ccJhoDJv.s:332    .text.FLASH_OB_ProgramData:00000000 FLASH_OB_ProgramData
     /tmp/ccJhoDJv.s:395    .text.FLASH_OB_ProgramData:00000038 $d
     /tmp/ccJhoDJv.s:401    .text.HAL_FLASHEx_OBErase:00000000 $t
     /tmp/ccJhoDJv.s:407    .text.HAL_FLASHEx_OBErase:00000000 HAL_FLASHEx_OBErase
     /tmp/ccJhoDJv.s:484    .text.HAL_FLASHEx_OBErase:0000004c $d
     /tmp/ccJhoDJv.s:490    .text.FLASH_OB_EnableWRP:00000000 $t
     /tmp/ccJhoDJv.s:495    .text.FLASH_OB_EnableWRP:00000000 FLASH_OB_EnableWRP
     /tmp/ccJhoDJv.s:692    .text.FLASH_OB_EnableWRP:000000bc $d
     /tmp/ccJhoDJv.s:699    .text.FLASH_OB_DisableWRP:00000000 $t
     /tmp/ccJhoDJv.s:704    .text.FLASH_OB_DisableWRP:00000000 FLASH_OB_DisableWRP
     /tmp/ccJhoDJv.s:901    .text.FLASH_OB_DisableWRP:000000b8 $d
     /tmp/ccJhoDJv.s:908    .text.HAL_FLASHEx_OBProgram:00000000 $t
     /tmp/ccJhoDJv.s:914    .text.HAL_FLASHEx_OBProgram:00000000 HAL_FLASHEx_OBProgram
     /tmp/ccJhoDJv.s:1101   .text.HAL_FLASHEx_OBProgram:00000098 $d
     /tmp/ccJhoDJv.s:1106   .text.HAL_FLASHEx_OBGetConfig:00000000 $t
     /tmp/ccJhoDJv.s:1112   .text.HAL_FLASHEx_OBGetConfig:00000000 HAL_FLASHEx_OBGetConfig
     /tmp/ccJhoDJv.s:1155   .text.HAL_FLASHEx_OBGetUserData:00000000 $t
     /tmp/ccJhoDJv.s:1161   .text.HAL_FLASHEx_OBGetUserData:00000000 HAL_FLASHEx_OBGetUserData
     /tmp/ccJhoDJv.s:1201   .text.HAL_FLASHEx_OBGetUserData:0000001c $d
     /tmp/ccJhoDJv.s:1207   .text.FLASH_PageErase:00000000 $t
     /tmp/ccJhoDJv.s:1213   .text.FLASH_PageErase:00000000 FLASH_PageErase
     /tmp/ccJhoDJv.s:1242   .text.FLASH_PageErase:0000001c $d
     /tmp/ccJhoDJv.s:1248   .text.HAL_FLASHEx_Erase:00000000 $t
     /tmp/ccJhoDJv.s:1254   .text.HAL_FLASHEx_Erase:00000000 HAL_FLASHEx_Erase
     /tmp/ccJhoDJv.s:1419   .text.HAL_FLASHEx_Erase:0000009c $d
     /tmp/ccJhoDJv.s:1425   .text.HAL_FLASHEx_Erase_IT:00000000 $t
     /tmp/ccJhoDJv.s:1431   .text.HAL_FLASHEx_Erase_IT:00000000 HAL_FLASHEx_Erase_IT
     /tmp/ccJhoDJv.s:1513   .text.HAL_FLASHEx_Erase_IT:00000044 $d

UNDEFINED SYMBOLS
pFlash
FLASH_WaitForLastOperation
