ARM GAS  /tmp/ccpphuMd.s 			page 1


   1              		.cpu cortex-m3
   2              		.arch armv7-m
   3              		.fpu softvfp
   4              		.eabi_attribute 20, 1
   5              		.eabi_attribute 21, 1
   6              		.eabi_attribute 23, 3
   7              		.eabi_attribute 24, 1
   8              		.eabi_attribute 25, 1
   9              		.eabi_attribute 26, 1
  10              		.eabi_attribute 30, 1
  11              		.eabi_attribute 34, 1
  12              		.eabi_attribute 18, 4
  13              		.file	"stm32f1xx_hal_rcc.c"
  14              		.text
  15              	.Ltext0:
  16              		.cfi_sections	.debug_frame
  17              		.file 1 "Drivers/STM32F1xx_HAL_Driver/Src/stm32f1xx_hal_rcc.c"
  18              		.section	.text.RCC_Delay,"ax",%progbits
  19              		.align	1
  20              		.syntax unified
  21              		.thumb
  22              		.thumb_func
  24              	RCC_Delay:
  25              	.LVL0:
  26              	.LFB78:
   1:Drivers/STM32F1xx_HAL_Driver/Src/stm32f1xx_hal_rcc.c **** /**
   2:Drivers/STM32F1xx_HAL_Driver/Src/stm32f1xx_hal_rcc.c ****   ******************************************************************************
   3:Drivers/STM32F1xx_HAL_Driver/Src/stm32f1xx_hal_rcc.c ****   * @file    stm32f1xx_hal_rcc.c
   4:Drivers/STM32F1xx_HAL_Driver/Src/stm32f1xx_hal_rcc.c ****   * @author  MCD Application Team
   5:Drivers/STM32F1xx_HAL_Driver/Src/stm32f1xx_hal_rcc.c ****   * @brief   RCC HAL module driver.
   6:Drivers/STM32F1xx_HAL_Driver/Src/stm32f1xx_hal_rcc.c ****   *          This file provides firmware functions to manage the following
   7:Drivers/STM32F1xx_HAL_Driver/Src/stm32f1xx_hal_rcc.c ****   *          functionalities of the Reset and Clock Control (RCC) peripheral:
   8:Drivers/STM32F1xx_HAL_Driver/Src/stm32f1xx_hal_rcc.c ****   *           + Initialization and de-initialization functions
   9:Drivers/STM32F1xx_HAL_Driver/Src/stm32f1xx_hal_rcc.c ****   *           + Peripheral Control functions
  10:Drivers/STM32F1xx_HAL_Driver/Src/stm32f1xx_hal_rcc.c ****   *
  11:Drivers/STM32F1xx_HAL_Driver/Src/stm32f1xx_hal_rcc.c ****   @verbatim
  12:Drivers/STM32F1xx_HAL_Driver/Src/stm32f1xx_hal_rcc.c ****   ==============================================================================
  13:Drivers/STM32F1xx_HAL_Driver/Src/stm32f1xx_hal_rcc.c ****                       ##### RCC specific features #####
  14:Drivers/STM32F1xx_HAL_Driver/Src/stm32f1xx_hal_rcc.c ****   ==============================================================================
  15:Drivers/STM32F1xx_HAL_Driver/Src/stm32f1xx_hal_rcc.c ****     [..]
  16:Drivers/STM32F1xx_HAL_Driver/Src/stm32f1xx_hal_rcc.c ****       After reset the device is running from Internal High Speed oscillator
  17:Drivers/STM32F1xx_HAL_Driver/Src/stm32f1xx_hal_rcc.c ****       (HSI 8MHz) with Flash 0 wait state, Flash prefetch buffer is enabled,
  18:Drivers/STM32F1xx_HAL_Driver/Src/stm32f1xx_hal_rcc.c ****       and all peripherals are off except internal SRAM, Flash and JTAG.
  19:Drivers/STM32F1xx_HAL_Driver/Src/stm32f1xx_hal_rcc.c ****       (+) There is no prescaler on High speed (AHB) and Low speed (APB) buses;
  20:Drivers/STM32F1xx_HAL_Driver/Src/stm32f1xx_hal_rcc.c ****           all peripherals mapped on these buses are running at HSI speed.
  21:Drivers/STM32F1xx_HAL_Driver/Src/stm32f1xx_hal_rcc.c ****       (+) The clock for all peripherals is switched off, except the SRAM and FLASH.
  22:Drivers/STM32F1xx_HAL_Driver/Src/stm32f1xx_hal_rcc.c ****       (+) All GPIOs are in input floating state, except the JTAG pins which
  23:Drivers/STM32F1xx_HAL_Driver/Src/stm32f1xx_hal_rcc.c ****           are assigned to be used for debug purpose.
  24:Drivers/STM32F1xx_HAL_Driver/Src/stm32f1xx_hal_rcc.c ****     [..] Once the device started from reset, the user application has to:
  25:Drivers/STM32F1xx_HAL_Driver/Src/stm32f1xx_hal_rcc.c ****       (+) Configure the clock source to be used to drive the System clock
  26:Drivers/STM32F1xx_HAL_Driver/Src/stm32f1xx_hal_rcc.c ****           (if the application needs higher frequency/performance)
  27:Drivers/STM32F1xx_HAL_Driver/Src/stm32f1xx_hal_rcc.c ****       (+) Configure the System clock frequency and Flash settings
  28:Drivers/STM32F1xx_HAL_Driver/Src/stm32f1xx_hal_rcc.c ****       (+) Configure the AHB and APB buses prescalers
  29:Drivers/STM32F1xx_HAL_Driver/Src/stm32f1xx_hal_rcc.c ****       (+) Enable the clock for the peripheral(s) to be used
  30:Drivers/STM32F1xx_HAL_Driver/Src/stm32f1xx_hal_rcc.c ****       (+) Configure the clock source(s) for peripherals whose clocks are not
  31:Drivers/STM32F1xx_HAL_Driver/Src/stm32f1xx_hal_rcc.c ****           derived from the System clock (I2S, RTC, ADC, USB OTG FS)
  32:Drivers/STM32F1xx_HAL_Driver/Src/stm32f1xx_hal_rcc.c **** 
ARM GAS  /tmp/ccpphuMd.s 			page 2


  33:Drivers/STM32F1xx_HAL_Driver/Src/stm32f1xx_hal_rcc.c ****                       ##### RCC Limitations #####
  34:Drivers/STM32F1xx_HAL_Driver/Src/stm32f1xx_hal_rcc.c ****   ==============================================================================
  35:Drivers/STM32F1xx_HAL_Driver/Src/stm32f1xx_hal_rcc.c ****     [..]
  36:Drivers/STM32F1xx_HAL_Driver/Src/stm32f1xx_hal_rcc.c ****       A delay between an RCC peripheral clock enable and the effective peripheral
  37:Drivers/STM32F1xx_HAL_Driver/Src/stm32f1xx_hal_rcc.c ****       enabling should be taken into account in order to manage the peripheral read/write
  38:Drivers/STM32F1xx_HAL_Driver/Src/stm32f1xx_hal_rcc.c ****       from/to registers.
  39:Drivers/STM32F1xx_HAL_Driver/Src/stm32f1xx_hal_rcc.c ****       (+) This delay depends on the peripheral mapping.
  40:Drivers/STM32F1xx_HAL_Driver/Src/stm32f1xx_hal_rcc.c ****         (++) AHB & APB peripherals, 1 dummy read is necessary
  41:Drivers/STM32F1xx_HAL_Driver/Src/stm32f1xx_hal_rcc.c **** 
  42:Drivers/STM32F1xx_HAL_Driver/Src/stm32f1xx_hal_rcc.c ****     [..]
  43:Drivers/STM32F1xx_HAL_Driver/Src/stm32f1xx_hal_rcc.c ****       Workarounds:
  44:Drivers/STM32F1xx_HAL_Driver/Src/stm32f1xx_hal_rcc.c ****       (#) For AHB & APB peripherals, a dummy read to the peripheral register has been
  45:Drivers/STM32F1xx_HAL_Driver/Src/stm32f1xx_hal_rcc.c ****           inserted in each __HAL_RCC_PPP_CLK_ENABLE() macro.
  46:Drivers/STM32F1xx_HAL_Driver/Src/stm32f1xx_hal_rcc.c **** 
  47:Drivers/STM32F1xx_HAL_Driver/Src/stm32f1xx_hal_rcc.c ****   @endverbatim
  48:Drivers/STM32F1xx_HAL_Driver/Src/stm32f1xx_hal_rcc.c ****   ******************************************************************************
  49:Drivers/STM32F1xx_HAL_Driver/Src/stm32f1xx_hal_rcc.c ****   * @attention
  50:Drivers/STM32F1xx_HAL_Driver/Src/stm32f1xx_hal_rcc.c ****   *
  51:Drivers/STM32F1xx_HAL_Driver/Src/stm32f1xx_hal_rcc.c ****   * Copyright (c) 2016 STMicroelectronics.
  52:Drivers/STM32F1xx_HAL_Driver/Src/stm32f1xx_hal_rcc.c ****   * All rights reserved.
  53:Drivers/STM32F1xx_HAL_Driver/Src/stm32f1xx_hal_rcc.c ****   *
  54:Drivers/STM32F1xx_HAL_Driver/Src/stm32f1xx_hal_rcc.c ****   * This software is licensed under terms that can be found in the LICENSE file in
  55:Drivers/STM32F1xx_HAL_Driver/Src/stm32f1xx_hal_rcc.c ****   * the root directory of this software component.
  56:Drivers/STM32F1xx_HAL_Driver/Src/stm32f1xx_hal_rcc.c ****   * If no LICENSE file comes with this software, it is provided AS-IS.
  57:Drivers/STM32F1xx_HAL_Driver/Src/stm32f1xx_hal_rcc.c ****   ******************************************************************************
  58:Drivers/STM32F1xx_HAL_Driver/Src/stm32f1xx_hal_rcc.c ****   */
  59:Drivers/STM32F1xx_HAL_Driver/Src/stm32f1xx_hal_rcc.c **** 
  60:Drivers/STM32F1xx_HAL_Driver/Src/stm32f1xx_hal_rcc.c **** /* Includes ------------------------------------------------------------------*/
  61:Drivers/STM32F1xx_HAL_Driver/Src/stm32f1xx_hal_rcc.c **** #include "stm32f1xx_hal.h"
  62:Drivers/STM32F1xx_HAL_Driver/Src/stm32f1xx_hal_rcc.c **** 
  63:Drivers/STM32F1xx_HAL_Driver/Src/stm32f1xx_hal_rcc.c **** /** @addtogroup STM32F1xx_HAL_Driver
  64:Drivers/STM32F1xx_HAL_Driver/Src/stm32f1xx_hal_rcc.c ****   * @{
  65:Drivers/STM32F1xx_HAL_Driver/Src/stm32f1xx_hal_rcc.c ****   */
  66:Drivers/STM32F1xx_HAL_Driver/Src/stm32f1xx_hal_rcc.c **** 
  67:Drivers/STM32F1xx_HAL_Driver/Src/stm32f1xx_hal_rcc.c **** /** @defgroup RCC RCC
  68:Drivers/STM32F1xx_HAL_Driver/Src/stm32f1xx_hal_rcc.c **** * @brief RCC HAL module driver
  69:Drivers/STM32F1xx_HAL_Driver/Src/stm32f1xx_hal_rcc.c ****   * @{
  70:Drivers/STM32F1xx_HAL_Driver/Src/stm32f1xx_hal_rcc.c ****   */
  71:Drivers/STM32F1xx_HAL_Driver/Src/stm32f1xx_hal_rcc.c **** 
  72:Drivers/STM32F1xx_HAL_Driver/Src/stm32f1xx_hal_rcc.c **** #ifdef HAL_RCC_MODULE_ENABLED
  73:Drivers/STM32F1xx_HAL_Driver/Src/stm32f1xx_hal_rcc.c **** 
  74:Drivers/STM32F1xx_HAL_Driver/Src/stm32f1xx_hal_rcc.c **** /* Private typedef -----------------------------------------------------------*/
  75:Drivers/STM32F1xx_HAL_Driver/Src/stm32f1xx_hal_rcc.c **** /* Private define ------------------------------------------------------------*/
  76:Drivers/STM32F1xx_HAL_Driver/Src/stm32f1xx_hal_rcc.c **** /** @defgroup RCC_Private_Constants RCC Private Constants
  77:Drivers/STM32F1xx_HAL_Driver/Src/stm32f1xx_hal_rcc.c ****  * @{
  78:Drivers/STM32F1xx_HAL_Driver/Src/stm32f1xx_hal_rcc.c ****  */
  79:Drivers/STM32F1xx_HAL_Driver/Src/stm32f1xx_hal_rcc.c **** /**
  80:Drivers/STM32F1xx_HAL_Driver/Src/stm32f1xx_hal_rcc.c ****   * @}
  81:Drivers/STM32F1xx_HAL_Driver/Src/stm32f1xx_hal_rcc.c ****   */
  82:Drivers/STM32F1xx_HAL_Driver/Src/stm32f1xx_hal_rcc.c **** /* Private macro -------------------------------------------------------------*/
  83:Drivers/STM32F1xx_HAL_Driver/Src/stm32f1xx_hal_rcc.c **** /** @defgroup RCC_Private_Macros RCC Private Macros
  84:Drivers/STM32F1xx_HAL_Driver/Src/stm32f1xx_hal_rcc.c ****   * @{
  85:Drivers/STM32F1xx_HAL_Driver/Src/stm32f1xx_hal_rcc.c ****   */
  86:Drivers/STM32F1xx_HAL_Driver/Src/stm32f1xx_hal_rcc.c **** 
  87:Drivers/STM32F1xx_HAL_Driver/Src/stm32f1xx_hal_rcc.c **** #define MCO1_CLK_ENABLE()     __HAL_RCC_GPIOA_CLK_ENABLE()
  88:Drivers/STM32F1xx_HAL_Driver/Src/stm32f1xx_hal_rcc.c **** #define MCO1_GPIO_PORT        GPIOA
  89:Drivers/STM32F1xx_HAL_Driver/Src/stm32f1xx_hal_rcc.c **** #define MCO1_PIN              GPIO_PIN_8
ARM GAS  /tmp/ccpphuMd.s 			page 3


  90:Drivers/STM32F1xx_HAL_Driver/Src/stm32f1xx_hal_rcc.c **** 
  91:Drivers/STM32F1xx_HAL_Driver/Src/stm32f1xx_hal_rcc.c **** /**
  92:Drivers/STM32F1xx_HAL_Driver/Src/stm32f1xx_hal_rcc.c ****   * @}
  93:Drivers/STM32F1xx_HAL_Driver/Src/stm32f1xx_hal_rcc.c ****   */
  94:Drivers/STM32F1xx_HAL_Driver/Src/stm32f1xx_hal_rcc.c **** 
  95:Drivers/STM32F1xx_HAL_Driver/Src/stm32f1xx_hal_rcc.c **** /* Private variables ---------------------------------------------------------*/
  96:Drivers/STM32F1xx_HAL_Driver/Src/stm32f1xx_hal_rcc.c **** /** @defgroup RCC_Private_Variables RCC Private Variables
  97:Drivers/STM32F1xx_HAL_Driver/Src/stm32f1xx_hal_rcc.c ****   * @{
  98:Drivers/STM32F1xx_HAL_Driver/Src/stm32f1xx_hal_rcc.c ****   */
  99:Drivers/STM32F1xx_HAL_Driver/Src/stm32f1xx_hal_rcc.c **** /**
 100:Drivers/STM32F1xx_HAL_Driver/Src/stm32f1xx_hal_rcc.c ****   * @}
 101:Drivers/STM32F1xx_HAL_Driver/Src/stm32f1xx_hal_rcc.c ****   */
 102:Drivers/STM32F1xx_HAL_Driver/Src/stm32f1xx_hal_rcc.c **** 
 103:Drivers/STM32F1xx_HAL_Driver/Src/stm32f1xx_hal_rcc.c **** /* Private function prototypes -----------------------------------------------*/
 104:Drivers/STM32F1xx_HAL_Driver/Src/stm32f1xx_hal_rcc.c **** static void RCC_Delay(uint32_t mdelay);
 105:Drivers/STM32F1xx_HAL_Driver/Src/stm32f1xx_hal_rcc.c **** 
 106:Drivers/STM32F1xx_HAL_Driver/Src/stm32f1xx_hal_rcc.c **** /* Exported functions --------------------------------------------------------*/
 107:Drivers/STM32F1xx_HAL_Driver/Src/stm32f1xx_hal_rcc.c **** 
 108:Drivers/STM32F1xx_HAL_Driver/Src/stm32f1xx_hal_rcc.c **** /** @defgroup RCC_Exported_Functions RCC Exported Functions
 109:Drivers/STM32F1xx_HAL_Driver/Src/stm32f1xx_hal_rcc.c ****   * @{
 110:Drivers/STM32F1xx_HAL_Driver/Src/stm32f1xx_hal_rcc.c ****   */
 111:Drivers/STM32F1xx_HAL_Driver/Src/stm32f1xx_hal_rcc.c **** 
 112:Drivers/STM32F1xx_HAL_Driver/Src/stm32f1xx_hal_rcc.c **** /** @defgroup RCC_Exported_Functions_Group1 Initialization and de-initialization functions
 113:Drivers/STM32F1xx_HAL_Driver/Src/stm32f1xx_hal_rcc.c ****   *  @brief    Initialization and Configuration functions
 114:Drivers/STM32F1xx_HAL_Driver/Src/stm32f1xx_hal_rcc.c ****   *
 115:Drivers/STM32F1xx_HAL_Driver/Src/stm32f1xx_hal_rcc.c ****   @verbatim
 116:Drivers/STM32F1xx_HAL_Driver/Src/stm32f1xx_hal_rcc.c ****   ===============================================================================
 117:Drivers/STM32F1xx_HAL_Driver/Src/stm32f1xx_hal_rcc.c ****            ##### Initialization and de-initialization functions #####
 118:Drivers/STM32F1xx_HAL_Driver/Src/stm32f1xx_hal_rcc.c ****   ===============================================================================
 119:Drivers/STM32F1xx_HAL_Driver/Src/stm32f1xx_hal_rcc.c ****     [..]
 120:Drivers/STM32F1xx_HAL_Driver/Src/stm32f1xx_hal_rcc.c ****       This section provides functions allowing to configure the internal/external oscillators
 121:Drivers/STM32F1xx_HAL_Driver/Src/stm32f1xx_hal_rcc.c ****       (HSE, HSI, LSE, LSI, PLL, CSS and MCO) and the System buses clocks (SYSCLK, AHB, APB1
 122:Drivers/STM32F1xx_HAL_Driver/Src/stm32f1xx_hal_rcc.c ****       and APB2).
 123:Drivers/STM32F1xx_HAL_Driver/Src/stm32f1xx_hal_rcc.c **** 
 124:Drivers/STM32F1xx_HAL_Driver/Src/stm32f1xx_hal_rcc.c ****     [..] Internal/external clock and PLL configuration
 125:Drivers/STM32F1xx_HAL_Driver/Src/stm32f1xx_hal_rcc.c ****       (#) HSI (high-speed internal), 8 MHz factory-trimmed RC used directly or through
 126:Drivers/STM32F1xx_HAL_Driver/Src/stm32f1xx_hal_rcc.c ****           the PLL as System clock source.
 127:Drivers/STM32F1xx_HAL_Driver/Src/stm32f1xx_hal_rcc.c ****       (#) LSI (low-speed internal), ~40 KHz low consumption RC used as IWDG and/or RTC
 128:Drivers/STM32F1xx_HAL_Driver/Src/stm32f1xx_hal_rcc.c ****           clock source.
 129:Drivers/STM32F1xx_HAL_Driver/Src/stm32f1xx_hal_rcc.c **** 
 130:Drivers/STM32F1xx_HAL_Driver/Src/stm32f1xx_hal_rcc.c ****       (#) HSE (high-speed external), 4 to 24 MHz (STM32F100xx) or 4 to 16 MHz (STM32F101x/STM32F102
 131:Drivers/STM32F1xx_HAL_Driver/Src/stm32f1xx_hal_rcc.c ****           through the PLL as System clock source. Can be used also as RTC clock source.
 132:Drivers/STM32F1xx_HAL_Driver/Src/stm32f1xx_hal_rcc.c **** 
 133:Drivers/STM32F1xx_HAL_Driver/Src/stm32f1xx_hal_rcc.c ****       (#) LSE (low-speed external), 32 KHz oscillator used as RTC clock source.
 134:Drivers/STM32F1xx_HAL_Driver/Src/stm32f1xx_hal_rcc.c **** 
 135:Drivers/STM32F1xx_HAL_Driver/Src/stm32f1xx_hal_rcc.c ****       (#) PLL (clocked by HSI or HSE), featuring different output clocks:
 136:Drivers/STM32F1xx_HAL_Driver/Src/stm32f1xx_hal_rcc.c ****         (++) The first output is used to generate the high speed system clock (up to 72 MHz for STM
 137:Drivers/STM32F1xx_HAL_Driver/Src/stm32f1xx_hal_rcc.c ****         (++) The second output is used to generate the clock for the USB OTG FS (48 MHz)
 138:Drivers/STM32F1xx_HAL_Driver/Src/stm32f1xx_hal_rcc.c **** 
 139:Drivers/STM32F1xx_HAL_Driver/Src/stm32f1xx_hal_rcc.c ****       (#) CSS (Clock security system), once enable using the macro __HAL_RCC_CSS_ENABLE()
 140:Drivers/STM32F1xx_HAL_Driver/Src/stm32f1xx_hal_rcc.c ****           and if a HSE clock failure occurs(HSE used directly or through PLL as System
 141:Drivers/STM32F1xx_HAL_Driver/Src/stm32f1xx_hal_rcc.c ****           clock source), the System clocks automatically switched to HSI and an interrupt
 142:Drivers/STM32F1xx_HAL_Driver/Src/stm32f1xx_hal_rcc.c ****           is generated if enabled. The interrupt is linked to the Cortex-M3 NMI
 143:Drivers/STM32F1xx_HAL_Driver/Src/stm32f1xx_hal_rcc.c ****           (Non-Maskable Interrupt) exception vector.
 144:Drivers/STM32F1xx_HAL_Driver/Src/stm32f1xx_hal_rcc.c **** 
 145:Drivers/STM32F1xx_HAL_Driver/Src/stm32f1xx_hal_rcc.c ****       (#) MCO1 (microcontroller clock output), used to output SYSCLK, HSI,
 146:Drivers/STM32F1xx_HAL_Driver/Src/stm32f1xx_hal_rcc.c ****           HSE or PLL clock (divided by 2) on PA8 pin + PLL2CLK, PLL3CLK/2, PLL3CLK and XTI for STM3
ARM GAS  /tmp/ccpphuMd.s 			page 4


 147:Drivers/STM32F1xx_HAL_Driver/Src/stm32f1xx_hal_rcc.c **** 
 148:Drivers/STM32F1xx_HAL_Driver/Src/stm32f1xx_hal_rcc.c ****     [..] System, AHB and APB buses clocks configuration
 149:Drivers/STM32F1xx_HAL_Driver/Src/stm32f1xx_hal_rcc.c ****       (#) Several clock sources can be used to drive the System clock (SYSCLK): HSI,
 150:Drivers/STM32F1xx_HAL_Driver/Src/stm32f1xx_hal_rcc.c ****           HSE and PLL.
 151:Drivers/STM32F1xx_HAL_Driver/Src/stm32f1xx_hal_rcc.c ****           The AHB clock (HCLK) is derived from System clock through configurable
 152:Drivers/STM32F1xx_HAL_Driver/Src/stm32f1xx_hal_rcc.c ****           prescaler and used to clock the CPU, memory and peripherals mapped
 153:Drivers/STM32F1xx_HAL_Driver/Src/stm32f1xx_hal_rcc.c ****           on AHB bus (DMA, GPIO...). APB1 (PCLK1) and APB2 (PCLK2) clocks are derived
 154:Drivers/STM32F1xx_HAL_Driver/Src/stm32f1xx_hal_rcc.c ****           from AHB clock through configurable prescalers and used to clock
 155:Drivers/STM32F1xx_HAL_Driver/Src/stm32f1xx_hal_rcc.c ****           the peripherals mapped on these buses. You can use
 156:Drivers/STM32F1xx_HAL_Driver/Src/stm32f1xx_hal_rcc.c ****           "HAL_RCC_GetSysClockFreq()" function to retrieve the frequencies of these clocks.
 157:Drivers/STM32F1xx_HAL_Driver/Src/stm32f1xx_hal_rcc.c **** 
 158:Drivers/STM32F1xx_HAL_Driver/Src/stm32f1xx_hal_rcc.c ****       -@- All the peripheral clocks are derived from the System clock (SYSCLK) except:
 159:Drivers/STM32F1xx_HAL_Driver/Src/stm32f1xx_hal_rcc.c ****           (+@) RTC: RTC clock can be derived either from the LSI, LSE or HSE clock
 160:Drivers/STM32F1xx_HAL_Driver/Src/stm32f1xx_hal_rcc.c ****               divided by 128.
 161:Drivers/STM32F1xx_HAL_Driver/Src/stm32f1xx_hal_rcc.c ****           (+@) USB OTG FS and RTC: USB OTG FS require a frequency equal to 48 MHz
 162:Drivers/STM32F1xx_HAL_Driver/Src/stm32f1xx_hal_rcc.c ****               to work correctly. This clock is derived of the main PLL through PLL Multiplier.
 163:Drivers/STM32F1xx_HAL_Driver/Src/stm32f1xx_hal_rcc.c ****           (+@) I2S interface on STM32F105x/STM32F107x can be derived from PLL3CLK
 164:Drivers/STM32F1xx_HAL_Driver/Src/stm32f1xx_hal_rcc.c ****           (+@) IWDG clock which is always the LSI clock.
 165:Drivers/STM32F1xx_HAL_Driver/Src/stm32f1xx_hal_rcc.c **** 
 166:Drivers/STM32F1xx_HAL_Driver/Src/stm32f1xx_hal_rcc.c ****       (#) For STM32F10xxx, the maximum frequency of the SYSCLK and HCLK/PCLK2 is 72 MHz, PCLK1 36 M
 167:Drivers/STM32F1xx_HAL_Driver/Src/stm32f1xx_hal_rcc.c ****           For STM32F100xx, the maximum frequency of the SYSCLK and HCLK/PCLK1/PCLK2 is 24 MHz.
 168:Drivers/STM32F1xx_HAL_Driver/Src/stm32f1xx_hal_rcc.c ****           Depending on the SYSCLK frequency, the flash latency should be adapted accordingly.
 169:Drivers/STM32F1xx_HAL_Driver/Src/stm32f1xx_hal_rcc.c ****   @endverbatim
 170:Drivers/STM32F1xx_HAL_Driver/Src/stm32f1xx_hal_rcc.c ****   * @{
 171:Drivers/STM32F1xx_HAL_Driver/Src/stm32f1xx_hal_rcc.c ****   */
 172:Drivers/STM32F1xx_HAL_Driver/Src/stm32f1xx_hal_rcc.c **** 
 173:Drivers/STM32F1xx_HAL_Driver/Src/stm32f1xx_hal_rcc.c **** /*
 174:Drivers/STM32F1xx_HAL_Driver/Src/stm32f1xx_hal_rcc.c ****   Additional consideration on the SYSCLK based on Latency settings:
 175:Drivers/STM32F1xx_HAL_Driver/Src/stm32f1xx_hal_rcc.c ****         +-----------------------------------------------+
 176:Drivers/STM32F1xx_HAL_Driver/Src/stm32f1xx_hal_rcc.c ****         | Latency       | SYSCLK clock frequency (MHz)  |
 177:Drivers/STM32F1xx_HAL_Driver/Src/stm32f1xx_hal_rcc.c ****         |---------------|-------------------------------|
 178:Drivers/STM32F1xx_HAL_Driver/Src/stm32f1xx_hal_rcc.c ****         |0WS(1CPU cycle)|       0 < SYSCLK <= 24        |
 179:Drivers/STM32F1xx_HAL_Driver/Src/stm32f1xx_hal_rcc.c ****         |---------------|-------------------------------|
 180:Drivers/STM32F1xx_HAL_Driver/Src/stm32f1xx_hal_rcc.c ****         |1WS(2CPU cycle)|      24 < SYSCLK <= 48        |
 181:Drivers/STM32F1xx_HAL_Driver/Src/stm32f1xx_hal_rcc.c ****         |---------------|-------------------------------|
 182:Drivers/STM32F1xx_HAL_Driver/Src/stm32f1xx_hal_rcc.c ****         |2WS(3CPU cycle)|      48 < SYSCLK <= 72        |
 183:Drivers/STM32F1xx_HAL_Driver/Src/stm32f1xx_hal_rcc.c ****         +-----------------------------------------------+
 184:Drivers/STM32F1xx_HAL_Driver/Src/stm32f1xx_hal_rcc.c ****   */
 185:Drivers/STM32F1xx_HAL_Driver/Src/stm32f1xx_hal_rcc.c **** 
 186:Drivers/STM32F1xx_HAL_Driver/Src/stm32f1xx_hal_rcc.c **** /**
 187:Drivers/STM32F1xx_HAL_Driver/Src/stm32f1xx_hal_rcc.c ****   * @brief  Resets the RCC clock configuration to the default reset state.
 188:Drivers/STM32F1xx_HAL_Driver/Src/stm32f1xx_hal_rcc.c ****   * @note   The default reset state of the clock configuration is given below:
 189:Drivers/STM32F1xx_HAL_Driver/Src/stm32f1xx_hal_rcc.c ****   *            - HSI ON and used as system clock source
 190:Drivers/STM32F1xx_HAL_Driver/Src/stm32f1xx_hal_rcc.c ****   *            - HSE, PLL, PLL2 and PLL3 are OFF
 191:Drivers/STM32F1xx_HAL_Driver/Src/stm32f1xx_hal_rcc.c ****   *            - AHB, APB1 and APB2 prescaler set to 1.
 192:Drivers/STM32F1xx_HAL_Driver/Src/stm32f1xx_hal_rcc.c ****   *            - CSS and MCO1 OFF
 193:Drivers/STM32F1xx_HAL_Driver/Src/stm32f1xx_hal_rcc.c ****   *            - All interrupts disabled
 194:Drivers/STM32F1xx_HAL_Driver/Src/stm32f1xx_hal_rcc.c ****   *            - All flags are cleared
 195:Drivers/STM32F1xx_HAL_Driver/Src/stm32f1xx_hal_rcc.c ****   * @note   This function does not modify the configuration of the
 196:Drivers/STM32F1xx_HAL_Driver/Src/stm32f1xx_hal_rcc.c ****   *            - Peripheral clocks
 197:Drivers/STM32F1xx_HAL_Driver/Src/stm32f1xx_hal_rcc.c ****   *            - LSI, LSE and RTC clocks
 198:Drivers/STM32F1xx_HAL_Driver/Src/stm32f1xx_hal_rcc.c ****   * @retval HAL_StatusTypeDef
 199:Drivers/STM32F1xx_HAL_Driver/Src/stm32f1xx_hal_rcc.c ****   */
 200:Drivers/STM32F1xx_HAL_Driver/Src/stm32f1xx_hal_rcc.c **** HAL_StatusTypeDef HAL_RCC_DeInit(void)
 201:Drivers/STM32F1xx_HAL_Driver/Src/stm32f1xx_hal_rcc.c **** {
 202:Drivers/STM32F1xx_HAL_Driver/Src/stm32f1xx_hal_rcc.c ****   uint32_t tickstart;
 203:Drivers/STM32F1xx_HAL_Driver/Src/stm32f1xx_hal_rcc.c **** 
ARM GAS  /tmp/ccpphuMd.s 			page 5


 204:Drivers/STM32F1xx_HAL_Driver/Src/stm32f1xx_hal_rcc.c ****   /* Get Start Tick */
 205:Drivers/STM32F1xx_HAL_Driver/Src/stm32f1xx_hal_rcc.c ****   tickstart = HAL_GetTick();
 206:Drivers/STM32F1xx_HAL_Driver/Src/stm32f1xx_hal_rcc.c **** 
 207:Drivers/STM32F1xx_HAL_Driver/Src/stm32f1xx_hal_rcc.c ****   /* Set HSION bit */
 208:Drivers/STM32F1xx_HAL_Driver/Src/stm32f1xx_hal_rcc.c ****   SET_BIT(RCC->CR, RCC_CR_HSION);
 209:Drivers/STM32F1xx_HAL_Driver/Src/stm32f1xx_hal_rcc.c **** 
 210:Drivers/STM32F1xx_HAL_Driver/Src/stm32f1xx_hal_rcc.c ****   /* Wait till HSI is ready */
 211:Drivers/STM32F1xx_HAL_Driver/Src/stm32f1xx_hal_rcc.c ****   while (READ_BIT(RCC->CR, RCC_CR_HSIRDY) == RESET)
 212:Drivers/STM32F1xx_HAL_Driver/Src/stm32f1xx_hal_rcc.c ****   {
 213:Drivers/STM32F1xx_HAL_Driver/Src/stm32f1xx_hal_rcc.c ****     if ((HAL_GetTick() - tickstart) > HSI_TIMEOUT_VALUE)
 214:Drivers/STM32F1xx_HAL_Driver/Src/stm32f1xx_hal_rcc.c ****     {
 215:Drivers/STM32F1xx_HAL_Driver/Src/stm32f1xx_hal_rcc.c ****       return HAL_TIMEOUT;
 216:Drivers/STM32F1xx_HAL_Driver/Src/stm32f1xx_hal_rcc.c ****     }
 217:Drivers/STM32F1xx_HAL_Driver/Src/stm32f1xx_hal_rcc.c ****   }
 218:Drivers/STM32F1xx_HAL_Driver/Src/stm32f1xx_hal_rcc.c **** 
 219:Drivers/STM32F1xx_HAL_Driver/Src/stm32f1xx_hal_rcc.c ****   /* Set HSITRIM bits to the reset value */
 220:Drivers/STM32F1xx_HAL_Driver/Src/stm32f1xx_hal_rcc.c ****   MODIFY_REG(RCC->CR, RCC_CR_HSITRIM, (0x10U << RCC_CR_HSITRIM_Pos));
 221:Drivers/STM32F1xx_HAL_Driver/Src/stm32f1xx_hal_rcc.c **** 
 222:Drivers/STM32F1xx_HAL_Driver/Src/stm32f1xx_hal_rcc.c ****   /* Get Start Tick */
 223:Drivers/STM32F1xx_HAL_Driver/Src/stm32f1xx_hal_rcc.c ****   tickstart = HAL_GetTick();
 224:Drivers/STM32F1xx_HAL_Driver/Src/stm32f1xx_hal_rcc.c **** 
 225:Drivers/STM32F1xx_HAL_Driver/Src/stm32f1xx_hal_rcc.c ****   /* Reset CFGR register */
 226:Drivers/STM32F1xx_HAL_Driver/Src/stm32f1xx_hal_rcc.c ****   CLEAR_REG(RCC->CFGR);
 227:Drivers/STM32F1xx_HAL_Driver/Src/stm32f1xx_hal_rcc.c **** 
 228:Drivers/STM32F1xx_HAL_Driver/Src/stm32f1xx_hal_rcc.c ****   /* Wait till clock switch is ready */
 229:Drivers/STM32F1xx_HAL_Driver/Src/stm32f1xx_hal_rcc.c ****   while (READ_BIT(RCC->CFGR, RCC_CFGR_SWS) != RESET)
 230:Drivers/STM32F1xx_HAL_Driver/Src/stm32f1xx_hal_rcc.c ****   {
 231:Drivers/STM32F1xx_HAL_Driver/Src/stm32f1xx_hal_rcc.c ****     if ((HAL_GetTick() - tickstart) > CLOCKSWITCH_TIMEOUT_VALUE)
 232:Drivers/STM32F1xx_HAL_Driver/Src/stm32f1xx_hal_rcc.c ****     {
 233:Drivers/STM32F1xx_HAL_Driver/Src/stm32f1xx_hal_rcc.c ****       return HAL_TIMEOUT;
 234:Drivers/STM32F1xx_HAL_Driver/Src/stm32f1xx_hal_rcc.c ****     }
 235:Drivers/STM32F1xx_HAL_Driver/Src/stm32f1xx_hal_rcc.c ****   }
 236:Drivers/STM32F1xx_HAL_Driver/Src/stm32f1xx_hal_rcc.c **** 
 237:Drivers/STM32F1xx_HAL_Driver/Src/stm32f1xx_hal_rcc.c ****   /* Update the SystemCoreClock global variable */
 238:Drivers/STM32F1xx_HAL_Driver/Src/stm32f1xx_hal_rcc.c ****   SystemCoreClock = HSI_VALUE;
 239:Drivers/STM32F1xx_HAL_Driver/Src/stm32f1xx_hal_rcc.c **** 
 240:Drivers/STM32F1xx_HAL_Driver/Src/stm32f1xx_hal_rcc.c ****   /* Adapt Systick interrupt period */
 241:Drivers/STM32F1xx_HAL_Driver/Src/stm32f1xx_hal_rcc.c ****   if (HAL_InitTick(uwTickPrio) != HAL_OK)
 242:Drivers/STM32F1xx_HAL_Driver/Src/stm32f1xx_hal_rcc.c ****   {
 243:Drivers/STM32F1xx_HAL_Driver/Src/stm32f1xx_hal_rcc.c ****     return HAL_ERROR;
 244:Drivers/STM32F1xx_HAL_Driver/Src/stm32f1xx_hal_rcc.c ****   }
 245:Drivers/STM32F1xx_HAL_Driver/Src/stm32f1xx_hal_rcc.c **** 
 246:Drivers/STM32F1xx_HAL_Driver/Src/stm32f1xx_hal_rcc.c ****   /* Get Start Tick */
 247:Drivers/STM32F1xx_HAL_Driver/Src/stm32f1xx_hal_rcc.c ****   tickstart = HAL_GetTick();
 248:Drivers/STM32F1xx_HAL_Driver/Src/stm32f1xx_hal_rcc.c **** 
 249:Drivers/STM32F1xx_HAL_Driver/Src/stm32f1xx_hal_rcc.c ****   /* Second step is to clear PLLON bit */
 250:Drivers/STM32F1xx_HAL_Driver/Src/stm32f1xx_hal_rcc.c ****   CLEAR_BIT(RCC->CR, RCC_CR_PLLON);
 251:Drivers/STM32F1xx_HAL_Driver/Src/stm32f1xx_hal_rcc.c **** 
 252:Drivers/STM32F1xx_HAL_Driver/Src/stm32f1xx_hal_rcc.c ****   /* Wait till PLL is disabled */
 253:Drivers/STM32F1xx_HAL_Driver/Src/stm32f1xx_hal_rcc.c ****   while (READ_BIT(RCC->CR, RCC_CR_PLLRDY) != RESET)
 254:Drivers/STM32F1xx_HAL_Driver/Src/stm32f1xx_hal_rcc.c ****   {
 255:Drivers/STM32F1xx_HAL_Driver/Src/stm32f1xx_hal_rcc.c ****     if ((HAL_GetTick() - tickstart) > PLL_TIMEOUT_VALUE)
 256:Drivers/STM32F1xx_HAL_Driver/Src/stm32f1xx_hal_rcc.c ****     {
 257:Drivers/STM32F1xx_HAL_Driver/Src/stm32f1xx_hal_rcc.c ****       return HAL_TIMEOUT;
 258:Drivers/STM32F1xx_HAL_Driver/Src/stm32f1xx_hal_rcc.c ****     }
 259:Drivers/STM32F1xx_HAL_Driver/Src/stm32f1xx_hal_rcc.c ****   }
 260:Drivers/STM32F1xx_HAL_Driver/Src/stm32f1xx_hal_rcc.c **** 
ARM GAS  /tmp/ccpphuMd.s 			page 6


 261:Drivers/STM32F1xx_HAL_Driver/Src/stm32f1xx_hal_rcc.c ****   /* Ensure to reset PLLSRC and PLLMUL bits */
 262:Drivers/STM32F1xx_HAL_Driver/Src/stm32f1xx_hal_rcc.c ****   CLEAR_REG(RCC->CFGR);
 263:Drivers/STM32F1xx_HAL_Driver/Src/stm32f1xx_hal_rcc.c **** 
 264:Drivers/STM32F1xx_HAL_Driver/Src/stm32f1xx_hal_rcc.c ****   /* Get Start Tick */
 265:Drivers/STM32F1xx_HAL_Driver/Src/stm32f1xx_hal_rcc.c ****   tickstart = HAL_GetTick();
 266:Drivers/STM32F1xx_HAL_Driver/Src/stm32f1xx_hal_rcc.c **** 
 267:Drivers/STM32F1xx_HAL_Driver/Src/stm32f1xx_hal_rcc.c ****   /* Reset HSEON & CSSON bits */
 268:Drivers/STM32F1xx_HAL_Driver/Src/stm32f1xx_hal_rcc.c ****   CLEAR_BIT(RCC->CR, RCC_CR_HSEON | RCC_CR_CSSON);
 269:Drivers/STM32F1xx_HAL_Driver/Src/stm32f1xx_hal_rcc.c **** 
 270:Drivers/STM32F1xx_HAL_Driver/Src/stm32f1xx_hal_rcc.c ****   /* Wait till HSE is disabled */
 271:Drivers/STM32F1xx_HAL_Driver/Src/stm32f1xx_hal_rcc.c ****   while (READ_BIT(RCC->CR, RCC_CR_HSERDY) != RESET)
 272:Drivers/STM32F1xx_HAL_Driver/Src/stm32f1xx_hal_rcc.c ****   {
 273:Drivers/STM32F1xx_HAL_Driver/Src/stm32f1xx_hal_rcc.c ****     if ((HAL_GetTick() - tickstart) > HSE_TIMEOUT_VALUE)
 274:Drivers/STM32F1xx_HAL_Driver/Src/stm32f1xx_hal_rcc.c ****     {
 275:Drivers/STM32F1xx_HAL_Driver/Src/stm32f1xx_hal_rcc.c ****       return HAL_TIMEOUT;
 276:Drivers/STM32F1xx_HAL_Driver/Src/stm32f1xx_hal_rcc.c ****     }
 277:Drivers/STM32F1xx_HAL_Driver/Src/stm32f1xx_hal_rcc.c ****   }
 278:Drivers/STM32F1xx_HAL_Driver/Src/stm32f1xx_hal_rcc.c **** 
 279:Drivers/STM32F1xx_HAL_Driver/Src/stm32f1xx_hal_rcc.c ****   /* Reset HSEBYP bit */
 280:Drivers/STM32F1xx_HAL_Driver/Src/stm32f1xx_hal_rcc.c ****   CLEAR_BIT(RCC->CR, RCC_CR_HSEBYP);
 281:Drivers/STM32F1xx_HAL_Driver/Src/stm32f1xx_hal_rcc.c **** 
 282:Drivers/STM32F1xx_HAL_Driver/Src/stm32f1xx_hal_rcc.c **** #if defined(RCC_PLL2_SUPPORT)
 283:Drivers/STM32F1xx_HAL_Driver/Src/stm32f1xx_hal_rcc.c ****   /* Get Start Tick */
 284:Drivers/STM32F1xx_HAL_Driver/Src/stm32f1xx_hal_rcc.c ****   tickstart = HAL_GetTick();
 285:Drivers/STM32F1xx_HAL_Driver/Src/stm32f1xx_hal_rcc.c **** 
 286:Drivers/STM32F1xx_HAL_Driver/Src/stm32f1xx_hal_rcc.c ****   /* Clear PLL2ON bit */
 287:Drivers/STM32F1xx_HAL_Driver/Src/stm32f1xx_hal_rcc.c ****   CLEAR_BIT(RCC->CR, RCC_CR_PLL2ON);
 288:Drivers/STM32F1xx_HAL_Driver/Src/stm32f1xx_hal_rcc.c **** 
 289:Drivers/STM32F1xx_HAL_Driver/Src/stm32f1xx_hal_rcc.c ****   /* Wait till PLL2 is disabled */
 290:Drivers/STM32F1xx_HAL_Driver/Src/stm32f1xx_hal_rcc.c ****   while (READ_BIT(RCC->CR, RCC_CR_PLL2RDY) != RESET)
 291:Drivers/STM32F1xx_HAL_Driver/Src/stm32f1xx_hal_rcc.c ****   {
 292:Drivers/STM32F1xx_HAL_Driver/Src/stm32f1xx_hal_rcc.c ****     if ((HAL_GetTick() - tickstart) > PLL2_TIMEOUT_VALUE)
 293:Drivers/STM32F1xx_HAL_Driver/Src/stm32f1xx_hal_rcc.c ****     {
 294:Drivers/STM32F1xx_HAL_Driver/Src/stm32f1xx_hal_rcc.c ****       return HAL_TIMEOUT;
 295:Drivers/STM32F1xx_HAL_Driver/Src/stm32f1xx_hal_rcc.c ****     }
 296:Drivers/STM32F1xx_HAL_Driver/Src/stm32f1xx_hal_rcc.c ****   }
 297:Drivers/STM32F1xx_HAL_Driver/Src/stm32f1xx_hal_rcc.c **** #endif /* RCC_PLL2_SUPPORT */
 298:Drivers/STM32F1xx_HAL_Driver/Src/stm32f1xx_hal_rcc.c **** 
 299:Drivers/STM32F1xx_HAL_Driver/Src/stm32f1xx_hal_rcc.c **** #if defined(RCC_PLLI2S_SUPPORT)
 300:Drivers/STM32F1xx_HAL_Driver/Src/stm32f1xx_hal_rcc.c ****   /* Get Start Tick */
 301:Drivers/STM32F1xx_HAL_Driver/Src/stm32f1xx_hal_rcc.c ****   tickstart = HAL_GetTick();
 302:Drivers/STM32F1xx_HAL_Driver/Src/stm32f1xx_hal_rcc.c **** 
 303:Drivers/STM32F1xx_HAL_Driver/Src/stm32f1xx_hal_rcc.c ****   /* Clear PLL3ON bit */
 304:Drivers/STM32F1xx_HAL_Driver/Src/stm32f1xx_hal_rcc.c ****   CLEAR_BIT(RCC->CR, RCC_CR_PLL3ON);
 305:Drivers/STM32F1xx_HAL_Driver/Src/stm32f1xx_hal_rcc.c **** 
 306:Drivers/STM32F1xx_HAL_Driver/Src/stm32f1xx_hal_rcc.c ****   /* Wait till PLL3 is disabled */
 307:Drivers/STM32F1xx_HAL_Driver/Src/stm32f1xx_hal_rcc.c ****   while (READ_BIT(RCC->CR, RCC_CR_PLL3RDY) != RESET)
 308:Drivers/STM32F1xx_HAL_Driver/Src/stm32f1xx_hal_rcc.c ****   {
 309:Drivers/STM32F1xx_HAL_Driver/Src/stm32f1xx_hal_rcc.c ****     if ((HAL_GetTick() - tickstart) > PLLI2S_TIMEOUT_VALUE)
 310:Drivers/STM32F1xx_HAL_Driver/Src/stm32f1xx_hal_rcc.c ****     {
 311:Drivers/STM32F1xx_HAL_Driver/Src/stm32f1xx_hal_rcc.c ****       return HAL_TIMEOUT;
 312:Drivers/STM32F1xx_HAL_Driver/Src/stm32f1xx_hal_rcc.c ****     }
 313:Drivers/STM32F1xx_HAL_Driver/Src/stm32f1xx_hal_rcc.c ****   }
 314:Drivers/STM32F1xx_HAL_Driver/Src/stm32f1xx_hal_rcc.c **** #endif /* RCC_PLLI2S_SUPPORT */
 315:Drivers/STM32F1xx_HAL_Driver/Src/stm32f1xx_hal_rcc.c **** 
 316:Drivers/STM32F1xx_HAL_Driver/Src/stm32f1xx_hal_rcc.c **** #if defined(RCC_CFGR2_PREDIV1)
 317:Drivers/STM32F1xx_HAL_Driver/Src/stm32f1xx_hal_rcc.c ****   /* Reset CFGR2 register */
ARM GAS  /tmp/ccpphuMd.s 			page 7


 318:Drivers/STM32F1xx_HAL_Driver/Src/stm32f1xx_hal_rcc.c ****   CLEAR_REG(RCC->CFGR2);
 319:Drivers/STM32F1xx_HAL_Driver/Src/stm32f1xx_hal_rcc.c **** #endif /* RCC_CFGR2_PREDIV1 */
 320:Drivers/STM32F1xx_HAL_Driver/Src/stm32f1xx_hal_rcc.c **** 
 321:Drivers/STM32F1xx_HAL_Driver/Src/stm32f1xx_hal_rcc.c ****   /* Reset all CSR flags */
 322:Drivers/STM32F1xx_HAL_Driver/Src/stm32f1xx_hal_rcc.c ****   SET_BIT(RCC->CSR, RCC_CSR_RMVF);
 323:Drivers/STM32F1xx_HAL_Driver/Src/stm32f1xx_hal_rcc.c **** 
 324:Drivers/STM32F1xx_HAL_Driver/Src/stm32f1xx_hal_rcc.c ****   /* Disable all interrupts */
 325:Drivers/STM32F1xx_HAL_Driver/Src/stm32f1xx_hal_rcc.c ****   CLEAR_REG(RCC->CIR);
 326:Drivers/STM32F1xx_HAL_Driver/Src/stm32f1xx_hal_rcc.c **** 
 327:Drivers/STM32F1xx_HAL_Driver/Src/stm32f1xx_hal_rcc.c ****   return HAL_OK;
 328:Drivers/STM32F1xx_HAL_Driver/Src/stm32f1xx_hal_rcc.c **** }
 329:Drivers/STM32F1xx_HAL_Driver/Src/stm32f1xx_hal_rcc.c **** 
 330:Drivers/STM32F1xx_HAL_Driver/Src/stm32f1xx_hal_rcc.c **** /**
 331:Drivers/STM32F1xx_HAL_Driver/Src/stm32f1xx_hal_rcc.c ****   * @brief  Initializes the RCC Oscillators according to the specified parameters in the
 332:Drivers/STM32F1xx_HAL_Driver/Src/stm32f1xx_hal_rcc.c ****   *         RCC_OscInitTypeDef.
 333:Drivers/STM32F1xx_HAL_Driver/Src/stm32f1xx_hal_rcc.c ****   * @param  RCC_OscInitStruct pointer to an RCC_OscInitTypeDef structure that
 334:Drivers/STM32F1xx_HAL_Driver/Src/stm32f1xx_hal_rcc.c ****   *         contains the configuration information for the RCC Oscillators.
 335:Drivers/STM32F1xx_HAL_Driver/Src/stm32f1xx_hal_rcc.c ****   * @note   The PLL is not disabled when used as system clock.
 336:Drivers/STM32F1xx_HAL_Driver/Src/stm32f1xx_hal_rcc.c ****   * @note   The PLL is not disabled when USB OTG FS clock is enabled (specific to devices with USB 
 337:Drivers/STM32F1xx_HAL_Driver/Src/stm32f1xx_hal_rcc.c ****   * @note   Transitions LSE Bypass to LSE On and LSE On to LSE Bypass are not
 338:Drivers/STM32F1xx_HAL_Driver/Src/stm32f1xx_hal_rcc.c ****   *         supported by this macro. User should request a transition to LSE Off
 339:Drivers/STM32F1xx_HAL_Driver/Src/stm32f1xx_hal_rcc.c ****   *         first and then LSE On or LSE Bypass.
 340:Drivers/STM32F1xx_HAL_Driver/Src/stm32f1xx_hal_rcc.c ****   * @note   Transition HSE Bypass to HSE On and HSE On to HSE Bypass are not
 341:Drivers/STM32F1xx_HAL_Driver/Src/stm32f1xx_hal_rcc.c ****   *         supported by this macro. User should request a transition to HSE Off
 342:Drivers/STM32F1xx_HAL_Driver/Src/stm32f1xx_hal_rcc.c ****   *         first and then HSE On or HSE Bypass.
 343:Drivers/STM32F1xx_HAL_Driver/Src/stm32f1xx_hal_rcc.c ****   * @retval HAL status
 344:Drivers/STM32F1xx_HAL_Driver/Src/stm32f1xx_hal_rcc.c ****   */
 345:Drivers/STM32F1xx_HAL_Driver/Src/stm32f1xx_hal_rcc.c **** HAL_StatusTypeDef HAL_RCC_OscConfig(RCC_OscInitTypeDef  *RCC_OscInitStruct)
 346:Drivers/STM32F1xx_HAL_Driver/Src/stm32f1xx_hal_rcc.c **** {
 347:Drivers/STM32F1xx_HAL_Driver/Src/stm32f1xx_hal_rcc.c ****   uint32_t tickstart;
 348:Drivers/STM32F1xx_HAL_Driver/Src/stm32f1xx_hal_rcc.c ****   uint32_t pll_config;
 349:Drivers/STM32F1xx_HAL_Driver/Src/stm32f1xx_hal_rcc.c **** 
 350:Drivers/STM32F1xx_HAL_Driver/Src/stm32f1xx_hal_rcc.c ****   /* Check Null pointer */
 351:Drivers/STM32F1xx_HAL_Driver/Src/stm32f1xx_hal_rcc.c ****   if (RCC_OscInitStruct == NULL)
 352:Drivers/STM32F1xx_HAL_Driver/Src/stm32f1xx_hal_rcc.c ****   {
 353:Drivers/STM32F1xx_HAL_Driver/Src/stm32f1xx_hal_rcc.c ****     return HAL_ERROR;
 354:Drivers/STM32F1xx_HAL_Driver/Src/stm32f1xx_hal_rcc.c ****   }
 355:Drivers/STM32F1xx_HAL_Driver/Src/stm32f1xx_hal_rcc.c **** 
 356:Drivers/STM32F1xx_HAL_Driver/Src/stm32f1xx_hal_rcc.c ****   /* Check the parameters */
 357:Drivers/STM32F1xx_HAL_Driver/Src/stm32f1xx_hal_rcc.c ****   assert_param(IS_RCC_OSCILLATORTYPE(RCC_OscInitStruct->OscillatorType));
 358:Drivers/STM32F1xx_HAL_Driver/Src/stm32f1xx_hal_rcc.c **** 
 359:Drivers/STM32F1xx_HAL_Driver/Src/stm32f1xx_hal_rcc.c ****   /*------------------------------- HSE Configuration ------------------------*/
 360:Drivers/STM32F1xx_HAL_Driver/Src/stm32f1xx_hal_rcc.c ****   if (((RCC_OscInitStruct->OscillatorType) & RCC_OSCILLATORTYPE_HSE) == RCC_OSCILLATORTYPE_HSE)
 361:Drivers/STM32F1xx_HAL_Driver/Src/stm32f1xx_hal_rcc.c ****   {
 362:Drivers/STM32F1xx_HAL_Driver/Src/stm32f1xx_hal_rcc.c ****     /* Check the parameters */
 363:Drivers/STM32F1xx_HAL_Driver/Src/stm32f1xx_hal_rcc.c ****     assert_param(IS_RCC_HSE(RCC_OscInitStruct->HSEState));
 364:Drivers/STM32F1xx_HAL_Driver/Src/stm32f1xx_hal_rcc.c **** 
 365:Drivers/STM32F1xx_HAL_Driver/Src/stm32f1xx_hal_rcc.c ****     /* When the HSE is used as system clock or clock source for PLL in these cases it is not allowe
 366:Drivers/STM32F1xx_HAL_Driver/Src/stm32f1xx_hal_rcc.c ****     if ((__HAL_RCC_GET_SYSCLK_SOURCE() == RCC_SYSCLKSOURCE_STATUS_HSE)
 367:Drivers/STM32F1xx_HAL_Driver/Src/stm32f1xx_hal_rcc.c ****         || ((__HAL_RCC_GET_SYSCLK_SOURCE() == RCC_SYSCLKSOURCE_STATUS_PLLCLK) && (__HAL_RCC_GET_PLL
 368:Drivers/STM32F1xx_HAL_Driver/Src/stm32f1xx_hal_rcc.c ****     {
 369:Drivers/STM32F1xx_HAL_Driver/Src/stm32f1xx_hal_rcc.c ****       if ((__HAL_RCC_GET_FLAG(RCC_FLAG_HSERDY) != RESET) && (RCC_OscInitStruct->HSEState == RCC_HSE
 370:Drivers/STM32F1xx_HAL_Driver/Src/stm32f1xx_hal_rcc.c ****       {
 371:Drivers/STM32F1xx_HAL_Driver/Src/stm32f1xx_hal_rcc.c ****         return HAL_ERROR;
 372:Drivers/STM32F1xx_HAL_Driver/Src/stm32f1xx_hal_rcc.c ****       }
 373:Drivers/STM32F1xx_HAL_Driver/Src/stm32f1xx_hal_rcc.c ****     }
 374:Drivers/STM32F1xx_HAL_Driver/Src/stm32f1xx_hal_rcc.c ****     else
ARM GAS  /tmp/ccpphuMd.s 			page 8


 375:Drivers/STM32F1xx_HAL_Driver/Src/stm32f1xx_hal_rcc.c ****     {
 376:Drivers/STM32F1xx_HAL_Driver/Src/stm32f1xx_hal_rcc.c ****       /* Set the new HSE configuration ---------------------------------------*/
 377:Drivers/STM32F1xx_HAL_Driver/Src/stm32f1xx_hal_rcc.c ****       __HAL_RCC_HSE_CONFIG(RCC_OscInitStruct->HSEState);
 378:Drivers/STM32F1xx_HAL_Driver/Src/stm32f1xx_hal_rcc.c **** 
 379:Drivers/STM32F1xx_HAL_Driver/Src/stm32f1xx_hal_rcc.c **** 
 380:Drivers/STM32F1xx_HAL_Driver/Src/stm32f1xx_hal_rcc.c ****       /* Check the HSE State */
 381:Drivers/STM32F1xx_HAL_Driver/Src/stm32f1xx_hal_rcc.c ****       if (RCC_OscInitStruct->HSEState != RCC_HSE_OFF)
 382:Drivers/STM32F1xx_HAL_Driver/Src/stm32f1xx_hal_rcc.c ****       {
 383:Drivers/STM32F1xx_HAL_Driver/Src/stm32f1xx_hal_rcc.c ****         /* Get Start Tick */
 384:Drivers/STM32F1xx_HAL_Driver/Src/stm32f1xx_hal_rcc.c ****         tickstart = HAL_GetTick();
 385:Drivers/STM32F1xx_HAL_Driver/Src/stm32f1xx_hal_rcc.c **** 
 386:Drivers/STM32F1xx_HAL_Driver/Src/stm32f1xx_hal_rcc.c ****         /* Wait till HSE is ready */
 387:Drivers/STM32F1xx_HAL_Driver/Src/stm32f1xx_hal_rcc.c ****         while (__HAL_RCC_GET_FLAG(RCC_FLAG_HSERDY) == RESET)
 388:Drivers/STM32F1xx_HAL_Driver/Src/stm32f1xx_hal_rcc.c ****         {
 389:Drivers/STM32F1xx_HAL_Driver/Src/stm32f1xx_hal_rcc.c ****           if ((HAL_GetTick() - tickstart) > HSE_TIMEOUT_VALUE)
 390:Drivers/STM32F1xx_HAL_Driver/Src/stm32f1xx_hal_rcc.c ****           {
 391:Drivers/STM32F1xx_HAL_Driver/Src/stm32f1xx_hal_rcc.c ****             return HAL_TIMEOUT;
 392:Drivers/STM32F1xx_HAL_Driver/Src/stm32f1xx_hal_rcc.c ****           }
 393:Drivers/STM32F1xx_HAL_Driver/Src/stm32f1xx_hal_rcc.c ****         }
 394:Drivers/STM32F1xx_HAL_Driver/Src/stm32f1xx_hal_rcc.c ****       }
 395:Drivers/STM32F1xx_HAL_Driver/Src/stm32f1xx_hal_rcc.c ****       else
 396:Drivers/STM32F1xx_HAL_Driver/Src/stm32f1xx_hal_rcc.c ****       {
 397:Drivers/STM32F1xx_HAL_Driver/Src/stm32f1xx_hal_rcc.c ****         /* Get Start Tick */
 398:Drivers/STM32F1xx_HAL_Driver/Src/stm32f1xx_hal_rcc.c ****         tickstart = HAL_GetTick();
 399:Drivers/STM32F1xx_HAL_Driver/Src/stm32f1xx_hal_rcc.c **** 
 400:Drivers/STM32F1xx_HAL_Driver/Src/stm32f1xx_hal_rcc.c ****         /* Wait till HSE is disabled */
 401:Drivers/STM32F1xx_HAL_Driver/Src/stm32f1xx_hal_rcc.c ****         while (__HAL_RCC_GET_FLAG(RCC_FLAG_HSERDY) != RESET)
 402:Drivers/STM32F1xx_HAL_Driver/Src/stm32f1xx_hal_rcc.c ****         {
 403:Drivers/STM32F1xx_HAL_Driver/Src/stm32f1xx_hal_rcc.c ****           if ((HAL_GetTick() - tickstart) > HSE_TIMEOUT_VALUE)
 404:Drivers/STM32F1xx_HAL_Driver/Src/stm32f1xx_hal_rcc.c ****           {
 405:Drivers/STM32F1xx_HAL_Driver/Src/stm32f1xx_hal_rcc.c ****             return HAL_TIMEOUT;
 406:Drivers/STM32F1xx_HAL_Driver/Src/stm32f1xx_hal_rcc.c ****           }
 407:Drivers/STM32F1xx_HAL_Driver/Src/stm32f1xx_hal_rcc.c ****         }
 408:Drivers/STM32F1xx_HAL_Driver/Src/stm32f1xx_hal_rcc.c ****       }
 409:Drivers/STM32F1xx_HAL_Driver/Src/stm32f1xx_hal_rcc.c ****     }
 410:Drivers/STM32F1xx_HAL_Driver/Src/stm32f1xx_hal_rcc.c ****   }
 411:Drivers/STM32F1xx_HAL_Driver/Src/stm32f1xx_hal_rcc.c ****   /*----------------------------- HSI Configuration --------------------------*/
 412:Drivers/STM32F1xx_HAL_Driver/Src/stm32f1xx_hal_rcc.c ****   if (((RCC_OscInitStruct->OscillatorType) & RCC_OSCILLATORTYPE_HSI) == RCC_OSCILLATORTYPE_HSI)
 413:Drivers/STM32F1xx_HAL_Driver/Src/stm32f1xx_hal_rcc.c ****   {
 414:Drivers/STM32F1xx_HAL_Driver/Src/stm32f1xx_hal_rcc.c ****     /* Check the parameters */
 415:Drivers/STM32F1xx_HAL_Driver/Src/stm32f1xx_hal_rcc.c ****     assert_param(IS_RCC_HSI(RCC_OscInitStruct->HSIState));
 416:Drivers/STM32F1xx_HAL_Driver/Src/stm32f1xx_hal_rcc.c ****     assert_param(IS_RCC_CALIBRATION_VALUE(RCC_OscInitStruct->HSICalibrationValue));
 417:Drivers/STM32F1xx_HAL_Driver/Src/stm32f1xx_hal_rcc.c **** 
 418:Drivers/STM32F1xx_HAL_Driver/Src/stm32f1xx_hal_rcc.c ****     /* Check if HSI is used as system clock or as PLL source when PLL is selected as system clock *
 419:Drivers/STM32F1xx_HAL_Driver/Src/stm32f1xx_hal_rcc.c ****     if ((__HAL_RCC_GET_SYSCLK_SOURCE() == RCC_SYSCLKSOURCE_STATUS_HSI)
 420:Drivers/STM32F1xx_HAL_Driver/Src/stm32f1xx_hal_rcc.c ****         || ((__HAL_RCC_GET_SYSCLK_SOURCE() == RCC_SYSCLKSOURCE_STATUS_PLLCLK) && (__HAL_RCC_GET_PLL
 421:Drivers/STM32F1xx_HAL_Driver/Src/stm32f1xx_hal_rcc.c ****     {
 422:Drivers/STM32F1xx_HAL_Driver/Src/stm32f1xx_hal_rcc.c ****       /* When HSI is used as system clock it will not disabled */
 423:Drivers/STM32F1xx_HAL_Driver/Src/stm32f1xx_hal_rcc.c ****       if ((__HAL_RCC_GET_FLAG(RCC_FLAG_HSIRDY) != RESET) && (RCC_OscInitStruct->HSIState != RCC_HSI
 424:Drivers/STM32F1xx_HAL_Driver/Src/stm32f1xx_hal_rcc.c ****       {
 425:Drivers/STM32F1xx_HAL_Driver/Src/stm32f1xx_hal_rcc.c ****         return HAL_ERROR;
 426:Drivers/STM32F1xx_HAL_Driver/Src/stm32f1xx_hal_rcc.c ****       }
 427:Drivers/STM32F1xx_HAL_Driver/Src/stm32f1xx_hal_rcc.c ****       /* Otherwise, just the calibration is allowed */
 428:Drivers/STM32F1xx_HAL_Driver/Src/stm32f1xx_hal_rcc.c ****       else
 429:Drivers/STM32F1xx_HAL_Driver/Src/stm32f1xx_hal_rcc.c ****       {
 430:Drivers/STM32F1xx_HAL_Driver/Src/stm32f1xx_hal_rcc.c ****         /* Adjusts the Internal High Speed oscillator (HSI) calibration value.*/
 431:Drivers/STM32F1xx_HAL_Driver/Src/stm32f1xx_hal_rcc.c ****         __HAL_RCC_HSI_CALIBRATIONVALUE_ADJUST(RCC_OscInitStruct->HSICalibrationValue);
ARM GAS  /tmp/ccpphuMd.s 			page 9


 432:Drivers/STM32F1xx_HAL_Driver/Src/stm32f1xx_hal_rcc.c ****       }
 433:Drivers/STM32F1xx_HAL_Driver/Src/stm32f1xx_hal_rcc.c ****     }
 434:Drivers/STM32F1xx_HAL_Driver/Src/stm32f1xx_hal_rcc.c ****     else
 435:Drivers/STM32F1xx_HAL_Driver/Src/stm32f1xx_hal_rcc.c ****     {
 436:Drivers/STM32F1xx_HAL_Driver/Src/stm32f1xx_hal_rcc.c ****       /* Check the HSI State */
 437:Drivers/STM32F1xx_HAL_Driver/Src/stm32f1xx_hal_rcc.c ****       if (RCC_OscInitStruct->HSIState != RCC_HSI_OFF)
 438:Drivers/STM32F1xx_HAL_Driver/Src/stm32f1xx_hal_rcc.c ****       {
 439:Drivers/STM32F1xx_HAL_Driver/Src/stm32f1xx_hal_rcc.c ****         /* Enable the Internal High Speed oscillator (HSI). */
 440:Drivers/STM32F1xx_HAL_Driver/Src/stm32f1xx_hal_rcc.c ****         __HAL_RCC_HSI_ENABLE();
 441:Drivers/STM32F1xx_HAL_Driver/Src/stm32f1xx_hal_rcc.c **** 
 442:Drivers/STM32F1xx_HAL_Driver/Src/stm32f1xx_hal_rcc.c ****         /* Get Start Tick */
 443:Drivers/STM32F1xx_HAL_Driver/Src/stm32f1xx_hal_rcc.c ****         tickstart = HAL_GetTick();
 444:Drivers/STM32F1xx_HAL_Driver/Src/stm32f1xx_hal_rcc.c **** 
 445:Drivers/STM32F1xx_HAL_Driver/Src/stm32f1xx_hal_rcc.c ****         /* Wait till HSI is ready */
 446:Drivers/STM32F1xx_HAL_Driver/Src/stm32f1xx_hal_rcc.c ****         while (__HAL_RCC_GET_FLAG(RCC_FLAG_HSIRDY) == RESET)
 447:Drivers/STM32F1xx_HAL_Driver/Src/stm32f1xx_hal_rcc.c ****         {
 448:Drivers/STM32F1xx_HAL_Driver/Src/stm32f1xx_hal_rcc.c ****           if ((HAL_GetTick() - tickstart) > HSI_TIMEOUT_VALUE)
 449:Drivers/STM32F1xx_HAL_Driver/Src/stm32f1xx_hal_rcc.c ****           {
 450:Drivers/STM32F1xx_HAL_Driver/Src/stm32f1xx_hal_rcc.c ****             return HAL_TIMEOUT;
 451:Drivers/STM32F1xx_HAL_Driver/Src/stm32f1xx_hal_rcc.c ****           }
 452:Drivers/STM32F1xx_HAL_Driver/Src/stm32f1xx_hal_rcc.c ****         }
 453:Drivers/STM32F1xx_HAL_Driver/Src/stm32f1xx_hal_rcc.c **** 
 454:Drivers/STM32F1xx_HAL_Driver/Src/stm32f1xx_hal_rcc.c ****         /* Adjusts the Internal High Speed oscillator (HSI) calibration value.*/
 455:Drivers/STM32F1xx_HAL_Driver/Src/stm32f1xx_hal_rcc.c ****         __HAL_RCC_HSI_CALIBRATIONVALUE_ADJUST(RCC_OscInitStruct->HSICalibrationValue);
 456:Drivers/STM32F1xx_HAL_Driver/Src/stm32f1xx_hal_rcc.c ****       }
 457:Drivers/STM32F1xx_HAL_Driver/Src/stm32f1xx_hal_rcc.c ****       else
 458:Drivers/STM32F1xx_HAL_Driver/Src/stm32f1xx_hal_rcc.c ****       {
 459:Drivers/STM32F1xx_HAL_Driver/Src/stm32f1xx_hal_rcc.c ****         /* Disable the Internal High Speed oscillator (HSI). */
 460:Drivers/STM32F1xx_HAL_Driver/Src/stm32f1xx_hal_rcc.c ****         __HAL_RCC_HSI_DISABLE();
 461:Drivers/STM32F1xx_HAL_Driver/Src/stm32f1xx_hal_rcc.c **** 
 462:Drivers/STM32F1xx_HAL_Driver/Src/stm32f1xx_hal_rcc.c ****         /* Get Start Tick */
 463:Drivers/STM32F1xx_HAL_Driver/Src/stm32f1xx_hal_rcc.c ****         tickstart = HAL_GetTick();
 464:Drivers/STM32F1xx_HAL_Driver/Src/stm32f1xx_hal_rcc.c **** 
 465:Drivers/STM32F1xx_HAL_Driver/Src/stm32f1xx_hal_rcc.c ****         /* Wait till HSI is disabled */
 466:Drivers/STM32F1xx_HAL_Driver/Src/stm32f1xx_hal_rcc.c ****         while (__HAL_RCC_GET_FLAG(RCC_FLAG_HSIRDY) != RESET)
 467:Drivers/STM32F1xx_HAL_Driver/Src/stm32f1xx_hal_rcc.c ****         {
 468:Drivers/STM32F1xx_HAL_Driver/Src/stm32f1xx_hal_rcc.c ****           if ((HAL_GetTick() - tickstart) > HSI_TIMEOUT_VALUE)
 469:Drivers/STM32F1xx_HAL_Driver/Src/stm32f1xx_hal_rcc.c ****           {
 470:Drivers/STM32F1xx_HAL_Driver/Src/stm32f1xx_hal_rcc.c ****             return HAL_TIMEOUT;
 471:Drivers/STM32F1xx_HAL_Driver/Src/stm32f1xx_hal_rcc.c ****           }
 472:Drivers/STM32F1xx_HAL_Driver/Src/stm32f1xx_hal_rcc.c ****         }
 473:Drivers/STM32F1xx_HAL_Driver/Src/stm32f1xx_hal_rcc.c ****       }
 474:Drivers/STM32F1xx_HAL_Driver/Src/stm32f1xx_hal_rcc.c ****     }
 475:Drivers/STM32F1xx_HAL_Driver/Src/stm32f1xx_hal_rcc.c ****   }
 476:Drivers/STM32F1xx_HAL_Driver/Src/stm32f1xx_hal_rcc.c ****   /*------------------------------ LSI Configuration -------------------------*/
 477:Drivers/STM32F1xx_HAL_Driver/Src/stm32f1xx_hal_rcc.c ****   if (((RCC_OscInitStruct->OscillatorType) & RCC_OSCILLATORTYPE_LSI) == RCC_OSCILLATORTYPE_LSI)
 478:Drivers/STM32F1xx_HAL_Driver/Src/stm32f1xx_hal_rcc.c ****   {
 479:Drivers/STM32F1xx_HAL_Driver/Src/stm32f1xx_hal_rcc.c ****     /* Check the parameters */
 480:Drivers/STM32F1xx_HAL_Driver/Src/stm32f1xx_hal_rcc.c ****     assert_param(IS_RCC_LSI(RCC_OscInitStruct->LSIState));
 481:Drivers/STM32F1xx_HAL_Driver/Src/stm32f1xx_hal_rcc.c **** 
 482:Drivers/STM32F1xx_HAL_Driver/Src/stm32f1xx_hal_rcc.c ****     /* Check the LSI State */
 483:Drivers/STM32F1xx_HAL_Driver/Src/stm32f1xx_hal_rcc.c ****     if (RCC_OscInitStruct->LSIState != RCC_LSI_OFF)
 484:Drivers/STM32F1xx_HAL_Driver/Src/stm32f1xx_hal_rcc.c ****     {
 485:Drivers/STM32F1xx_HAL_Driver/Src/stm32f1xx_hal_rcc.c ****       /* Enable the Internal Low Speed oscillator (LSI). */
 486:Drivers/STM32F1xx_HAL_Driver/Src/stm32f1xx_hal_rcc.c ****       __HAL_RCC_LSI_ENABLE();
 487:Drivers/STM32F1xx_HAL_Driver/Src/stm32f1xx_hal_rcc.c **** 
 488:Drivers/STM32F1xx_HAL_Driver/Src/stm32f1xx_hal_rcc.c ****       /* Get Start Tick */
ARM GAS  /tmp/ccpphuMd.s 			page 10


 489:Drivers/STM32F1xx_HAL_Driver/Src/stm32f1xx_hal_rcc.c ****       tickstart = HAL_GetTick();
 490:Drivers/STM32F1xx_HAL_Driver/Src/stm32f1xx_hal_rcc.c **** 
 491:Drivers/STM32F1xx_HAL_Driver/Src/stm32f1xx_hal_rcc.c ****       /* Wait till LSI is ready */
 492:Drivers/STM32F1xx_HAL_Driver/Src/stm32f1xx_hal_rcc.c ****       while (__HAL_RCC_GET_FLAG(RCC_FLAG_LSIRDY) == RESET)
 493:Drivers/STM32F1xx_HAL_Driver/Src/stm32f1xx_hal_rcc.c ****       {
 494:Drivers/STM32F1xx_HAL_Driver/Src/stm32f1xx_hal_rcc.c ****         if ((HAL_GetTick() - tickstart) > LSI_TIMEOUT_VALUE)
 495:Drivers/STM32F1xx_HAL_Driver/Src/stm32f1xx_hal_rcc.c ****         {
 496:Drivers/STM32F1xx_HAL_Driver/Src/stm32f1xx_hal_rcc.c ****           return HAL_TIMEOUT;
 497:Drivers/STM32F1xx_HAL_Driver/Src/stm32f1xx_hal_rcc.c ****         }
 498:Drivers/STM32F1xx_HAL_Driver/Src/stm32f1xx_hal_rcc.c ****       }
 499:Drivers/STM32F1xx_HAL_Driver/Src/stm32f1xx_hal_rcc.c ****       /*  To have a fully stabilized clock in the specified range, a software delay of 1ms
 500:Drivers/STM32F1xx_HAL_Driver/Src/stm32f1xx_hal_rcc.c ****           should be added.*/
 501:Drivers/STM32F1xx_HAL_Driver/Src/stm32f1xx_hal_rcc.c ****       RCC_Delay(1);
 502:Drivers/STM32F1xx_HAL_Driver/Src/stm32f1xx_hal_rcc.c ****     }
 503:Drivers/STM32F1xx_HAL_Driver/Src/stm32f1xx_hal_rcc.c ****     else
 504:Drivers/STM32F1xx_HAL_Driver/Src/stm32f1xx_hal_rcc.c ****     {
 505:Drivers/STM32F1xx_HAL_Driver/Src/stm32f1xx_hal_rcc.c ****       /* Disable the Internal Low Speed oscillator (LSI). */
 506:Drivers/STM32F1xx_HAL_Driver/Src/stm32f1xx_hal_rcc.c ****       __HAL_RCC_LSI_DISABLE();
 507:Drivers/STM32F1xx_HAL_Driver/Src/stm32f1xx_hal_rcc.c **** 
 508:Drivers/STM32F1xx_HAL_Driver/Src/stm32f1xx_hal_rcc.c ****       /* Get Start Tick */
 509:Drivers/STM32F1xx_HAL_Driver/Src/stm32f1xx_hal_rcc.c ****       tickstart = HAL_GetTick();
 510:Drivers/STM32F1xx_HAL_Driver/Src/stm32f1xx_hal_rcc.c **** 
 511:Drivers/STM32F1xx_HAL_Driver/Src/stm32f1xx_hal_rcc.c ****       /* Wait till LSI is disabled */
 512:Drivers/STM32F1xx_HAL_Driver/Src/stm32f1xx_hal_rcc.c ****       while (__HAL_RCC_GET_FLAG(RCC_FLAG_LSIRDY) != RESET)
 513:Drivers/STM32F1xx_HAL_Driver/Src/stm32f1xx_hal_rcc.c ****       {
 514:Drivers/STM32F1xx_HAL_Driver/Src/stm32f1xx_hal_rcc.c ****         if ((HAL_GetTick() - tickstart) > LSI_TIMEOUT_VALUE)
 515:Drivers/STM32F1xx_HAL_Driver/Src/stm32f1xx_hal_rcc.c ****         {
 516:Drivers/STM32F1xx_HAL_Driver/Src/stm32f1xx_hal_rcc.c ****           return HAL_TIMEOUT;
 517:Drivers/STM32F1xx_HAL_Driver/Src/stm32f1xx_hal_rcc.c ****         }
 518:Drivers/STM32F1xx_HAL_Driver/Src/stm32f1xx_hal_rcc.c ****       }
 519:Drivers/STM32F1xx_HAL_Driver/Src/stm32f1xx_hal_rcc.c ****     }
 520:Drivers/STM32F1xx_HAL_Driver/Src/stm32f1xx_hal_rcc.c ****   }
 521:Drivers/STM32F1xx_HAL_Driver/Src/stm32f1xx_hal_rcc.c ****   /*------------------------------ LSE Configuration -------------------------*/
 522:Drivers/STM32F1xx_HAL_Driver/Src/stm32f1xx_hal_rcc.c ****   if (((RCC_OscInitStruct->OscillatorType) & RCC_OSCILLATORTYPE_LSE) == RCC_OSCILLATORTYPE_LSE)
 523:Drivers/STM32F1xx_HAL_Driver/Src/stm32f1xx_hal_rcc.c ****   {
 524:Drivers/STM32F1xx_HAL_Driver/Src/stm32f1xx_hal_rcc.c ****     FlagStatus       pwrclkchanged = RESET;
 525:Drivers/STM32F1xx_HAL_Driver/Src/stm32f1xx_hal_rcc.c **** 
 526:Drivers/STM32F1xx_HAL_Driver/Src/stm32f1xx_hal_rcc.c ****     /* Check the parameters */
 527:Drivers/STM32F1xx_HAL_Driver/Src/stm32f1xx_hal_rcc.c ****     assert_param(IS_RCC_LSE(RCC_OscInitStruct->LSEState));
 528:Drivers/STM32F1xx_HAL_Driver/Src/stm32f1xx_hal_rcc.c **** 
 529:Drivers/STM32F1xx_HAL_Driver/Src/stm32f1xx_hal_rcc.c ****     /* Update LSE configuration in Backup Domain control register    */
 530:Drivers/STM32F1xx_HAL_Driver/Src/stm32f1xx_hal_rcc.c ****     /* Requires to enable write access to Backup Domain of necessary */
 531:Drivers/STM32F1xx_HAL_Driver/Src/stm32f1xx_hal_rcc.c ****     if (__HAL_RCC_PWR_IS_CLK_DISABLED())
 532:Drivers/STM32F1xx_HAL_Driver/Src/stm32f1xx_hal_rcc.c ****     {
 533:Drivers/STM32F1xx_HAL_Driver/Src/stm32f1xx_hal_rcc.c ****       __HAL_RCC_PWR_CLK_ENABLE();
 534:Drivers/STM32F1xx_HAL_Driver/Src/stm32f1xx_hal_rcc.c ****       pwrclkchanged = SET;
 535:Drivers/STM32F1xx_HAL_Driver/Src/stm32f1xx_hal_rcc.c ****     }
 536:Drivers/STM32F1xx_HAL_Driver/Src/stm32f1xx_hal_rcc.c **** 
 537:Drivers/STM32F1xx_HAL_Driver/Src/stm32f1xx_hal_rcc.c ****     if (HAL_IS_BIT_CLR(PWR->CR, PWR_CR_DBP))
 538:Drivers/STM32F1xx_HAL_Driver/Src/stm32f1xx_hal_rcc.c ****     {
 539:Drivers/STM32F1xx_HAL_Driver/Src/stm32f1xx_hal_rcc.c ****       /* Enable write access to Backup domain */
 540:Drivers/STM32F1xx_HAL_Driver/Src/stm32f1xx_hal_rcc.c ****       SET_BIT(PWR->CR, PWR_CR_DBP);
 541:Drivers/STM32F1xx_HAL_Driver/Src/stm32f1xx_hal_rcc.c **** 
 542:Drivers/STM32F1xx_HAL_Driver/Src/stm32f1xx_hal_rcc.c ****       /* Wait for Backup domain Write protection disable */
 543:Drivers/STM32F1xx_HAL_Driver/Src/stm32f1xx_hal_rcc.c ****       tickstart = HAL_GetTick();
 544:Drivers/STM32F1xx_HAL_Driver/Src/stm32f1xx_hal_rcc.c **** 
 545:Drivers/STM32F1xx_HAL_Driver/Src/stm32f1xx_hal_rcc.c ****       while (HAL_IS_BIT_CLR(PWR->CR, PWR_CR_DBP))
ARM GAS  /tmp/ccpphuMd.s 			page 11


 546:Drivers/STM32F1xx_HAL_Driver/Src/stm32f1xx_hal_rcc.c ****       {
 547:Drivers/STM32F1xx_HAL_Driver/Src/stm32f1xx_hal_rcc.c ****         if ((HAL_GetTick() - tickstart) > RCC_DBP_TIMEOUT_VALUE)
 548:Drivers/STM32F1xx_HAL_Driver/Src/stm32f1xx_hal_rcc.c ****         {
 549:Drivers/STM32F1xx_HAL_Driver/Src/stm32f1xx_hal_rcc.c ****           return HAL_TIMEOUT;
 550:Drivers/STM32F1xx_HAL_Driver/Src/stm32f1xx_hal_rcc.c ****         }
 551:Drivers/STM32F1xx_HAL_Driver/Src/stm32f1xx_hal_rcc.c ****       }
 552:Drivers/STM32F1xx_HAL_Driver/Src/stm32f1xx_hal_rcc.c ****     }
 553:Drivers/STM32F1xx_HAL_Driver/Src/stm32f1xx_hal_rcc.c **** 
 554:Drivers/STM32F1xx_HAL_Driver/Src/stm32f1xx_hal_rcc.c ****     /* Set the new LSE configuration -----------------------------------------*/
 555:Drivers/STM32F1xx_HAL_Driver/Src/stm32f1xx_hal_rcc.c ****     __HAL_RCC_LSE_CONFIG(RCC_OscInitStruct->LSEState);
 556:Drivers/STM32F1xx_HAL_Driver/Src/stm32f1xx_hal_rcc.c ****     /* Check the LSE State */
 557:Drivers/STM32F1xx_HAL_Driver/Src/stm32f1xx_hal_rcc.c ****     if (RCC_OscInitStruct->LSEState != RCC_LSE_OFF)
 558:Drivers/STM32F1xx_HAL_Driver/Src/stm32f1xx_hal_rcc.c ****     {
 559:Drivers/STM32F1xx_HAL_Driver/Src/stm32f1xx_hal_rcc.c ****       /* Get Start Tick */
 560:Drivers/STM32F1xx_HAL_Driver/Src/stm32f1xx_hal_rcc.c ****       tickstart = HAL_GetTick();
 561:Drivers/STM32F1xx_HAL_Driver/Src/stm32f1xx_hal_rcc.c **** 
 562:Drivers/STM32F1xx_HAL_Driver/Src/stm32f1xx_hal_rcc.c ****       /* Wait till LSE is ready */
 563:Drivers/STM32F1xx_HAL_Driver/Src/stm32f1xx_hal_rcc.c ****       while (__HAL_RCC_GET_FLAG(RCC_FLAG_LSERDY) == RESET)
 564:Drivers/STM32F1xx_HAL_Driver/Src/stm32f1xx_hal_rcc.c ****       {
 565:Drivers/STM32F1xx_HAL_Driver/Src/stm32f1xx_hal_rcc.c ****         if ((HAL_GetTick() - tickstart) > RCC_LSE_TIMEOUT_VALUE)
 566:Drivers/STM32F1xx_HAL_Driver/Src/stm32f1xx_hal_rcc.c ****         {
 567:Drivers/STM32F1xx_HAL_Driver/Src/stm32f1xx_hal_rcc.c ****           return HAL_TIMEOUT;
 568:Drivers/STM32F1xx_HAL_Driver/Src/stm32f1xx_hal_rcc.c ****         }
 569:Drivers/STM32F1xx_HAL_Driver/Src/stm32f1xx_hal_rcc.c ****       }
 570:Drivers/STM32F1xx_HAL_Driver/Src/stm32f1xx_hal_rcc.c ****     }
 571:Drivers/STM32F1xx_HAL_Driver/Src/stm32f1xx_hal_rcc.c ****     else
 572:Drivers/STM32F1xx_HAL_Driver/Src/stm32f1xx_hal_rcc.c ****     {
 573:Drivers/STM32F1xx_HAL_Driver/Src/stm32f1xx_hal_rcc.c ****       /* Get Start Tick */
 574:Drivers/STM32F1xx_HAL_Driver/Src/stm32f1xx_hal_rcc.c ****       tickstart = HAL_GetTick();
 575:Drivers/STM32F1xx_HAL_Driver/Src/stm32f1xx_hal_rcc.c **** 
 576:Drivers/STM32F1xx_HAL_Driver/Src/stm32f1xx_hal_rcc.c ****       /* Wait till LSE is disabled */
 577:Drivers/STM32F1xx_HAL_Driver/Src/stm32f1xx_hal_rcc.c ****       while (__HAL_RCC_GET_FLAG(RCC_FLAG_LSERDY) != RESET)
 578:Drivers/STM32F1xx_HAL_Driver/Src/stm32f1xx_hal_rcc.c ****       {
 579:Drivers/STM32F1xx_HAL_Driver/Src/stm32f1xx_hal_rcc.c ****         if ((HAL_GetTick() - tickstart) > RCC_LSE_TIMEOUT_VALUE)
 580:Drivers/STM32F1xx_HAL_Driver/Src/stm32f1xx_hal_rcc.c ****         {
 581:Drivers/STM32F1xx_HAL_Driver/Src/stm32f1xx_hal_rcc.c ****           return HAL_TIMEOUT;
 582:Drivers/STM32F1xx_HAL_Driver/Src/stm32f1xx_hal_rcc.c ****         }
 583:Drivers/STM32F1xx_HAL_Driver/Src/stm32f1xx_hal_rcc.c ****       }
 584:Drivers/STM32F1xx_HAL_Driver/Src/stm32f1xx_hal_rcc.c ****     }
 585:Drivers/STM32F1xx_HAL_Driver/Src/stm32f1xx_hal_rcc.c **** 
 586:Drivers/STM32F1xx_HAL_Driver/Src/stm32f1xx_hal_rcc.c ****     /* Require to disable power clock if necessary */
 587:Drivers/STM32F1xx_HAL_Driver/Src/stm32f1xx_hal_rcc.c ****     if (pwrclkchanged == SET)
 588:Drivers/STM32F1xx_HAL_Driver/Src/stm32f1xx_hal_rcc.c ****     {
 589:Drivers/STM32F1xx_HAL_Driver/Src/stm32f1xx_hal_rcc.c ****       __HAL_RCC_PWR_CLK_DISABLE();
 590:Drivers/STM32F1xx_HAL_Driver/Src/stm32f1xx_hal_rcc.c ****     }
 591:Drivers/STM32F1xx_HAL_Driver/Src/stm32f1xx_hal_rcc.c ****   }
 592:Drivers/STM32F1xx_HAL_Driver/Src/stm32f1xx_hal_rcc.c **** 
 593:Drivers/STM32F1xx_HAL_Driver/Src/stm32f1xx_hal_rcc.c **** #if defined(RCC_CR_PLL2ON)
 594:Drivers/STM32F1xx_HAL_Driver/Src/stm32f1xx_hal_rcc.c ****   /*-------------------------------- PLL2 Configuration -----------------------*/
 595:Drivers/STM32F1xx_HAL_Driver/Src/stm32f1xx_hal_rcc.c ****   /* Check the parameters */
 596:Drivers/STM32F1xx_HAL_Driver/Src/stm32f1xx_hal_rcc.c ****   assert_param(IS_RCC_PLL2(RCC_OscInitStruct->PLL2.PLL2State));
 597:Drivers/STM32F1xx_HAL_Driver/Src/stm32f1xx_hal_rcc.c ****   if ((RCC_OscInitStruct->PLL2.PLL2State) != RCC_PLL2_NONE)
 598:Drivers/STM32F1xx_HAL_Driver/Src/stm32f1xx_hal_rcc.c ****   {
 599:Drivers/STM32F1xx_HAL_Driver/Src/stm32f1xx_hal_rcc.c ****     /* This bit can not be cleared if the PLL2 clock is used indirectly as system
 600:Drivers/STM32F1xx_HAL_Driver/Src/stm32f1xx_hal_rcc.c ****       clock (i.e. it is used as PLL clock entry that is used as system clock). */
 601:Drivers/STM32F1xx_HAL_Driver/Src/stm32f1xx_hal_rcc.c ****     if ((__HAL_RCC_GET_PLL_OSCSOURCE() == RCC_PLLSOURCE_HSE) && \
 602:Drivers/STM32F1xx_HAL_Driver/Src/stm32f1xx_hal_rcc.c ****         (__HAL_RCC_GET_SYSCLK_SOURCE() == RCC_SYSCLKSOURCE_STATUS_PLLCLK) && \
ARM GAS  /tmp/ccpphuMd.s 			page 12


 603:Drivers/STM32F1xx_HAL_Driver/Src/stm32f1xx_hal_rcc.c ****         ((READ_BIT(RCC->CFGR2, RCC_CFGR2_PREDIV1SRC)) == RCC_CFGR2_PREDIV1SRC_PLL2))
 604:Drivers/STM32F1xx_HAL_Driver/Src/stm32f1xx_hal_rcc.c ****     {
 605:Drivers/STM32F1xx_HAL_Driver/Src/stm32f1xx_hal_rcc.c ****       return HAL_ERROR;
 606:Drivers/STM32F1xx_HAL_Driver/Src/stm32f1xx_hal_rcc.c ****     }
 607:Drivers/STM32F1xx_HAL_Driver/Src/stm32f1xx_hal_rcc.c ****     else
 608:Drivers/STM32F1xx_HAL_Driver/Src/stm32f1xx_hal_rcc.c ****     {
 609:Drivers/STM32F1xx_HAL_Driver/Src/stm32f1xx_hal_rcc.c ****       if ((RCC_OscInitStruct->PLL2.PLL2State) == RCC_PLL2_ON)
 610:Drivers/STM32F1xx_HAL_Driver/Src/stm32f1xx_hal_rcc.c ****       {
 611:Drivers/STM32F1xx_HAL_Driver/Src/stm32f1xx_hal_rcc.c ****         /* Check the parameters */
 612:Drivers/STM32F1xx_HAL_Driver/Src/stm32f1xx_hal_rcc.c ****         assert_param(IS_RCC_PLL2_MUL(RCC_OscInitStruct->PLL2.PLL2MUL));
 613:Drivers/STM32F1xx_HAL_Driver/Src/stm32f1xx_hal_rcc.c ****         assert_param(IS_RCC_HSE_PREDIV2(RCC_OscInitStruct->PLL2.HSEPrediv2Value));
 614:Drivers/STM32F1xx_HAL_Driver/Src/stm32f1xx_hal_rcc.c **** 
 615:Drivers/STM32F1xx_HAL_Driver/Src/stm32f1xx_hal_rcc.c ****         /* Prediv2 can be written only when the PLLI2S is disabled. */
 616:Drivers/STM32F1xx_HAL_Driver/Src/stm32f1xx_hal_rcc.c ****         /* Return an error only if new value is different from the programmed value */
 617:Drivers/STM32F1xx_HAL_Driver/Src/stm32f1xx_hal_rcc.c ****         if (HAL_IS_BIT_SET(RCC->CR, RCC_CR_PLL3ON) && \
 618:Drivers/STM32F1xx_HAL_Driver/Src/stm32f1xx_hal_rcc.c ****             (__HAL_RCC_HSE_GET_PREDIV2() != RCC_OscInitStruct->PLL2.HSEPrediv2Value))
 619:Drivers/STM32F1xx_HAL_Driver/Src/stm32f1xx_hal_rcc.c ****         {
 620:Drivers/STM32F1xx_HAL_Driver/Src/stm32f1xx_hal_rcc.c ****           return HAL_ERROR;
 621:Drivers/STM32F1xx_HAL_Driver/Src/stm32f1xx_hal_rcc.c ****         }
 622:Drivers/STM32F1xx_HAL_Driver/Src/stm32f1xx_hal_rcc.c **** 
 623:Drivers/STM32F1xx_HAL_Driver/Src/stm32f1xx_hal_rcc.c ****         /* Disable the main PLL2. */
 624:Drivers/STM32F1xx_HAL_Driver/Src/stm32f1xx_hal_rcc.c ****         __HAL_RCC_PLL2_DISABLE();
 625:Drivers/STM32F1xx_HAL_Driver/Src/stm32f1xx_hal_rcc.c **** 
 626:Drivers/STM32F1xx_HAL_Driver/Src/stm32f1xx_hal_rcc.c ****         /* Get Start Tick */
 627:Drivers/STM32F1xx_HAL_Driver/Src/stm32f1xx_hal_rcc.c ****         tickstart = HAL_GetTick();
 628:Drivers/STM32F1xx_HAL_Driver/Src/stm32f1xx_hal_rcc.c **** 
 629:Drivers/STM32F1xx_HAL_Driver/Src/stm32f1xx_hal_rcc.c ****         /* Wait till PLL2 is disabled */
 630:Drivers/STM32F1xx_HAL_Driver/Src/stm32f1xx_hal_rcc.c ****         while (__HAL_RCC_GET_FLAG(RCC_FLAG_PLL2RDY) != RESET)
 631:Drivers/STM32F1xx_HAL_Driver/Src/stm32f1xx_hal_rcc.c ****         {
 632:Drivers/STM32F1xx_HAL_Driver/Src/stm32f1xx_hal_rcc.c ****           if ((HAL_GetTick() - tickstart) > PLL2_TIMEOUT_VALUE)
 633:Drivers/STM32F1xx_HAL_Driver/Src/stm32f1xx_hal_rcc.c ****           {
 634:Drivers/STM32F1xx_HAL_Driver/Src/stm32f1xx_hal_rcc.c ****             return HAL_TIMEOUT;
 635:Drivers/STM32F1xx_HAL_Driver/Src/stm32f1xx_hal_rcc.c ****           }
 636:Drivers/STM32F1xx_HAL_Driver/Src/stm32f1xx_hal_rcc.c ****         }
 637:Drivers/STM32F1xx_HAL_Driver/Src/stm32f1xx_hal_rcc.c **** 
 638:Drivers/STM32F1xx_HAL_Driver/Src/stm32f1xx_hal_rcc.c ****         /* Configure the HSE prediv2 factor --------------------------------*/
 639:Drivers/STM32F1xx_HAL_Driver/Src/stm32f1xx_hal_rcc.c ****         __HAL_RCC_HSE_PREDIV2_CONFIG(RCC_OscInitStruct->PLL2.HSEPrediv2Value);
 640:Drivers/STM32F1xx_HAL_Driver/Src/stm32f1xx_hal_rcc.c **** 
 641:Drivers/STM32F1xx_HAL_Driver/Src/stm32f1xx_hal_rcc.c ****         /* Configure the main PLL2 multiplication factors. */
 642:Drivers/STM32F1xx_HAL_Driver/Src/stm32f1xx_hal_rcc.c ****         __HAL_RCC_PLL2_CONFIG(RCC_OscInitStruct->PLL2.PLL2MUL);
 643:Drivers/STM32F1xx_HAL_Driver/Src/stm32f1xx_hal_rcc.c **** 
 644:Drivers/STM32F1xx_HAL_Driver/Src/stm32f1xx_hal_rcc.c ****         /* Enable the main PLL2. */
 645:Drivers/STM32F1xx_HAL_Driver/Src/stm32f1xx_hal_rcc.c ****         __HAL_RCC_PLL2_ENABLE();
 646:Drivers/STM32F1xx_HAL_Driver/Src/stm32f1xx_hal_rcc.c **** 
 647:Drivers/STM32F1xx_HAL_Driver/Src/stm32f1xx_hal_rcc.c ****         /* Get Start Tick */
 648:Drivers/STM32F1xx_HAL_Driver/Src/stm32f1xx_hal_rcc.c ****         tickstart = HAL_GetTick();
 649:Drivers/STM32F1xx_HAL_Driver/Src/stm32f1xx_hal_rcc.c **** 
 650:Drivers/STM32F1xx_HAL_Driver/Src/stm32f1xx_hal_rcc.c ****         /* Wait till PLL2 is ready */
 651:Drivers/STM32F1xx_HAL_Driver/Src/stm32f1xx_hal_rcc.c ****         while (__HAL_RCC_GET_FLAG(RCC_FLAG_PLL2RDY)  == RESET)
 652:Drivers/STM32F1xx_HAL_Driver/Src/stm32f1xx_hal_rcc.c ****         {
 653:Drivers/STM32F1xx_HAL_Driver/Src/stm32f1xx_hal_rcc.c ****           if ((HAL_GetTick() - tickstart) > PLL2_TIMEOUT_VALUE)
 654:Drivers/STM32F1xx_HAL_Driver/Src/stm32f1xx_hal_rcc.c ****           {
 655:Drivers/STM32F1xx_HAL_Driver/Src/stm32f1xx_hal_rcc.c ****             return HAL_TIMEOUT;
 656:Drivers/STM32F1xx_HAL_Driver/Src/stm32f1xx_hal_rcc.c ****           }
 657:Drivers/STM32F1xx_HAL_Driver/Src/stm32f1xx_hal_rcc.c ****         }
 658:Drivers/STM32F1xx_HAL_Driver/Src/stm32f1xx_hal_rcc.c ****       }
 659:Drivers/STM32F1xx_HAL_Driver/Src/stm32f1xx_hal_rcc.c ****       else
ARM GAS  /tmp/ccpphuMd.s 			page 13


 660:Drivers/STM32F1xx_HAL_Driver/Src/stm32f1xx_hal_rcc.c ****       {
 661:Drivers/STM32F1xx_HAL_Driver/Src/stm32f1xx_hal_rcc.c ****         /* Set PREDIV1 source to HSE */
 662:Drivers/STM32F1xx_HAL_Driver/Src/stm32f1xx_hal_rcc.c ****         CLEAR_BIT(RCC->CFGR2, RCC_CFGR2_PREDIV1SRC);
 663:Drivers/STM32F1xx_HAL_Driver/Src/stm32f1xx_hal_rcc.c **** 
 664:Drivers/STM32F1xx_HAL_Driver/Src/stm32f1xx_hal_rcc.c ****         /* Disable the main PLL2. */
 665:Drivers/STM32F1xx_HAL_Driver/Src/stm32f1xx_hal_rcc.c ****         __HAL_RCC_PLL2_DISABLE();
 666:Drivers/STM32F1xx_HAL_Driver/Src/stm32f1xx_hal_rcc.c **** 
 667:Drivers/STM32F1xx_HAL_Driver/Src/stm32f1xx_hal_rcc.c ****         /* Get Start Tick */
 668:Drivers/STM32F1xx_HAL_Driver/Src/stm32f1xx_hal_rcc.c ****         tickstart = HAL_GetTick();
 669:Drivers/STM32F1xx_HAL_Driver/Src/stm32f1xx_hal_rcc.c **** 
 670:Drivers/STM32F1xx_HAL_Driver/Src/stm32f1xx_hal_rcc.c ****         /* Wait till PLL2 is disabled */
 671:Drivers/STM32F1xx_HAL_Driver/Src/stm32f1xx_hal_rcc.c ****         while (__HAL_RCC_GET_FLAG(RCC_FLAG_PLL2RDY)  != RESET)
 672:Drivers/STM32F1xx_HAL_Driver/Src/stm32f1xx_hal_rcc.c ****         {
 673:Drivers/STM32F1xx_HAL_Driver/Src/stm32f1xx_hal_rcc.c ****           if ((HAL_GetTick() - tickstart) > PLL2_TIMEOUT_VALUE)
 674:Drivers/STM32F1xx_HAL_Driver/Src/stm32f1xx_hal_rcc.c ****           {
 675:Drivers/STM32F1xx_HAL_Driver/Src/stm32f1xx_hal_rcc.c ****             return HAL_TIMEOUT;
 676:Drivers/STM32F1xx_HAL_Driver/Src/stm32f1xx_hal_rcc.c ****           }
 677:Drivers/STM32F1xx_HAL_Driver/Src/stm32f1xx_hal_rcc.c ****         }
 678:Drivers/STM32F1xx_HAL_Driver/Src/stm32f1xx_hal_rcc.c ****       }
 679:Drivers/STM32F1xx_HAL_Driver/Src/stm32f1xx_hal_rcc.c ****     }
 680:Drivers/STM32F1xx_HAL_Driver/Src/stm32f1xx_hal_rcc.c ****   }
 681:Drivers/STM32F1xx_HAL_Driver/Src/stm32f1xx_hal_rcc.c **** 
 682:Drivers/STM32F1xx_HAL_Driver/Src/stm32f1xx_hal_rcc.c **** #endif /* RCC_CR_PLL2ON */
 683:Drivers/STM32F1xx_HAL_Driver/Src/stm32f1xx_hal_rcc.c ****   /*-------------------------------- PLL Configuration -----------------------*/
 684:Drivers/STM32F1xx_HAL_Driver/Src/stm32f1xx_hal_rcc.c ****   /* Check the parameters */
 685:Drivers/STM32F1xx_HAL_Driver/Src/stm32f1xx_hal_rcc.c ****   assert_param(IS_RCC_PLL(RCC_OscInitStruct->PLL.PLLState));
 686:Drivers/STM32F1xx_HAL_Driver/Src/stm32f1xx_hal_rcc.c ****   if ((RCC_OscInitStruct->PLL.PLLState) != RCC_PLL_NONE)
 687:Drivers/STM32F1xx_HAL_Driver/Src/stm32f1xx_hal_rcc.c ****   {
 688:Drivers/STM32F1xx_HAL_Driver/Src/stm32f1xx_hal_rcc.c ****     /* Check if the PLL is used as system clock or not */
 689:Drivers/STM32F1xx_HAL_Driver/Src/stm32f1xx_hal_rcc.c ****     if (__HAL_RCC_GET_SYSCLK_SOURCE() != RCC_SYSCLKSOURCE_STATUS_PLLCLK)
 690:Drivers/STM32F1xx_HAL_Driver/Src/stm32f1xx_hal_rcc.c ****     {
 691:Drivers/STM32F1xx_HAL_Driver/Src/stm32f1xx_hal_rcc.c ****       if ((RCC_OscInitStruct->PLL.PLLState) == RCC_PLL_ON)
 692:Drivers/STM32F1xx_HAL_Driver/Src/stm32f1xx_hal_rcc.c ****       {
 693:Drivers/STM32F1xx_HAL_Driver/Src/stm32f1xx_hal_rcc.c ****         /* Check the parameters */
 694:Drivers/STM32F1xx_HAL_Driver/Src/stm32f1xx_hal_rcc.c ****         assert_param(IS_RCC_PLLSOURCE(RCC_OscInitStruct->PLL.PLLSource));
 695:Drivers/STM32F1xx_HAL_Driver/Src/stm32f1xx_hal_rcc.c ****         assert_param(IS_RCC_PLL_MUL(RCC_OscInitStruct->PLL.PLLMUL));
 696:Drivers/STM32F1xx_HAL_Driver/Src/stm32f1xx_hal_rcc.c **** 
 697:Drivers/STM32F1xx_HAL_Driver/Src/stm32f1xx_hal_rcc.c ****         /* Disable the main PLL. */
 698:Drivers/STM32F1xx_HAL_Driver/Src/stm32f1xx_hal_rcc.c ****         __HAL_RCC_PLL_DISABLE();
 699:Drivers/STM32F1xx_HAL_Driver/Src/stm32f1xx_hal_rcc.c **** 
 700:Drivers/STM32F1xx_HAL_Driver/Src/stm32f1xx_hal_rcc.c ****         /* Get Start Tick */
 701:Drivers/STM32F1xx_HAL_Driver/Src/stm32f1xx_hal_rcc.c ****         tickstart = HAL_GetTick();
 702:Drivers/STM32F1xx_HAL_Driver/Src/stm32f1xx_hal_rcc.c **** 
 703:Drivers/STM32F1xx_HAL_Driver/Src/stm32f1xx_hal_rcc.c ****         /* Wait till PLL is disabled */
 704:Drivers/STM32F1xx_HAL_Driver/Src/stm32f1xx_hal_rcc.c ****         while (__HAL_RCC_GET_FLAG(RCC_FLAG_PLLRDY)  != RESET)
 705:Drivers/STM32F1xx_HAL_Driver/Src/stm32f1xx_hal_rcc.c ****         {
 706:Drivers/STM32F1xx_HAL_Driver/Src/stm32f1xx_hal_rcc.c ****           if ((HAL_GetTick() - tickstart) > PLL_TIMEOUT_VALUE)
 707:Drivers/STM32F1xx_HAL_Driver/Src/stm32f1xx_hal_rcc.c ****           {
 708:Drivers/STM32F1xx_HAL_Driver/Src/stm32f1xx_hal_rcc.c ****             return HAL_TIMEOUT;
 709:Drivers/STM32F1xx_HAL_Driver/Src/stm32f1xx_hal_rcc.c ****           }
 710:Drivers/STM32F1xx_HAL_Driver/Src/stm32f1xx_hal_rcc.c ****         }
 711:Drivers/STM32F1xx_HAL_Driver/Src/stm32f1xx_hal_rcc.c **** 
 712:Drivers/STM32F1xx_HAL_Driver/Src/stm32f1xx_hal_rcc.c ****         /* Configure the HSE prediv factor --------------------------------*/
 713:Drivers/STM32F1xx_HAL_Driver/Src/stm32f1xx_hal_rcc.c ****         /* It can be written only when the PLL is disabled. Not used in PLL source is different tha
 714:Drivers/STM32F1xx_HAL_Driver/Src/stm32f1xx_hal_rcc.c ****         if (RCC_OscInitStruct->PLL.PLLSource == RCC_PLLSOURCE_HSE)
 715:Drivers/STM32F1xx_HAL_Driver/Src/stm32f1xx_hal_rcc.c ****         {
 716:Drivers/STM32F1xx_HAL_Driver/Src/stm32f1xx_hal_rcc.c ****           /* Check the parameter */
ARM GAS  /tmp/ccpphuMd.s 			page 14


 717:Drivers/STM32F1xx_HAL_Driver/Src/stm32f1xx_hal_rcc.c ****           assert_param(IS_RCC_HSE_PREDIV(RCC_OscInitStruct->HSEPredivValue));
 718:Drivers/STM32F1xx_HAL_Driver/Src/stm32f1xx_hal_rcc.c **** #if defined(RCC_CFGR2_PREDIV1SRC)
 719:Drivers/STM32F1xx_HAL_Driver/Src/stm32f1xx_hal_rcc.c ****           assert_param(IS_RCC_PREDIV1_SOURCE(RCC_OscInitStruct->Prediv1Source));
 720:Drivers/STM32F1xx_HAL_Driver/Src/stm32f1xx_hal_rcc.c **** 
 721:Drivers/STM32F1xx_HAL_Driver/Src/stm32f1xx_hal_rcc.c ****           /* Set PREDIV1 source */
 722:Drivers/STM32F1xx_HAL_Driver/Src/stm32f1xx_hal_rcc.c ****           SET_BIT(RCC->CFGR2, RCC_OscInitStruct->Prediv1Source);
 723:Drivers/STM32F1xx_HAL_Driver/Src/stm32f1xx_hal_rcc.c **** #endif /* RCC_CFGR2_PREDIV1SRC */
 724:Drivers/STM32F1xx_HAL_Driver/Src/stm32f1xx_hal_rcc.c **** 
 725:Drivers/STM32F1xx_HAL_Driver/Src/stm32f1xx_hal_rcc.c ****           /* Set PREDIV1 Value */
 726:Drivers/STM32F1xx_HAL_Driver/Src/stm32f1xx_hal_rcc.c ****           __HAL_RCC_HSE_PREDIV_CONFIG(RCC_OscInitStruct->HSEPredivValue);
 727:Drivers/STM32F1xx_HAL_Driver/Src/stm32f1xx_hal_rcc.c ****         }
 728:Drivers/STM32F1xx_HAL_Driver/Src/stm32f1xx_hal_rcc.c **** 
 729:Drivers/STM32F1xx_HAL_Driver/Src/stm32f1xx_hal_rcc.c ****         /* Configure the main PLL clock source and multiplication factors. */
 730:Drivers/STM32F1xx_HAL_Driver/Src/stm32f1xx_hal_rcc.c ****         __HAL_RCC_PLL_CONFIG(RCC_OscInitStruct->PLL.PLLSource,
 731:Drivers/STM32F1xx_HAL_Driver/Src/stm32f1xx_hal_rcc.c ****                              RCC_OscInitStruct->PLL.PLLMUL);
 732:Drivers/STM32F1xx_HAL_Driver/Src/stm32f1xx_hal_rcc.c ****         /* Enable the main PLL. */
 733:Drivers/STM32F1xx_HAL_Driver/Src/stm32f1xx_hal_rcc.c ****         __HAL_RCC_PLL_ENABLE();
 734:Drivers/STM32F1xx_HAL_Driver/Src/stm32f1xx_hal_rcc.c **** 
 735:Drivers/STM32F1xx_HAL_Driver/Src/stm32f1xx_hal_rcc.c ****         /* Get Start Tick */
 736:Drivers/STM32F1xx_HAL_Driver/Src/stm32f1xx_hal_rcc.c ****         tickstart = HAL_GetTick();
 737:Drivers/STM32F1xx_HAL_Driver/Src/stm32f1xx_hal_rcc.c **** 
 738:Drivers/STM32F1xx_HAL_Driver/Src/stm32f1xx_hal_rcc.c ****         /* Wait till PLL is ready */
 739:Drivers/STM32F1xx_HAL_Driver/Src/stm32f1xx_hal_rcc.c ****         while (__HAL_RCC_GET_FLAG(RCC_FLAG_PLLRDY)  == RESET)
 740:Drivers/STM32F1xx_HAL_Driver/Src/stm32f1xx_hal_rcc.c ****         {
 741:Drivers/STM32F1xx_HAL_Driver/Src/stm32f1xx_hal_rcc.c ****           if ((HAL_GetTick() - tickstart) > PLL_TIMEOUT_VALUE)
 742:Drivers/STM32F1xx_HAL_Driver/Src/stm32f1xx_hal_rcc.c ****           {
 743:Drivers/STM32F1xx_HAL_Driver/Src/stm32f1xx_hal_rcc.c ****             return HAL_TIMEOUT;
 744:Drivers/STM32F1xx_HAL_Driver/Src/stm32f1xx_hal_rcc.c ****           }
 745:Drivers/STM32F1xx_HAL_Driver/Src/stm32f1xx_hal_rcc.c ****         }
 746:Drivers/STM32F1xx_HAL_Driver/Src/stm32f1xx_hal_rcc.c ****       }
 747:Drivers/STM32F1xx_HAL_Driver/Src/stm32f1xx_hal_rcc.c ****       else
 748:Drivers/STM32F1xx_HAL_Driver/Src/stm32f1xx_hal_rcc.c ****       {
 749:Drivers/STM32F1xx_HAL_Driver/Src/stm32f1xx_hal_rcc.c ****         /* Disable the main PLL. */
 750:Drivers/STM32F1xx_HAL_Driver/Src/stm32f1xx_hal_rcc.c ****         __HAL_RCC_PLL_DISABLE();
 751:Drivers/STM32F1xx_HAL_Driver/Src/stm32f1xx_hal_rcc.c **** 
 752:Drivers/STM32F1xx_HAL_Driver/Src/stm32f1xx_hal_rcc.c ****         /* Get Start Tick */
 753:Drivers/STM32F1xx_HAL_Driver/Src/stm32f1xx_hal_rcc.c ****         tickstart = HAL_GetTick();
 754:Drivers/STM32F1xx_HAL_Driver/Src/stm32f1xx_hal_rcc.c **** 
 755:Drivers/STM32F1xx_HAL_Driver/Src/stm32f1xx_hal_rcc.c ****         /* Wait till PLL is disabled */
 756:Drivers/STM32F1xx_HAL_Driver/Src/stm32f1xx_hal_rcc.c ****         while (__HAL_RCC_GET_FLAG(RCC_FLAG_PLLRDY)  != RESET)
 757:Drivers/STM32F1xx_HAL_Driver/Src/stm32f1xx_hal_rcc.c ****         {
 758:Drivers/STM32F1xx_HAL_Driver/Src/stm32f1xx_hal_rcc.c ****           if ((HAL_GetTick() - tickstart) > PLL_TIMEOUT_VALUE)
 759:Drivers/STM32F1xx_HAL_Driver/Src/stm32f1xx_hal_rcc.c ****           {
 760:Drivers/STM32F1xx_HAL_Driver/Src/stm32f1xx_hal_rcc.c ****             return HAL_TIMEOUT;
 761:Drivers/STM32F1xx_HAL_Driver/Src/stm32f1xx_hal_rcc.c ****           }
 762:Drivers/STM32F1xx_HAL_Driver/Src/stm32f1xx_hal_rcc.c ****         }
 763:Drivers/STM32F1xx_HAL_Driver/Src/stm32f1xx_hal_rcc.c ****       }
 764:Drivers/STM32F1xx_HAL_Driver/Src/stm32f1xx_hal_rcc.c ****     }
 765:Drivers/STM32F1xx_HAL_Driver/Src/stm32f1xx_hal_rcc.c ****     else
 766:Drivers/STM32F1xx_HAL_Driver/Src/stm32f1xx_hal_rcc.c ****     {
 767:Drivers/STM32F1xx_HAL_Driver/Src/stm32f1xx_hal_rcc.c ****       /* Check if there is a request to disable the PLL used as System clock source */
 768:Drivers/STM32F1xx_HAL_Driver/Src/stm32f1xx_hal_rcc.c ****       if ((RCC_OscInitStruct->PLL.PLLState) == RCC_PLL_OFF)
 769:Drivers/STM32F1xx_HAL_Driver/Src/stm32f1xx_hal_rcc.c ****       {
 770:Drivers/STM32F1xx_HAL_Driver/Src/stm32f1xx_hal_rcc.c ****         return HAL_ERROR;
 771:Drivers/STM32F1xx_HAL_Driver/Src/stm32f1xx_hal_rcc.c ****       }
 772:Drivers/STM32F1xx_HAL_Driver/Src/stm32f1xx_hal_rcc.c ****       else
 773:Drivers/STM32F1xx_HAL_Driver/Src/stm32f1xx_hal_rcc.c ****       {
ARM GAS  /tmp/ccpphuMd.s 			page 15


 774:Drivers/STM32F1xx_HAL_Driver/Src/stm32f1xx_hal_rcc.c ****         /* Do not return HAL_ERROR if request repeats the current configuration */
 775:Drivers/STM32F1xx_HAL_Driver/Src/stm32f1xx_hal_rcc.c ****         pll_config = RCC->CFGR;
 776:Drivers/STM32F1xx_HAL_Driver/Src/stm32f1xx_hal_rcc.c ****         if ((READ_BIT(pll_config, RCC_CFGR_PLLSRC) != RCC_OscInitStruct->PLL.PLLSource) ||
 777:Drivers/STM32F1xx_HAL_Driver/Src/stm32f1xx_hal_rcc.c ****             (READ_BIT(pll_config, RCC_CFGR_PLLMULL) != RCC_OscInitStruct->PLL.PLLMUL))
 778:Drivers/STM32F1xx_HAL_Driver/Src/stm32f1xx_hal_rcc.c ****         {
 779:Drivers/STM32F1xx_HAL_Driver/Src/stm32f1xx_hal_rcc.c ****           return HAL_ERROR;
 780:Drivers/STM32F1xx_HAL_Driver/Src/stm32f1xx_hal_rcc.c ****         }
 781:Drivers/STM32F1xx_HAL_Driver/Src/stm32f1xx_hal_rcc.c ****       }
 782:Drivers/STM32F1xx_HAL_Driver/Src/stm32f1xx_hal_rcc.c ****     }
 783:Drivers/STM32F1xx_HAL_Driver/Src/stm32f1xx_hal_rcc.c ****   }
 784:Drivers/STM32F1xx_HAL_Driver/Src/stm32f1xx_hal_rcc.c **** 
 785:Drivers/STM32F1xx_HAL_Driver/Src/stm32f1xx_hal_rcc.c ****   return HAL_OK;
 786:Drivers/STM32F1xx_HAL_Driver/Src/stm32f1xx_hal_rcc.c **** }
 787:Drivers/STM32F1xx_HAL_Driver/Src/stm32f1xx_hal_rcc.c **** 
 788:Drivers/STM32F1xx_HAL_Driver/Src/stm32f1xx_hal_rcc.c **** /**
 789:Drivers/STM32F1xx_HAL_Driver/Src/stm32f1xx_hal_rcc.c ****   * @brief  Initializes the CPU, AHB and APB buses clocks according to the specified
 790:Drivers/STM32F1xx_HAL_Driver/Src/stm32f1xx_hal_rcc.c ****   *         parameters in the RCC_ClkInitStruct.
 791:Drivers/STM32F1xx_HAL_Driver/Src/stm32f1xx_hal_rcc.c ****   * @param  RCC_ClkInitStruct pointer to an RCC_OscInitTypeDef structure that
 792:Drivers/STM32F1xx_HAL_Driver/Src/stm32f1xx_hal_rcc.c ****   *         contains the configuration information for the RCC peripheral.
 793:Drivers/STM32F1xx_HAL_Driver/Src/stm32f1xx_hal_rcc.c ****   * @param  FLatency FLASH Latency
 794:Drivers/STM32F1xx_HAL_Driver/Src/stm32f1xx_hal_rcc.c ****   *          The value of this parameter depend on device used within the same series
 795:Drivers/STM32F1xx_HAL_Driver/Src/stm32f1xx_hal_rcc.c ****   * @note   The SystemCoreClock CMSIS variable is used to store System Clock Frequency
 796:Drivers/STM32F1xx_HAL_Driver/Src/stm32f1xx_hal_rcc.c ****   *         and updated by @ref HAL_RCC_GetHCLKFreq() function called within this function
 797:Drivers/STM32F1xx_HAL_Driver/Src/stm32f1xx_hal_rcc.c ****   *
 798:Drivers/STM32F1xx_HAL_Driver/Src/stm32f1xx_hal_rcc.c ****   * @note   The HSI is used (enabled by hardware) as system clock source after
 799:Drivers/STM32F1xx_HAL_Driver/Src/stm32f1xx_hal_rcc.c ****   *         start-up from Reset, wake-up from STOP and STANDBY mode, or in case
 800:Drivers/STM32F1xx_HAL_Driver/Src/stm32f1xx_hal_rcc.c ****   *         of failure of the HSE used directly or indirectly as system clock
 801:Drivers/STM32F1xx_HAL_Driver/Src/stm32f1xx_hal_rcc.c ****   *         (if the Clock Security System CSS is enabled).
 802:Drivers/STM32F1xx_HAL_Driver/Src/stm32f1xx_hal_rcc.c ****   *
 803:Drivers/STM32F1xx_HAL_Driver/Src/stm32f1xx_hal_rcc.c ****   * @note   A switch from one clock source to another occurs only if the target
 804:Drivers/STM32F1xx_HAL_Driver/Src/stm32f1xx_hal_rcc.c ****   *         clock source is ready (clock stable after start-up delay or PLL locked).
 805:Drivers/STM32F1xx_HAL_Driver/Src/stm32f1xx_hal_rcc.c ****   *         If a clock source which is not yet ready is selected, the switch will
 806:Drivers/STM32F1xx_HAL_Driver/Src/stm32f1xx_hal_rcc.c ****   *         occur when the clock source will be ready.
 807:Drivers/STM32F1xx_HAL_Driver/Src/stm32f1xx_hal_rcc.c ****   *         You can use @ref HAL_RCC_GetClockConfig() function to know which clock is
 808:Drivers/STM32F1xx_HAL_Driver/Src/stm32f1xx_hal_rcc.c ****   *         currently used as system clock source.
 809:Drivers/STM32F1xx_HAL_Driver/Src/stm32f1xx_hal_rcc.c ****   * @retval HAL status
 810:Drivers/STM32F1xx_HAL_Driver/Src/stm32f1xx_hal_rcc.c ****   */
 811:Drivers/STM32F1xx_HAL_Driver/Src/stm32f1xx_hal_rcc.c **** HAL_StatusTypeDef HAL_RCC_ClockConfig(RCC_ClkInitTypeDef  *RCC_ClkInitStruct, uint32_t FLatency)
 812:Drivers/STM32F1xx_HAL_Driver/Src/stm32f1xx_hal_rcc.c **** {
 813:Drivers/STM32F1xx_HAL_Driver/Src/stm32f1xx_hal_rcc.c ****   uint32_t tickstart;
 814:Drivers/STM32F1xx_HAL_Driver/Src/stm32f1xx_hal_rcc.c **** 
 815:Drivers/STM32F1xx_HAL_Driver/Src/stm32f1xx_hal_rcc.c ****   /* Check Null pointer */
 816:Drivers/STM32F1xx_HAL_Driver/Src/stm32f1xx_hal_rcc.c ****   if (RCC_ClkInitStruct == NULL)
 817:Drivers/STM32F1xx_HAL_Driver/Src/stm32f1xx_hal_rcc.c ****   {
 818:Drivers/STM32F1xx_HAL_Driver/Src/stm32f1xx_hal_rcc.c ****     return HAL_ERROR;
 819:Drivers/STM32F1xx_HAL_Driver/Src/stm32f1xx_hal_rcc.c ****   }
 820:Drivers/STM32F1xx_HAL_Driver/Src/stm32f1xx_hal_rcc.c **** 
 821:Drivers/STM32F1xx_HAL_Driver/Src/stm32f1xx_hal_rcc.c ****   /* Check the parameters */
 822:Drivers/STM32F1xx_HAL_Driver/Src/stm32f1xx_hal_rcc.c ****   assert_param(IS_RCC_CLOCKTYPE(RCC_ClkInitStruct->ClockType));
 823:Drivers/STM32F1xx_HAL_Driver/Src/stm32f1xx_hal_rcc.c ****   assert_param(IS_FLASH_LATENCY(FLatency));
 824:Drivers/STM32F1xx_HAL_Driver/Src/stm32f1xx_hal_rcc.c **** 
 825:Drivers/STM32F1xx_HAL_Driver/Src/stm32f1xx_hal_rcc.c ****   /* To correctly read data from FLASH memory, the number of wait states (LATENCY)
 826:Drivers/STM32F1xx_HAL_Driver/Src/stm32f1xx_hal_rcc.c ****   must be correctly programmed according to the frequency of the CPU clock
 827:Drivers/STM32F1xx_HAL_Driver/Src/stm32f1xx_hal_rcc.c ****     (HCLK) of the device. */
 828:Drivers/STM32F1xx_HAL_Driver/Src/stm32f1xx_hal_rcc.c **** 
 829:Drivers/STM32F1xx_HAL_Driver/Src/stm32f1xx_hal_rcc.c **** #if defined(FLASH_ACR_LATENCY)
 830:Drivers/STM32F1xx_HAL_Driver/Src/stm32f1xx_hal_rcc.c ****   /* Increasing the number of wait states because of higher CPU frequency */
ARM GAS  /tmp/ccpphuMd.s 			page 16


 831:Drivers/STM32F1xx_HAL_Driver/Src/stm32f1xx_hal_rcc.c ****   if (FLatency > __HAL_FLASH_GET_LATENCY())
 832:Drivers/STM32F1xx_HAL_Driver/Src/stm32f1xx_hal_rcc.c ****   {
 833:Drivers/STM32F1xx_HAL_Driver/Src/stm32f1xx_hal_rcc.c ****     /* Program the new number of wait states to the LATENCY bits in the FLASH_ACR register */
 834:Drivers/STM32F1xx_HAL_Driver/Src/stm32f1xx_hal_rcc.c ****     __HAL_FLASH_SET_LATENCY(FLatency);
 835:Drivers/STM32F1xx_HAL_Driver/Src/stm32f1xx_hal_rcc.c **** 
 836:Drivers/STM32F1xx_HAL_Driver/Src/stm32f1xx_hal_rcc.c ****     /* Check that the new number of wait states is taken into account to access the Flash
 837:Drivers/STM32F1xx_HAL_Driver/Src/stm32f1xx_hal_rcc.c ****     memory by reading the FLASH_ACR register */
 838:Drivers/STM32F1xx_HAL_Driver/Src/stm32f1xx_hal_rcc.c ****     if (__HAL_FLASH_GET_LATENCY() != FLatency)
 839:Drivers/STM32F1xx_HAL_Driver/Src/stm32f1xx_hal_rcc.c ****   {
 840:Drivers/STM32F1xx_HAL_Driver/Src/stm32f1xx_hal_rcc.c ****     return HAL_ERROR;
 841:Drivers/STM32F1xx_HAL_Driver/Src/stm32f1xx_hal_rcc.c ****   }
 842:Drivers/STM32F1xx_HAL_Driver/Src/stm32f1xx_hal_rcc.c **** }
 843:Drivers/STM32F1xx_HAL_Driver/Src/stm32f1xx_hal_rcc.c **** 
 844:Drivers/STM32F1xx_HAL_Driver/Src/stm32f1xx_hal_rcc.c **** #endif /* FLASH_ACR_LATENCY */
 845:Drivers/STM32F1xx_HAL_Driver/Src/stm32f1xx_hal_rcc.c **** /*-------------------------- HCLK Configuration --------------------------*/
 846:Drivers/STM32F1xx_HAL_Driver/Src/stm32f1xx_hal_rcc.c **** if (((RCC_ClkInitStruct->ClockType) & RCC_CLOCKTYPE_HCLK) == RCC_CLOCKTYPE_HCLK)
 847:Drivers/STM32F1xx_HAL_Driver/Src/stm32f1xx_hal_rcc.c ****   {
 848:Drivers/STM32F1xx_HAL_Driver/Src/stm32f1xx_hal_rcc.c ****     /* Set the highest APBx dividers in order to ensure that we do not go through
 849:Drivers/STM32F1xx_HAL_Driver/Src/stm32f1xx_hal_rcc.c ****     a non-spec phase whatever we decrease or increase HCLK. */
 850:Drivers/STM32F1xx_HAL_Driver/Src/stm32f1xx_hal_rcc.c ****     if (((RCC_ClkInitStruct->ClockType) & RCC_CLOCKTYPE_PCLK1) == RCC_CLOCKTYPE_PCLK1)
 851:Drivers/STM32F1xx_HAL_Driver/Src/stm32f1xx_hal_rcc.c ****     {
 852:Drivers/STM32F1xx_HAL_Driver/Src/stm32f1xx_hal_rcc.c ****       MODIFY_REG(RCC->CFGR, RCC_CFGR_PPRE1, RCC_HCLK_DIV16);
 853:Drivers/STM32F1xx_HAL_Driver/Src/stm32f1xx_hal_rcc.c ****     }
 854:Drivers/STM32F1xx_HAL_Driver/Src/stm32f1xx_hal_rcc.c **** 
 855:Drivers/STM32F1xx_HAL_Driver/Src/stm32f1xx_hal_rcc.c ****     if (((RCC_ClkInitStruct->ClockType) & RCC_CLOCKTYPE_PCLK2) == RCC_CLOCKTYPE_PCLK2)
 856:Drivers/STM32F1xx_HAL_Driver/Src/stm32f1xx_hal_rcc.c ****     {
 857:Drivers/STM32F1xx_HAL_Driver/Src/stm32f1xx_hal_rcc.c ****       MODIFY_REG(RCC->CFGR, RCC_CFGR_PPRE2, (RCC_HCLK_DIV16 << 3));
 858:Drivers/STM32F1xx_HAL_Driver/Src/stm32f1xx_hal_rcc.c ****     }
 859:Drivers/STM32F1xx_HAL_Driver/Src/stm32f1xx_hal_rcc.c **** 
 860:Drivers/STM32F1xx_HAL_Driver/Src/stm32f1xx_hal_rcc.c ****     /* Set the new HCLK clock divider */
 861:Drivers/STM32F1xx_HAL_Driver/Src/stm32f1xx_hal_rcc.c ****     assert_param(IS_RCC_HCLK(RCC_ClkInitStruct->AHBCLKDivider));
 862:Drivers/STM32F1xx_HAL_Driver/Src/stm32f1xx_hal_rcc.c ****     MODIFY_REG(RCC->CFGR, RCC_CFGR_HPRE, RCC_ClkInitStruct->AHBCLKDivider);
 863:Drivers/STM32F1xx_HAL_Driver/Src/stm32f1xx_hal_rcc.c ****   }
 864:Drivers/STM32F1xx_HAL_Driver/Src/stm32f1xx_hal_rcc.c **** 
 865:Drivers/STM32F1xx_HAL_Driver/Src/stm32f1xx_hal_rcc.c ****   /*------------------------- SYSCLK Configuration ---------------------------*/
 866:Drivers/STM32F1xx_HAL_Driver/Src/stm32f1xx_hal_rcc.c ****   if (((RCC_ClkInitStruct->ClockType) & RCC_CLOCKTYPE_SYSCLK) == RCC_CLOCKTYPE_SYSCLK)
 867:Drivers/STM32F1xx_HAL_Driver/Src/stm32f1xx_hal_rcc.c ****   {
 868:Drivers/STM32F1xx_HAL_Driver/Src/stm32f1xx_hal_rcc.c ****     assert_param(IS_RCC_SYSCLKSOURCE(RCC_ClkInitStruct->SYSCLKSource));
 869:Drivers/STM32F1xx_HAL_Driver/Src/stm32f1xx_hal_rcc.c **** 
 870:Drivers/STM32F1xx_HAL_Driver/Src/stm32f1xx_hal_rcc.c ****     /* HSE is selected as System Clock Source */
 871:Drivers/STM32F1xx_HAL_Driver/Src/stm32f1xx_hal_rcc.c ****     if (RCC_ClkInitStruct->SYSCLKSource == RCC_SYSCLKSOURCE_HSE)
 872:Drivers/STM32F1xx_HAL_Driver/Src/stm32f1xx_hal_rcc.c ****     {
 873:Drivers/STM32F1xx_HAL_Driver/Src/stm32f1xx_hal_rcc.c ****       /* Check the HSE ready flag */
 874:Drivers/STM32F1xx_HAL_Driver/Src/stm32f1xx_hal_rcc.c ****       if (__HAL_RCC_GET_FLAG(RCC_FLAG_HSERDY) == RESET)
 875:Drivers/STM32F1xx_HAL_Driver/Src/stm32f1xx_hal_rcc.c ****       {
 876:Drivers/STM32F1xx_HAL_Driver/Src/stm32f1xx_hal_rcc.c ****         return HAL_ERROR;
 877:Drivers/STM32F1xx_HAL_Driver/Src/stm32f1xx_hal_rcc.c ****       }
 878:Drivers/STM32F1xx_HAL_Driver/Src/stm32f1xx_hal_rcc.c ****     }
 879:Drivers/STM32F1xx_HAL_Driver/Src/stm32f1xx_hal_rcc.c ****     /* PLL is selected as System Clock Source */
 880:Drivers/STM32F1xx_HAL_Driver/Src/stm32f1xx_hal_rcc.c ****     else if (RCC_ClkInitStruct->SYSCLKSource == RCC_SYSCLKSOURCE_PLLCLK)
 881:Drivers/STM32F1xx_HAL_Driver/Src/stm32f1xx_hal_rcc.c ****     {
 882:Drivers/STM32F1xx_HAL_Driver/Src/stm32f1xx_hal_rcc.c ****       /* Check the PLL ready flag */
 883:Drivers/STM32F1xx_HAL_Driver/Src/stm32f1xx_hal_rcc.c ****       if (__HAL_RCC_GET_FLAG(RCC_FLAG_PLLRDY) == RESET)
 884:Drivers/STM32F1xx_HAL_Driver/Src/stm32f1xx_hal_rcc.c ****       {
 885:Drivers/STM32F1xx_HAL_Driver/Src/stm32f1xx_hal_rcc.c ****         return HAL_ERROR;
 886:Drivers/STM32F1xx_HAL_Driver/Src/stm32f1xx_hal_rcc.c ****       }
 887:Drivers/STM32F1xx_HAL_Driver/Src/stm32f1xx_hal_rcc.c ****     }
ARM GAS  /tmp/ccpphuMd.s 			page 17


 888:Drivers/STM32F1xx_HAL_Driver/Src/stm32f1xx_hal_rcc.c ****     /* HSI is selected as System Clock Source */
 889:Drivers/STM32F1xx_HAL_Driver/Src/stm32f1xx_hal_rcc.c ****     else
 890:Drivers/STM32F1xx_HAL_Driver/Src/stm32f1xx_hal_rcc.c ****     {
 891:Drivers/STM32F1xx_HAL_Driver/Src/stm32f1xx_hal_rcc.c ****       /* Check the HSI ready flag */
 892:Drivers/STM32F1xx_HAL_Driver/Src/stm32f1xx_hal_rcc.c ****       if (__HAL_RCC_GET_FLAG(RCC_FLAG_HSIRDY) == RESET)
 893:Drivers/STM32F1xx_HAL_Driver/Src/stm32f1xx_hal_rcc.c ****       {
 894:Drivers/STM32F1xx_HAL_Driver/Src/stm32f1xx_hal_rcc.c ****         return HAL_ERROR;
 895:Drivers/STM32F1xx_HAL_Driver/Src/stm32f1xx_hal_rcc.c ****       }
 896:Drivers/STM32F1xx_HAL_Driver/Src/stm32f1xx_hal_rcc.c ****     }
 897:Drivers/STM32F1xx_HAL_Driver/Src/stm32f1xx_hal_rcc.c ****     __HAL_RCC_SYSCLK_CONFIG(RCC_ClkInitStruct->SYSCLKSource);
 898:Drivers/STM32F1xx_HAL_Driver/Src/stm32f1xx_hal_rcc.c **** 
 899:Drivers/STM32F1xx_HAL_Driver/Src/stm32f1xx_hal_rcc.c ****     /* Get Start Tick */
 900:Drivers/STM32F1xx_HAL_Driver/Src/stm32f1xx_hal_rcc.c ****     tickstart = HAL_GetTick();
 901:Drivers/STM32F1xx_HAL_Driver/Src/stm32f1xx_hal_rcc.c **** 
 902:Drivers/STM32F1xx_HAL_Driver/Src/stm32f1xx_hal_rcc.c ****     while (__HAL_RCC_GET_SYSCLK_SOURCE() != (RCC_ClkInitStruct->SYSCLKSource << RCC_CFGR_SWS_Pos))
 903:Drivers/STM32F1xx_HAL_Driver/Src/stm32f1xx_hal_rcc.c ****     {
 904:Drivers/STM32F1xx_HAL_Driver/Src/stm32f1xx_hal_rcc.c ****       if ((HAL_GetTick() - tickstart) > CLOCKSWITCH_TIMEOUT_VALUE)
 905:Drivers/STM32F1xx_HAL_Driver/Src/stm32f1xx_hal_rcc.c ****       {
 906:Drivers/STM32F1xx_HAL_Driver/Src/stm32f1xx_hal_rcc.c ****         return HAL_TIMEOUT;
 907:Drivers/STM32F1xx_HAL_Driver/Src/stm32f1xx_hal_rcc.c ****       }
 908:Drivers/STM32F1xx_HAL_Driver/Src/stm32f1xx_hal_rcc.c ****     }
 909:Drivers/STM32F1xx_HAL_Driver/Src/stm32f1xx_hal_rcc.c ****   }
 910:Drivers/STM32F1xx_HAL_Driver/Src/stm32f1xx_hal_rcc.c **** 
 911:Drivers/STM32F1xx_HAL_Driver/Src/stm32f1xx_hal_rcc.c **** #if defined(FLASH_ACR_LATENCY)
 912:Drivers/STM32F1xx_HAL_Driver/Src/stm32f1xx_hal_rcc.c ****   /* Decreasing the number of wait states because of lower CPU frequency */
 913:Drivers/STM32F1xx_HAL_Driver/Src/stm32f1xx_hal_rcc.c ****   if (FLatency < __HAL_FLASH_GET_LATENCY())
 914:Drivers/STM32F1xx_HAL_Driver/Src/stm32f1xx_hal_rcc.c ****   {
 915:Drivers/STM32F1xx_HAL_Driver/Src/stm32f1xx_hal_rcc.c ****     /* Program the new number of wait states to the LATENCY bits in the FLASH_ACR register */
 916:Drivers/STM32F1xx_HAL_Driver/Src/stm32f1xx_hal_rcc.c ****     __HAL_FLASH_SET_LATENCY(FLatency);
 917:Drivers/STM32F1xx_HAL_Driver/Src/stm32f1xx_hal_rcc.c **** 
 918:Drivers/STM32F1xx_HAL_Driver/Src/stm32f1xx_hal_rcc.c ****     /* Check that the new number of wait states is taken into account to access the Flash
 919:Drivers/STM32F1xx_HAL_Driver/Src/stm32f1xx_hal_rcc.c ****     memory by reading the FLASH_ACR register */
 920:Drivers/STM32F1xx_HAL_Driver/Src/stm32f1xx_hal_rcc.c ****     if (__HAL_FLASH_GET_LATENCY() != FLatency)
 921:Drivers/STM32F1xx_HAL_Driver/Src/stm32f1xx_hal_rcc.c ****   {
 922:Drivers/STM32F1xx_HAL_Driver/Src/stm32f1xx_hal_rcc.c ****     return HAL_ERROR;
 923:Drivers/STM32F1xx_HAL_Driver/Src/stm32f1xx_hal_rcc.c ****   }
 924:Drivers/STM32F1xx_HAL_Driver/Src/stm32f1xx_hal_rcc.c **** }
 925:Drivers/STM32F1xx_HAL_Driver/Src/stm32f1xx_hal_rcc.c **** #endif /* FLASH_ACR_LATENCY */
 926:Drivers/STM32F1xx_HAL_Driver/Src/stm32f1xx_hal_rcc.c **** 
 927:Drivers/STM32F1xx_HAL_Driver/Src/stm32f1xx_hal_rcc.c **** /*-------------------------- PCLK1 Configuration ---------------------------*/
 928:Drivers/STM32F1xx_HAL_Driver/Src/stm32f1xx_hal_rcc.c **** if (((RCC_ClkInitStruct->ClockType) & RCC_CLOCKTYPE_PCLK1) == RCC_CLOCKTYPE_PCLK1)
 929:Drivers/STM32F1xx_HAL_Driver/Src/stm32f1xx_hal_rcc.c ****   {
 930:Drivers/STM32F1xx_HAL_Driver/Src/stm32f1xx_hal_rcc.c ****     assert_param(IS_RCC_PCLK(RCC_ClkInitStruct->APB1CLKDivider));
 931:Drivers/STM32F1xx_HAL_Driver/Src/stm32f1xx_hal_rcc.c ****     MODIFY_REG(RCC->CFGR, RCC_CFGR_PPRE1, RCC_ClkInitStruct->APB1CLKDivider);
 932:Drivers/STM32F1xx_HAL_Driver/Src/stm32f1xx_hal_rcc.c ****   }
 933:Drivers/STM32F1xx_HAL_Driver/Src/stm32f1xx_hal_rcc.c **** 
 934:Drivers/STM32F1xx_HAL_Driver/Src/stm32f1xx_hal_rcc.c ****   /*-------------------------- PCLK2 Configuration ---------------------------*/
 935:Drivers/STM32F1xx_HAL_Driver/Src/stm32f1xx_hal_rcc.c ****   if (((RCC_ClkInitStruct->ClockType) & RCC_CLOCKTYPE_PCLK2) == RCC_CLOCKTYPE_PCLK2)
 936:Drivers/STM32F1xx_HAL_Driver/Src/stm32f1xx_hal_rcc.c ****   {
 937:Drivers/STM32F1xx_HAL_Driver/Src/stm32f1xx_hal_rcc.c ****     assert_param(IS_RCC_PCLK(RCC_ClkInitStruct->APB2CLKDivider));
 938:Drivers/STM32F1xx_HAL_Driver/Src/stm32f1xx_hal_rcc.c ****     MODIFY_REG(RCC->CFGR, RCC_CFGR_PPRE2, ((RCC_ClkInitStruct->APB2CLKDivider) << 3));
 939:Drivers/STM32F1xx_HAL_Driver/Src/stm32f1xx_hal_rcc.c ****   }
 940:Drivers/STM32F1xx_HAL_Driver/Src/stm32f1xx_hal_rcc.c **** 
 941:Drivers/STM32F1xx_HAL_Driver/Src/stm32f1xx_hal_rcc.c ****   /* Update the SystemCoreClock global variable */
 942:Drivers/STM32F1xx_HAL_Driver/Src/stm32f1xx_hal_rcc.c ****   SystemCoreClock = HAL_RCC_GetSysClockFreq() >> AHBPrescTable[(RCC->CFGR & RCC_CFGR_HPRE) >> RCC_C
 943:Drivers/STM32F1xx_HAL_Driver/Src/stm32f1xx_hal_rcc.c **** 
 944:Drivers/STM32F1xx_HAL_Driver/Src/stm32f1xx_hal_rcc.c ****   /* Configure the source of time base considering new system clocks settings*/
ARM GAS  /tmp/ccpphuMd.s 			page 18


 945:Drivers/STM32F1xx_HAL_Driver/Src/stm32f1xx_hal_rcc.c ****   HAL_InitTick(uwTickPrio);
 946:Drivers/STM32F1xx_HAL_Driver/Src/stm32f1xx_hal_rcc.c **** 
 947:Drivers/STM32F1xx_HAL_Driver/Src/stm32f1xx_hal_rcc.c ****   return HAL_OK;
 948:Drivers/STM32F1xx_HAL_Driver/Src/stm32f1xx_hal_rcc.c **** }
 949:Drivers/STM32F1xx_HAL_Driver/Src/stm32f1xx_hal_rcc.c **** 
 950:Drivers/STM32F1xx_HAL_Driver/Src/stm32f1xx_hal_rcc.c **** /**
 951:Drivers/STM32F1xx_HAL_Driver/Src/stm32f1xx_hal_rcc.c ****   * @}
 952:Drivers/STM32F1xx_HAL_Driver/Src/stm32f1xx_hal_rcc.c ****   */
 953:Drivers/STM32F1xx_HAL_Driver/Src/stm32f1xx_hal_rcc.c **** 
 954:Drivers/STM32F1xx_HAL_Driver/Src/stm32f1xx_hal_rcc.c **** /** @defgroup RCC_Exported_Functions_Group2 Peripheral Control functions
 955:Drivers/STM32F1xx_HAL_Driver/Src/stm32f1xx_hal_rcc.c ****   *  @brief   RCC clocks control functions
 956:Drivers/STM32F1xx_HAL_Driver/Src/stm32f1xx_hal_rcc.c ****   *
 957:Drivers/STM32F1xx_HAL_Driver/Src/stm32f1xx_hal_rcc.c ****   @verbatim
 958:Drivers/STM32F1xx_HAL_Driver/Src/stm32f1xx_hal_rcc.c ****   ===============================================================================
 959:Drivers/STM32F1xx_HAL_Driver/Src/stm32f1xx_hal_rcc.c ****                   ##### Peripheral Control functions #####
 960:Drivers/STM32F1xx_HAL_Driver/Src/stm32f1xx_hal_rcc.c ****   ===============================================================================
 961:Drivers/STM32F1xx_HAL_Driver/Src/stm32f1xx_hal_rcc.c ****     [..]
 962:Drivers/STM32F1xx_HAL_Driver/Src/stm32f1xx_hal_rcc.c ****     This subsection provides a set of functions allowing to control the RCC Clocks
 963:Drivers/STM32F1xx_HAL_Driver/Src/stm32f1xx_hal_rcc.c ****     frequencies.
 964:Drivers/STM32F1xx_HAL_Driver/Src/stm32f1xx_hal_rcc.c **** 
 965:Drivers/STM32F1xx_HAL_Driver/Src/stm32f1xx_hal_rcc.c ****   @endverbatim
 966:Drivers/STM32F1xx_HAL_Driver/Src/stm32f1xx_hal_rcc.c ****   * @{
 967:Drivers/STM32F1xx_HAL_Driver/Src/stm32f1xx_hal_rcc.c ****   */
 968:Drivers/STM32F1xx_HAL_Driver/Src/stm32f1xx_hal_rcc.c **** 
 969:Drivers/STM32F1xx_HAL_Driver/Src/stm32f1xx_hal_rcc.c **** /**
 970:Drivers/STM32F1xx_HAL_Driver/Src/stm32f1xx_hal_rcc.c ****   * @brief  Selects the clock source to output on MCO pin.
 971:Drivers/STM32F1xx_HAL_Driver/Src/stm32f1xx_hal_rcc.c ****   * @note   MCO pin should be configured in alternate function mode.
 972:Drivers/STM32F1xx_HAL_Driver/Src/stm32f1xx_hal_rcc.c ****   * @param  RCC_MCOx specifies the output direction for the clock source.
 973:Drivers/STM32F1xx_HAL_Driver/Src/stm32f1xx_hal_rcc.c ****   *          This parameter can be one of the following values:
 974:Drivers/STM32F1xx_HAL_Driver/Src/stm32f1xx_hal_rcc.c ****   *            @arg @ref RCC_MCO1 Clock source to output on MCO1 pin(PA8).
 975:Drivers/STM32F1xx_HAL_Driver/Src/stm32f1xx_hal_rcc.c ****   * @param  RCC_MCOSource specifies the clock source to output.
 976:Drivers/STM32F1xx_HAL_Driver/Src/stm32f1xx_hal_rcc.c ****   *          This parameter can be one of the following values:
 977:Drivers/STM32F1xx_HAL_Driver/Src/stm32f1xx_hal_rcc.c ****   *            @arg @ref RCC_MCO1SOURCE_NOCLOCK     No clock selected as MCO clock
 978:Drivers/STM32F1xx_HAL_Driver/Src/stm32f1xx_hal_rcc.c ****   *            @arg @ref RCC_MCO1SOURCE_SYSCLK      System clock selected as MCO clock
 979:Drivers/STM32F1xx_HAL_Driver/Src/stm32f1xx_hal_rcc.c ****   *            @arg @ref RCC_MCO1SOURCE_HSI         HSI selected as MCO clock
 980:Drivers/STM32F1xx_HAL_Driver/Src/stm32f1xx_hal_rcc.c ****   *            @arg @ref RCC_MCO1SOURCE_HSE         HSE selected as MCO clock
 981:Drivers/STM32F1xx_HAL_Driver/Src/stm32f1xx_hal_rcc.c ****   @if STM32F105xC
 982:Drivers/STM32F1xx_HAL_Driver/Src/stm32f1xx_hal_rcc.c ****   *            @arg @ref RCC_MCO1SOURCE_PLLCLK       PLL clock divided by 2 selected as MCO source
 983:Drivers/STM32F1xx_HAL_Driver/Src/stm32f1xx_hal_rcc.c ****   *            @arg @ref RCC_MCO1SOURCE_PLL2CLK      PLL2 clock selected as MCO source
 984:Drivers/STM32F1xx_HAL_Driver/Src/stm32f1xx_hal_rcc.c ****   *            @arg @ref RCC_MCO1SOURCE_PLL3CLK_DIV2 PLL3 clock divided by 2 selected as MCO source
 985:Drivers/STM32F1xx_HAL_Driver/Src/stm32f1xx_hal_rcc.c ****   *            @arg @ref RCC_MCO1SOURCE_EXT_HSE      XT1 external 3-25 MHz oscillator clock selecte
 986:Drivers/STM32F1xx_HAL_Driver/Src/stm32f1xx_hal_rcc.c ****   *            @arg @ref RCC_MCO1SOURCE_PLL3CLK      PLL3 clock selected as MCO source
 987:Drivers/STM32F1xx_HAL_Driver/Src/stm32f1xx_hal_rcc.c ****   @endif
 988:Drivers/STM32F1xx_HAL_Driver/Src/stm32f1xx_hal_rcc.c ****   @if STM32F107xC
 989:Drivers/STM32F1xx_HAL_Driver/Src/stm32f1xx_hal_rcc.c ****   *            @arg @ref RCC_MCO1SOURCE_PLLCLK       PLL clock divided by 2 selected as MCO source
 990:Drivers/STM32F1xx_HAL_Driver/Src/stm32f1xx_hal_rcc.c ****   *            @arg @ref RCC_MCO1SOURCE_PLL2CLK      PLL2 clock selected as MCO source
 991:Drivers/STM32F1xx_HAL_Driver/Src/stm32f1xx_hal_rcc.c ****   *            @arg @ref RCC_MCO1SOURCE_PLL3CLK_DIV2 PLL3 clock divided by 2 selected as MCO source
 992:Drivers/STM32F1xx_HAL_Driver/Src/stm32f1xx_hal_rcc.c ****   *            @arg @ref RCC_MCO1SOURCE_EXT_HSE XT1  external 3-25 MHz oscillator clock selected as
 993:Drivers/STM32F1xx_HAL_Driver/Src/stm32f1xx_hal_rcc.c ****   *            @arg @ref RCC_MCO1SOURCE_PLL3CLK      PLL3 clock selected as MCO source
 994:Drivers/STM32F1xx_HAL_Driver/Src/stm32f1xx_hal_rcc.c ****   @endif
 995:Drivers/STM32F1xx_HAL_Driver/Src/stm32f1xx_hal_rcc.c ****   * @param  RCC_MCODiv specifies the MCO DIV.
 996:Drivers/STM32F1xx_HAL_Driver/Src/stm32f1xx_hal_rcc.c ****   *          This parameter can be one of the following values:
 997:Drivers/STM32F1xx_HAL_Driver/Src/stm32f1xx_hal_rcc.c ****   *            @arg @ref RCC_MCODIV_1 no division applied to MCO clock
 998:Drivers/STM32F1xx_HAL_Driver/Src/stm32f1xx_hal_rcc.c ****   * @retval None
 999:Drivers/STM32F1xx_HAL_Driver/Src/stm32f1xx_hal_rcc.c ****   */
1000:Drivers/STM32F1xx_HAL_Driver/Src/stm32f1xx_hal_rcc.c **** void HAL_RCC_MCOConfig(uint32_t RCC_MCOx, uint32_t RCC_MCOSource, uint32_t RCC_MCODiv)
1001:Drivers/STM32F1xx_HAL_Driver/Src/stm32f1xx_hal_rcc.c **** {
ARM GAS  /tmp/ccpphuMd.s 			page 19


1002:Drivers/STM32F1xx_HAL_Driver/Src/stm32f1xx_hal_rcc.c ****   GPIO_InitTypeDef gpio = {0U};
1003:Drivers/STM32F1xx_HAL_Driver/Src/stm32f1xx_hal_rcc.c **** 
1004:Drivers/STM32F1xx_HAL_Driver/Src/stm32f1xx_hal_rcc.c ****   /* Check the parameters */
1005:Drivers/STM32F1xx_HAL_Driver/Src/stm32f1xx_hal_rcc.c ****   assert_param(IS_RCC_MCO(RCC_MCOx));
1006:Drivers/STM32F1xx_HAL_Driver/Src/stm32f1xx_hal_rcc.c ****   assert_param(IS_RCC_MCODIV(RCC_MCODiv));
1007:Drivers/STM32F1xx_HAL_Driver/Src/stm32f1xx_hal_rcc.c ****   assert_param(IS_RCC_MCO1SOURCE(RCC_MCOSource));
1008:Drivers/STM32F1xx_HAL_Driver/Src/stm32f1xx_hal_rcc.c **** 
1009:Drivers/STM32F1xx_HAL_Driver/Src/stm32f1xx_hal_rcc.c ****   /* Prevent unused argument(s) compilation warning */
1010:Drivers/STM32F1xx_HAL_Driver/Src/stm32f1xx_hal_rcc.c ****   UNUSED(RCC_MCOx);
1011:Drivers/STM32F1xx_HAL_Driver/Src/stm32f1xx_hal_rcc.c ****   UNUSED(RCC_MCODiv);
1012:Drivers/STM32F1xx_HAL_Driver/Src/stm32f1xx_hal_rcc.c **** 
1013:Drivers/STM32F1xx_HAL_Driver/Src/stm32f1xx_hal_rcc.c ****   /* Configure the MCO1 pin in alternate function mode */
1014:Drivers/STM32F1xx_HAL_Driver/Src/stm32f1xx_hal_rcc.c ****   gpio.Mode      = GPIO_MODE_AF_PP;
1015:Drivers/STM32F1xx_HAL_Driver/Src/stm32f1xx_hal_rcc.c ****   gpio.Speed     = GPIO_SPEED_FREQ_HIGH;
1016:Drivers/STM32F1xx_HAL_Driver/Src/stm32f1xx_hal_rcc.c ****   gpio.Pull      = GPIO_NOPULL;
1017:Drivers/STM32F1xx_HAL_Driver/Src/stm32f1xx_hal_rcc.c ****   gpio.Pin       = MCO1_PIN;
1018:Drivers/STM32F1xx_HAL_Driver/Src/stm32f1xx_hal_rcc.c **** 
1019:Drivers/STM32F1xx_HAL_Driver/Src/stm32f1xx_hal_rcc.c ****   /* MCO1 Clock Enable */
1020:Drivers/STM32F1xx_HAL_Driver/Src/stm32f1xx_hal_rcc.c ****   MCO1_CLK_ENABLE();
1021:Drivers/STM32F1xx_HAL_Driver/Src/stm32f1xx_hal_rcc.c **** 
1022:Drivers/STM32F1xx_HAL_Driver/Src/stm32f1xx_hal_rcc.c ****   HAL_GPIO_Init(MCO1_GPIO_PORT, &gpio);
1023:Drivers/STM32F1xx_HAL_Driver/Src/stm32f1xx_hal_rcc.c **** 
1024:Drivers/STM32F1xx_HAL_Driver/Src/stm32f1xx_hal_rcc.c ****   /* Configure the MCO clock source */
1025:Drivers/STM32F1xx_HAL_Driver/Src/stm32f1xx_hal_rcc.c ****   __HAL_RCC_MCO1_CONFIG(RCC_MCOSource, RCC_MCODiv);
1026:Drivers/STM32F1xx_HAL_Driver/Src/stm32f1xx_hal_rcc.c **** }
1027:Drivers/STM32F1xx_HAL_Driver/Src/stm32f1xx_hal_rcc.c **** 
1028:Drivers/STM32F1xx_HAL_Driver/Src/stm32f1xx_hal_rcc.c **** /**
1029:Drivers/STM32F1xx_HAL_Driver/Src/stm32f1xx_hal_rcc.c ****   * @brief  Enables the Clock Security System.
1030:Drivers/STM32F1xx_HAL_Driver/Src/stm32f1xx_hal_rcc.c ****   * @note   If a failure is detected on the HSE oscillator clock, this oscillator
1031:Drivers/STM32F1xx_HAL_Driver/Src/stm32f1xx_hal_rcc.c ****   *         is automatically disabled and an interrupt is generated to inform the
1032:Drivers/STM32F1xx_HAL_Driver/Src/stm32f1xx_hal_rcc.c ****   *         software about the failure (Clock Security System Interrupt, CSSI),
1033:Drivers/STM32F1xx_HAL_Driver/Src/stm32f1xx_hal_rcc.c ****   *         allowing the MCU to perform rescue operations. The CSSI is linked to
1034:Drivers/STM32F1xx_HAL_Driver/Src/stm32f1xx_hal_rcc.c ****   *         the Cortex-M3 NMI (Non-Maskable Interrupt) exception vector.
1035:Drivers/STM32F1xx_HAL_Driver/Src/stm32f1xx_hal_rcc.c ****   * @retval None
1036:Drivers/STM32F1xx_HAL_Driver/Src/stm32f1xx_hal_rcc.c ****   */
1037:Drivers/STM32F1xx_HAL_Driver/Src/stm32f1xx_hal_rcc.c **** void HAL_RCC_EnableCSS(void)
1038:Drivers/STM32F1xx_HAL_Driver/Src/stm32f1xx_hal_rcc.c **** {
1039:Drivers/STM32F1xx_HAL_Driver/Src/stm32f1xx_hal_rcc.c ****   *(__IO uint32_t *) RCC_CR_CSSON_BB = (uint32_t)ENABLE;
1040:Drivers/STM32F1xx_HAL_Driver/Src/stm32f1xx_hal_rcc.c **** }
1041:Drivers/STM32F1xx_HAL_Driver/Src/stm32f1xx_hal_rcc.c **** 
1042:Drivers/STM32F1xx_HAL_Driver/Src/stm32f1xx_hal_rcc.c **** /**
1043:Drivers/STM32F1xx_HAL_Driver/Src/stm32f1xx_hal_rcc.c ****   * @brief  Disables the Clock Security System.
1044:Drivers/STM32F1xx_HAL_Driver/Src/stm32f1xx_hal_rcc.c ****   * @retval None
1045:Drivers/STM32F1xx_HAL_Driver/Src/stm32f1xx_hal_rcc.c ****   */
1046:Drivers/STM32F1xx_HAL_Driver/Src/stm32f1xx_hal_rcc.c **** void HAL_RCC_DisableCSS(void)
1047:Drivers/STM32F1xx_HAL_Driver/Src/stm32f1xx_hal_rcc.c **** {
1048:Drivers/STM32F1xx_HAL_Driver/Src/stm32f1xx_hal_rcc.c ****   *(__IO uint32_t *) RCC_CR_CSSON_BB = (uint32_t)DISABLE;
1049:Drivers/STM32F1xx_HAL_Driver/Src/stm32f1xx_hal_rcc.c **** }
1050:Drivers/STM32F1xx_HAL_Driver/Src/stm32f1xx_hal_rcc.c **** 
1051:Drivers/STM32F1xx_HAL_Driver/Src/stm32f1xx_hal_rcc.c **** /**
1052:Drivers/STM32F1xx_HAL_Driver/Src/stm32f1xx_hal_rcc.c ****   * @brief  Returns the SYSCLK frequency
1053:Drivers/STM32F1xx_HAL_Driver/Src/stm32f1xx_hal_rcc.c ****   * @note   The system frequency computed by this function is not the real
1054:Drivers/STM32F1xx_HAL_Driver/Src/stm32f1xx_hal_rcc.c ****   *         frequency in the chip. It is calculated based on the predefined
1055:Drivers/STM32F1xx_HAL_Driver/Src/stm32f1xx_hal_rcc.c ****   *         constant and the selected clock source:
1056:Drivers/STM32F1xx_HAL_Driver/Src/stm32f1xx_hal_rcc.c ****   * @note     If SYSCLK source is HSI, function returns values based on HSI_VALUE(*)
1057:Drivers/STM32F1xx_HAL_Driver/Src/stm32f1xx_hal_rcc.c ****   * @note     If SYSCLK source is HSE, function returns a value based on HSE_VALUE
1058:Drivers/STM32F1xx_HAL_Driver/Src/stm32f1xx_hal_rcc.c ****   *           divided by PREDIV factor(**)
ARM GAS  /tmp/ccpphuMd.s 			page 20


1059:Drivers/STM32F1xx_HAL_Driver/Src/stm32f1xx_hal_rcc.c ****   * @note     If SYSCLK source is PLL, function returns a value based on HSE_VALUE
1060:Drivers/STM32F1xx_HAL_Driver/Src/stm32f1xx_hal_rcc.c ****   *           divided by PREDIV factor(**) or HSI_VALUE(*) multiplied by the PLL factor.
1061:Drivers/STM32F1xx_HAL_Driver/Src/stm32f1xx_hal_rcc.c ****   * @note     (*) HSI_VALUE is a constant defined in stm32f1xx_hal_conf.h file (default value
1062:Drivers/STM32F1xx_HAL_Driver/Src/stm32f1xx_hal_rcc.c ****   *               8 MHz) but the real value may vary depending on the variations
1063:Drivers/STM32F1xx_HAL_Driver/Src/stm32f1xx_hal_rcc.c ****   *               in voltage and temperature.
1064:Drivers/STM32F1xx_HAL_Driver/Src/stm32f1xx_hal_rcc.c ****   * @note     (**) HSE_VALUE is a constant defined in stm32f1xx_hal_conf.h file (default value
1065:Drivers/STM32F1xx_HAL_Driver/Src/stm32f1xx_hal_rcc.c ****   *                8 MHz), user has to ensure that HSE_VALUE is same as the real
1066:Drivers/STM32F1xx_HAL_Driver/Src/stm32f1xx_hal_rcc.c ****   *                frequency of the crystal used. Otherwise, this function may
1067:Drivers/STM32F1xx_HAL_Driver/Src/stm32f1xx_hal_rcc.c ****   *                have wrong result.
1068:Drivers/STM32F1xx_HAL_Driver/Src/stm32f1xx_hal_rcc.c ****   *
1069:Drivers/STM32F1xx_HAL_Driver/Src/stm32f1xx_hal_rcc.c ****   * @note   The result of this function could be not correct when using fractional
1070:Drivers/STM32F1xx_HAL_Driver/Src/stm32f1xx_hal_rcc.c ****   *         value for HSE crystal.
1071:Drivers/STM32F1xx_HAL_Driver/Src/stm32f1xx_hal_rcc.c ****   *
1072:Drivers/STM32F1xx_HAL_Driver/Src/stm32f1xx_hal_rcc.c ****   * @note   This function can be used by the user application to compute the
1073:Drivers/STM32F1xx_HAL_Driver/Src/stm32f1xx_hal_rcc.c ****   *         baud-rate for the communication peripherals or configure other parameters.
1074:Drivers/STM32F1xx_HAL_Driver/Src/stm32f1xx_hal_rcc.c ****   *
1075:Drivers/STM32F1xx_HAL_Driver/Src/stm32f1xx_hal_rcc.c ****   * @note   Each time SYSCLK changes, this function must be called to update the
1076:Drivers/STM32F1xx_HAL_Driver/Src/stm32f1xx_hal_rcc.c ****   *         right SYSCLK value. Otherwise, any configuration based on this function will be incorre
1077:Drivers/STM32F1xx_HAL_Driver/Src/stm32f1xx_hal_rcc.c ****   *
1078:Drivers/STM32F1xx_HAL_Driver/Src/stm32f1xx_hal_rcc.c ****   * @retval SYSCLK frequency
1079:Drivers/STM32F1xx_HAL_Driver/Src/stm32f1xx_hal_rcc.c ****   */
1080:Drivers/STM32F1xx_HAL_Driver/Src/stm32f1xx_hal_rcc.c **** uint32_t HAL_RCC_GetSysClockFreq(void)
1081:Drivers/STM32F1xx_HAL_Driver/Src/stm32f1xx_hal_rcc.c **** {
1082:Drivers/STM32F1xx_HAL_Driver/Src/stm32f1xx_hal_rcc.c **** #if defined(RCC_CFGR2_PREDIV1SRC)
1083:Drivers/STM32F1xx_HAL_Driver/Src/stm32f1xx_hal_rcc.c ****   static const uint8_t aPLLMULFactorTable[14U] = {0, 0, 4, 5, 6, 7, 8, 9, 0, 0, 0, 0, 0, 13};
1084:Drivers/STM32F1xx_HAL_Driver/Src/stm32f1xx_hal_rcc.c ****   static const uint8_t aPredivFactorTable[16U] = {1, 2, 3, 4, 5, 6, 7, 8, 9, 10, 11, 12, 13, 14, 15
1085:Drivers/STM32F1xx_HAL_Driver/Src/stm32f1xx_hal_rcc.c **** #else
1086:Drivers/STM32F1xx_HAL_Driver/Src/stm32f1xx_hal_rcc.c ****   static const uint8_t aPLLMULFactorTable[16U] = {2, 3, 4, 5, 6, 7, 8, 9, 10, 11, 12, 13, 14, 15, 1
1087:Drivers/STM32F1xx_HAL_Driver/Src/stm32f1xx_hal_rcc.c **** #if defined(RCC_CFGR2_PREDIV1)
1088:Drivers/STM32F1xx_HAL_Driver/Src/stm32f1xx_hal_rcc.c ****   static const uint8_t aPredivFactorTable[16U] = {1, 2, 3, 4, 5, 6, 7, 8, 9, 10, 11, 12, 13, 14, 15
1089:Drivers/STM32F1xx_HAL_Driver/Src/stm32f1xx_hal_rcc.c **** #else
1090:Drivers/STM32F1xx_HAL_Driver/Src/stm32f1xx_hal_rcc.c ****   static const uint8_t aPredivFactorTable[2U] = {1, 2};
1091:Drivers/STM32F1xx_HAL_Driver/Src/stm32f1xx_hal_rcc.c **** #endif /*RCC_CFGR2_PREDIV1*/
1092:Drivers/STM32F1xx_HAL_Driver/Src/stm32f1xx_hal_rcc.c **** 
1093:Drivers/STM32F1xx_HAL_Driver/Src/stm32f1xx_hal_rcc.c **** #endif
1094:Drivers/STM32F1xx_HAL_Driver/Src/stm32f1xx_hal_rcc.c ****   uint32_t tmpreg = 0U, prediv = 0U, pllclk = 0U, pllmul = 0U;
1095:Drivers/STM32F1xx_HAL_Driver/Src/stm32f1xx_hal_rcc.c ****   uint32_t sysclockfreq = 0U;
1096:Drivers/STM32F1xx_HAL_Driver/Src/stm32f1xx_hal_rcc.c **** #if defined(RCC_CFGR2_PREDIV1SRC)
1097:Drivers/STM32F1xx_HAL_Driver/Src/stm32f1xx_hal_rcc.c ****   uint32_t prediv2 = 0U, pll2mul = 0U;
1098:Drivers/STM32F1xx_HAL_Driver/Src/stm32f1xx_hal_rcc.c **** #endif /*RCC_CFGR2_PREDIV1SRC*/
1099:Drivers/STM32F1xx_HAL_Driver/Src/stm32f1xx_hal_rcc.c **** 
1100:Drivers/STM32F1xx_HAL_Driver/Src/stm32f1xx_hal_rcc.c ****   tmpreg = RCC->CFGR;
1101:Drivers/STM32F1xx_HAL_Driver/Src/stm32f1xx_hal_rcc.c **** 
1102:Drivers/STM32F1xx_HAL_Driver/Src/stm32f1xx_hal_rcc.c ****   /* Get SYSCLK source -------------------------------------------------------*/
1103:Drivers/STM32F1xx_HAL_Driver/Src/stm32f1xx_hal_rcc.c ****   switch (tmpreg & RCC_CFGR_SWS)
1104:Drivers/STM32F1xx_HAL_Driver/Src/stm32f1xx_hal_rcc.c ****   {
1105:Drivers/STM32F1xx_HAL_Driver/Src/stm32f1xx_hal_rcc.c ****     case RCC_SYSCLKSOURCE_STATUS_HSE:  /* HSE used as system clock */
1106:Drivers/STM32F1xx_HAL_Driver/Src/stm32f1xx_hal_rcc.c ****     {
1107:Drivers/STM32F1xx_HAL_Driver/Src/stm32f1xx_hal_rcc.c ****       sysclockfreq = HSE_VALUE;
1108:Drivers/STM32F1xx_HAL_Driver/Src/stm32f1xx_hal_rcc.c ****       break;
1109:Drivers/STM32F1xx_HAL_Driver/Src/stm32f1xx_hal_rcc.c ****     }
1110:Drivers/STM32F1xx_HAL_Driver/Src/stm32f1xx_hal_rcc.c ****     case RCC_SYSCLKSOURCE_STATUS_PLLCLK:  /* PLL used as system clock */
1111:Drivers/STM32F1xx_HAL_Driver/Src/stm32f1xx_hal_rcc.c ****     {
1112:Drivers/STM32F1xx_HAL_Driver/Src/stm32f1xx_hal_rcc.c ****       pllmul = aPLLMULFactorTable[(uint32_t)(tmpreg & RCC_CFGR_PLLMULL) >> RCC_CFGR_PLLMULL_Pos];
1113:Drivers/STM32F1xx_HAL_Driver/Src/stm32f1xx_hal_rcc.c ****       if ((tmpreg & RCC_CFGR_PLLSRC) != RCC_PLLSOURCE_HSI_DIV2)
1114:Drivers/STM32F1xx_HAL_Driver/Src/stm32f1xx_hal_rcc.c ****       {
1115:Drivers/STM32F1xx_HAL_Driver/Src/stm32f1xx_hal_rcc.c **** #if defined(RCC_CFGR2_PREDIV1)
ARM GAS  /tmp/ccpphuMd.s 			page 21


1116:Drivers/STM32F1xx_HAL_Driver/Src/stm32f1xx_hal_rcc.c ****         prediv = aPredivFactorTable[(uint32_t)(RCC->CFGR2 & RCC_CFGR2_PREDIV1) >> RCC_CFGR2_PREDIV1
1117:Drivers/STM32F1xx_HAL_Driver/Src/stm32f1xx_hal_rcc.c **** #else
1118:Drivers/STM32F1xx_HAL_Driver/Src/stm32f1xx_hal_rcc.c ****         prediv = aPredivFactorTable[(uint32_t)(RCC->CFGR & RCC_CFGR_PLLXTPRE) >> RCC_CFGR_PLLXTPRE_
1119:Drivers/STM32F1xx_HAL_Driver/Src/stm32f1xx_hal_rcc.c **** #endif /*RCC_CFGR2_PREDIV1*/
1120:Drivers/STM32F1xx_HAL_Driver/Src/stm32f1xx_hal_rcc.c **** #if defined(RCC_CFGR2_PREDIV1SRC)
1121:Drivers/STM32F1xx_HAL_Driver/Src/stm32f1xx_hal_rcc.c **** 
1122:Drivers/STM32F1xx_HAL_Driver/Src/stm32f1xx_hal_rcc.c ****         if (HAL_IS_BIT_SET(RCC->CFGR2, RCC_CFGR2_PREDIV1SRC))
1123:Drivers/STM32F1xx_HAL_Driver/Src/stm32f1xx_hal_rcc.c ****         {
1124:Drivers/STM32F1xx_HAL_Driver/Src/stm32f1xx_hal_rcc.c ****           /* PLL2 selected as Prediv1 source */
1125:Drivers/STM32F1xx_HAL_Driver/Src/stm32f1xx_hal_rcc.c ****           /* PLLCLK = PLL2CLK / PREDIV1 * PLLMUL with PLL2CLK = HSE/PREDIV2 * PLL2MUL */
1126:Drivers/STM32F1xx_HAL_Driver/Src/stm32f1xx_hal_rcc.c ****           prediv2 = ((RCC->CFGR2 & RCC_CFGR2_PREDIV2) >> RCC_CFGR2_PREDIV2_Pos) + 1;
1127:Drivers/STM32F1xx_HAL_Driver/Src/stm32f1xx_hal_rcc.c ****           pll2mul = ((RCC->CFGR2 & RCC_CFGR2_PLL2MUL) >> RCC_CFGR2_PLL2MUL_Pos) + 2;
1128:Drivers/STM32F1xx_HAL_Driver/Src/stm32f1xx_hal_rcc.c ****           pllclk = (uint32_t)(((uint64_t)HSE_VALUE * (uint64_t)pll2mul * (uint64_t)pllmul) / ((uint
1129:Drivers/STM32F1xx_HAL_Driver/Src/stm32f1xx_hal_rcc.c ****         }
1130:Drivers/STM32F1xx_HAL_Driver/Src/stm32f1xx_hal_rcc.c ****         else
1131:Drivers/STM32F1xx_HAL_Driver/Src/stm32f1xx_hal_rcc.c ****         {
1132:Drivers/STM32F1xx_HAL_Driver/Src/stm32f1xx_hal_rcc.c ****           /* HSE used as PLL clock source : PLLCLK = HSE/PREDIV1 * PLLMUL */
1133:Drivers/STM32F1xx_HAL_Driver/Src/stm32f1xx_hal_rcc.c ****           pllclk = (uint32_t)((HSE_VALUE * pllmul) / prediv);
1134:Drivers/STM32F1xx_HAL_Driver/Src/stm32f1xx_hal_rcc.c ****         }
1135:Drivers/STM32F1xx_HAL_Driver/Src/stm32f1xx_hal_rcc.c **** 
1136:Drivers/STM32F1xx_HAL_Driver/Src/stm32f1xx_hal_rcc.c ****         /* If PLLMUL was set to 13 means that it was to cover the case PLLMUL 6.5 (avoid using floa
1137:Drivers/STM32F1xx_HAL_Driver/Src/stm32f1xx_hal_rcc.c ****         /* In this case need to divide pllclk by 2 */
1138:Drivers/STM32F1xx_HAL_Driver/Src/stm32f1xx_hal_rcc.c ****         if (pllmul == aPLLMULFactorTable[(uint32_t)(RCC_CFGR_PLLMULL6_5) >> RCC_CFGR_PLLMULL_Pos])
1139:Drivers/STM32F1xx_HAL_Driver/Src/stm32f1xx_hal_rcc.c ****         {
1140:Drivers/STM32F1xx_HAL_Driver/Src/stm32f1xx_hal_rcc.c ****           pllclk = pllclk / 2;
1141:Drivers/STM32F1xx_HAL_Driver/Src/stm32f1xx_hal_rcc.c ****         }
1142:Drivers/STM32F1xx_HAL_Driver/Src/stm32f1xx_hal_rcc.c **** #else
1143:Drivers/STM32F1xx_HAL_Driver/Src/stm32f1xx_hal_rcc.c ****         /* HSE used as PLL clock source : PLLCLK = HSE/PREDIV1 * PLLMUL */
1144:Drivers/STM32F1xx_HAL_Driver/Src/stm32f1xx_hal_rcc.c ****         pllclk = (uint32_t)((HSE_VALUE  * pllmul) / prediv);
1145:Drivers/STM32F1xx_HAL_Driver/Src/stm32f1xx_hal_rcc.c **** #endif /*RCC_CFGR2_PREDIV1SRC*/
1146:Drivers/STM32F1xx_HAL_Driver/Src/stm32f1xx_hal_rcc.c ****       }
1147:Drivers/STM32F1xx_HAL_Driver/Src/stm32f1xx_hal_rcc.c ****       else
1148:Drivers/STM32F1xx_HAL_Driver/Src/stm32f1xx_hal_rcc.c ****       {
1149:Drivers/STM32F1xx_HAL_Driver/Src/stm32f1xx_hal_rcc.c ****         /* HSI used as PLL clock source : PLLCLK = HSI/2 * PLLMUL */
1150:Drivers/STM32F1xx_HAL_Driver/Src/stm32f1xx_hal_rcc.c ****         pllclk = (uint32_t)((HSI_VALUE >> 1) * pllmul);
1151:Drivers/STM32F1xx_HAL_Driver/Src/stm32f1xx_hal_rcc.c ****       }
1152:Drivers/STM32F1xx_HAL_Driver/Src/stm32f1xx_hal_rcc.c ****       sysclockfreq = pllclk;
1153:Drivers/STM32F1xx_HAL_Driver/Src/stm32f1xx_hal_rcc.c ****       break;
1154:Drivers/STM32F1xx_HAL_Driver/Src/stm32f1xx_hal_rcc.c ****     }
1155:Drivers/STM32F1xx_HAL_Driver/Src/stm32f1xx_hal_rcc.c ****     case RCC_SYSCLKSOURCE_STATUS_HSI:  /* HSI used as system clock source */
1156:Drivers/STM32F1xx_HAL_Driver/Src/stm32f1xx_hal_rcc.c ****     default: /* HSI used as system clock */
1157:Drivers/STM32F1xx_HAL_Driver/Src/stm32f1xx_hal_rcc.c ****     {
1158:Drivers/STM32F1xx_HAL_Driver/Src/stm32f1xx_hal_rcc.c ****       sysclockfreq = HSI_VALUE;
1159:Drivers/STM32F1xx_HAL_Driver/Src/stm32f1xx_hal_rcc.c ****       break;
1160:Drivers/STM32F1xx_HAL_Driver/Src/stm32f1xx_hal_rcc.c ****     }
1161:Drivers/STM32F1xx_HAL_Driver/Src/stm32f1xx_hal_rcc.c ****   }
1162:Drivers/STM32F1xx_HAL_Driver/Src/stm32f1xx_hal_rcc.c ****   return sysclockfreq;
1163:Drivers/STM32F1xx_HAL_Driver/Src/stm32f1xx_hal_rcc.c **** }
1164:Drivers/STM32F1xx_HAL_Driver/Src/stm32f1xx_hal_rcc.c **** 
1165:Drivers/STM32F1xx_HAL_Driver/Src/stm32f1xx_hal_rcc.c **** /**
1166:Drivers/STM32F1xx_HAL_Driver/Src/stm32f1xx_hal_rcc.c ****   * @brief  Returns the HCLK frequency
1167:Drivers/STM32F1xx_HAL_Driver/Src/stm32f1xx_hal_rcc.c ****   * @note   Each time HCLK changes, this function must be called to update the
1168:Drivers/STM32F1xx_HAL_Driver/Src/stm32f1xx_hal_rcc.c ****   *         right HCLK value. Otherwise, any configuration based on this function will be incorrect
1169:Drivers/STM32F1xx_HAL_Driver/Src/stm32f1xx_hal_rcc.c ****   *
1170:Drivers/STM32F1xx_HAL_Driver/Src/stm32f1xx_hal_rcc.c ****   * @note   The SystemCoreClock CMSIS variable is used to store System Clock Frequency
1171:Drivers/STM32F1xx_HAL_Driver/Src/stm32f1xx_hal_rcc.c ****   *         and updated within this function
1172:Drivers/STM32F1xx_HAL_Driver/Src/stm32f1xx_hal_rcc.c ****   * @retval HCLK frequency
ARM GAS  /tmp/ccpphuMd.s 			page 22


1173:Drivers/STM32F1xx_HAL_Driver/Src/stm32f1xx_hal_rcc.c ****   */
1174:Drivers/STM32F1xx_HAL_Driver/Src/stm32f1xx_hal_rcc.c **** uint32_t HAL_RCC_GetHCLKFreq(void)
1175:Drivers/STM32F1xx_HAL_Driver/Src/stm32f1xx_hal_rcc.c **** {
1176:Drivers/STM32F1xx_HAL_Driver/Src/stm32f1xx_hal_rcc.c ****   return SystemCoreClock;
1177:Drivers/STM32F1xx_HAL_Driver/Src/stm32f1xx_hal_rcc.c **** }
1178:Drivers/STM32F1xx_HAL_Driver/Src/stm32f1xx_hal_rcc.c **** 
1179:Drivers/STM32F1xx_HAL_Driver/Src/stm32f1xx_hal_rcc.c **** /**
1180:Drivers/STM32F1xx_HAL_Driver/Src/stm32f1xx_hal_rcc.c ****   * @brief  Returns the PCLK1 frequency
1181:Drivers/STM32F1xx_HAL_Driver/Src/stm32f1xx_hal_rcc.c ****   * @note   Each time PCLK1 changes, this function must be called to update the
1182:Drivers/STM32F1xx_HAL_Driver/Src/stm32f1xx_hal_rcc.c ****   *         right PCLK1 value. Otherwise, any configuration based on this function will be incorrec
1183:Drivers/STM32F1xx_HAL_Driver/Src/stm32f1xx_hal_rcc.c ****   * @retval PCLK1 frequency
1184:Drivers/STM32F1xx_HAL_Driver/Src/stm32f1xx_hal_rcc.c ****   */
1185:Drivers/STM32F1xx_HAL_Driver/Src/stm32f1xx_hal_rcc.c **** uint32_t HAL_RCC_GetPCLK1Freq(void)
1186:Drivers/STM32F1xx_HAL_Driver/Src/stm32f1xx_hal_rcc.c **** {
1187:Drivers/STM32F1xx_HAL_Driver/Src/stm32f1xx_hal_rcc.c ****   /* Get HCLK source and Compute PCLK1 frequency ---------------------------*/
1188:Drivers/STM32F1xx_HAL_Driver/Src/stm32f1xx_hal_rcc.c ****   return (HAL_RCC_GetHCLKFreq() >> APBPrescTable[(RCC->CFGR & RCC_CFGR_PPRE1) >> RCC_CFGR_PPRE1_Pos
1189:Drivers/STM32F1xx_HAL_Driver/Src/stm32f1xx_hal_rcc.c **** }
1190:Drivers/STM32F1xx_HAL_Driver/Src/stm32f1xx_hal_rcc.c **** 
1191:Drivers/STM32F1xx_HAL_Driver/Src/stm32f1xx_hal_rcc.c **** /**
1192:Drivers/STM32F1xx_HAL_Driver/Src/stm32f1xx_hal_rcc.c ****   * @brief  Returns the PCLK2 frequency
1193:Drivers/STM32F1xx_HAL_Driver/Src/stm32f1xx_hal_rcc.c ****   * @note   Each time PCLK2 changes, this function must be called to update the
1194:Drivers/STM32F1xx_HAL_Driver/Src/stm32f1xx_hal_rcc.c ****   *         right PCLK2 value. Otherwise, any configuration based on this function will be incorrec
1195:Drivers/STM32F1xx_HAL_Driver/Src/stm32f1xx_hal_rcc.c ****   * @retval PCLK2 frequency
1196:Drivers/STM32F1xx_HAL_Driver/Src/stm32f1xx_hal_rcc.c ****   */
1197:Drivers/STM32F1xx_HAL_Driver/Src/stm32f1xx_hal_rcc.c **** uint32_t HAL_RCC_GetPCLK2Freq(void)
1198:Drivers/STM32F1xx_HAL_Driver/Src/stm32f1xx_hal_rcc.c **** {
1199:Drivers/STM32F1xx_HAL_Driver/Src/stm32f1xx_hal_rcc.c ****   /* Get HCLK source and Compute PCLK2 frequency ---------------------------*/
1200:Drivers/STM32F1xx_HAL_Driver/Src/stm32f1xx_hal_rcc.c ****   return (HAL_RCC_GetHCLKFreq() >> APBPrescTable[(RCC->CFGR & RCC_CFGR_PPRE2) >> RCC_CFGR_PPRE2_Pos
1201:Drivers/STM32F1xx_HAL_Driver/Src/stm32f1xx_hal_rcc.c **** }
1202:Drivers/STM32F1xx_HAL_Driver/Src/stm32f1xx_hal_rcc.c **** 
1203:Drivers/STM32F1xx_HAL_Driver/Src/stm32f1xx_hal_rcc.c **** /**
1204:Drivers/STM32F1xx_HAL_Driver/Src/stm32f1xx_hal_rcc.c ****   * @brief  Configures the RCC_OscInitStruct according to the internal
1205:Drivers/STM32F1xx_HAL_Driver/Src/stm32f1xx_hal_rcc.c ****   * RCC configuration registers.
1206:Drivers/STM32F1xx_HAL_Driver/Src/stm32f1xx_hal_rcc.c ****   * @param  RCC_OscInitStruct pointer to an RCC_OscInitTypeDef structure that
1207:Drivers/STM32F1xx_HAL_Driver/Src/stm32f1xx_hal_rcc.c ****   * will be configured.
1208:Drivers/STM32F1xx_HAL_Driver/Src/stm32f1xx_hal_rcc.c ****   * @retval None
1209:Drivers/STM32F1xx_HAL_Driver/Src/stm32f1xx_hal_rcc.c ****   */
1210:Drivers/STM32F1xx_HAL_Driver/Src/stm32f1xx_hal_rcc.c **** void HAL_RCC_GetOscConfig(RCC_OscInitTypeDef  *RCC_OscInitStruct)
1211:Drivers/STM32F1xx_HAL_Driver/Src/stm32f1xx_hal_rcc.c **** {
1212:Drivers/STM32F1xx_HAL_Driver/Src/stm32f1xx_hal_rcc.c ****   /* Check the parameters */
1213:Drivers/STM32F1xx_HAL_Driver/Src/stm32f1xx_hal_rcc.c ****   assert_param(RCC_OscInitStruct != NULL);
1214:Drivers/STM32F1xx_HAL_Driver/Src/stm32f1xx_hal_rcc.c **** 
1215:Drivers/STM32F1xx_HAL_Driver/Src/stm32f1xx_hal_rcc.c ****   /* Set all possible values for the Oscillator type parameter ---------------*/
1216:Drivers/STM32F1xx_HAL_Driver/Src/stm32f1xx_hal_rcc.c ****   RCC_OscInitStruct->OscillatorType = RCC_OSCILLATORTYPE_HSE | RCC_OSCILLATORTYPE_HSI  \
1217:Drivers/STM32F1xx_HAL_Driver/Src/stm32f1xx_hal_rcc.c ****                                       | RCC_OSCILLATORTYPE_LSE | RCC_OSCILLATORTYPE_LSI;
1218:Drivers/STM32F1xx_HAL_Driver/Src/stm32f1xx_hal_rcc.c **** 
1219:Drivers/STM32F1xx_HAL_Driver/Src/stm32f1xx_hal_rcc.c **** #if defined(RCC_CFGR2_PREDIV1SRC)
1220:Drivers/STM32F1xx_HAL_Driver/Src/stm32f1xx_hal_rcc.c ****   /* Get the Prediv1 source --------------------------------------------------*/
1221:Drivers/STM32F1xx_HAL_Driver/Src/stm32f1xx_hal_rcc.c ****   RCC_OscInitStruct->Prediv1Source = READ_BIT(RCC->CFGR2, RCC_CFGR2_PREDIV1SRC);
1222:Drivers/STM32F1xx_HAL_Driver/Src/stm32f1xx_hal_rcc.c **** #endif /* RCC_CFGR2_PREDIV1SRC */
1223:Drivers/STM32F1xx_HAL_Driver/Src/stm32f1xx_hal_rcc.c **** 
1224:Drivers/STM32F1xx_HAL_Driver/Src/stm32f1xx_hal_rcc.c ****   /* Get the HSE configuration -----------------------------------------------*/
1225:Drivers/STM32F1xx_HAL_Driver/Src/stm32f1xx_hal_rcc.c ****   if ((RCC->CR & RCC_CR_HSEBYP) == RCC_CR_HSEBYP)
1226:Drivers/STM32F1xx_HAL_Driver/Src/stm32f1xx_hal_rcc.c ****   {
1227:Drivers/STM32F1xx_HAL_Driver/Src/stm32f1xx_hal_rcc.c ****     RCC_OscInitStruct->HSEState = RCC_HSE_BYPASS;
1228:Drivers/STM32F1xx_HAL_Driver/Src/stm32f1xx_hal_rcc.c ****   }
1229:Drivers/STM32F1xx_HAL_Driver/Src/stm32f1xx_hal_rcc.c ****   else if ((RCC->CR & RCC_CR_HSEON) == RCC_CR_HSEON)
ARM GAS  /tmp/ccpphuMd.s 			page 23


1230:Drivers/STM32F1xx_HAL_Driver/Src/stm32f1xx_hal_rcc.c ****   {
1231:Drivers/STM32F1xx_HAL_Driver/Src/stm32f1xx_hal_rcc.c ****     RCC_OscInitStruct->HSEState = RCC_HSE_ON;
1232:Drivers/STM32F1xx_HAL_Driver/Src/stm32f1xx_hal_rcc.c ****   }
1233:Drivers/STM32F1xx_HAL_Driver/Src/stm32f1xx_hal_rcc.c ****   else
1234:Drivers/STM32F1xx_HAL_Driver/Src/stm32f1xx_hal_rcc.c ****   {
1235:Drivers/STM32F1xx_HAL_Driver/Src/stm32f1xx_hal_rcc.c ****     RCC_OscInitStruct->HSEState = RCC_HSE_OFF;
1236:Drivers/STM32F1xx_HAL_Driver/Src/stm32f1xx_hal_rcc.c ****   }
1237:Drivers/STM32F1xx_HAL_Driver/Src/stm32f1xx_hal_rcc.c ****   RCC_OscInitStruct->HSEPredivValue = __HAL_RCC_HSE_GET_PREDIV();
1238:Drivers/STM32F1xx_HAL_Driver/Src/stm32f1xx_hal_rcc.c **** 
1239:Drivers/STM32F1xx_HAL_Driver/Src/stm32f1xx_hal_rcc.c ****   /* Get the HSI configuration -----------------------------------------------*/
1240:Drivers/STM32F1xx_HAL_Driver/Src/stm32f1xx_hal_rcc.c ****   if ((RCC->CR & RCC_CR_HSION) == RCC_CR_HSION)
1241:Drivers/STM32F1xx_HAL_Driver/Src/stm32f1xx_hal_rcc.c ****   {
1242:Drivers/STM32F1xx_HAL_Driver/Src/stm32f1xx_hal_rcc.c ****     RCC_OscInitStruct->HSIState = RCC_HSI_ON;
1243:Drivers/STM32F1xx_HAL_Driver/Src/stm32f1xx_hal_rcc.c ****   }
1244:Drivers/STM32F1xx_HAL_Driver/Src/stm32f1xx_hal_rcc.c ****   else
1245:Drivers/STM32F1xx_HAL_Driver/Src/stm32f1xx_hal_rcc.c ****   {
1246:Drivers/STM32F1xx_HAL_Driver/Src/stm32f1xx_hal_rcc.c ****     RCC_OscInitStruct->HSIState = RCC_HSI_OFF;
1247:Drivers/STM32F1xx_HAL_Driver/Src/stm32f1xx_hal_rcc.c ****   }
1248:Drivers/STM32F1xx_HAL_Driver/Src/stm32f1xx_hal_rcc.c **** 
1249:Drivers/STM32F1xx_HAL_Driver/Src/stm32f1xx_hal_rcc.c ****   RCC_OscInitStruct->HSICalibrationValue = (uint32_t)((RCC->CR & RCC_CR_HSITRIM) >> RCC_CR_HSITRIM_
1250:Drivers/STM32F1xx_HAL_Driver/Src/stm32f1xx_hal_rcc.c **** 
1251:Drivers/STM32F1xx_HAL_Driver/Src/stm32f1xx_hal_rcc.c ****   /* Get the LSE configuration -----------------------------------------------*/
1252:Drivers/STM32F1xx_HAL_Driver/Src/stm32f1xx_hal_rcc.c ****   if ((RCC->BDCR & RCC_BDCR_LSEBYP) == RCC_BDCR_LSEBYP)
1253:Drivers/STM32F1xx_HAL_Driver/Src/stm32f1xx_hal_rcc.c ****   {
1254:Drivers/STM32F1xx_HAL_Driver/Src/stm32f1xx_hal_rcc.c ****     RCC_OscInitStruct->LSEState = RCC_LSE_BYPASS;
1255:Drivers/STM32F1xx_HAL_Driver/Src/stm32f1xx_hal_rcc.c ****   }
1256:Drivers/STM32F1xx_HAL_Driver/Src/stm32f1xx_hal_rcc.c ****   else if ((RCC->BDCR & RCC_BDCR_LSEON) == RCC_BDCR_LSEON)
1257:Drivers/STM32F1xx_HAL_Driver/Src/stm32f1xx_hal_rcc.c ****   {
1258:Drivers/STM32F1xx_HAL_Driver/Src/stm32f1xx_hal_rcc.c ****     RCC_OscInitStruct->LSEState = RCC_LSE_ON;
1259:Drivers/STM32F1xx_HAL_Driver/Src/stm32f1xx_hal_rcc.c ****   }
1260:Drivers/STM32F1xx_HAL_Driver/Src/stm32f1xx_hal_rcc.c ****   else
1261:Drivers/STM32F1xx_HAL_Driver/Src/stm32f1xx_hal_rcc.c ****   {
1262:Drivers/STM32F1xx_HAL_Driver/Src/stm32f1xx_hal_rcc.c ****     RCC_OscInitStruct->LSEState = RCC_LSE_OFF;
1263:Drivers/STM32F1xx_HAL_Driver/Src/stm32f1xx_hal_rcc.c ****   }
1264:Drivers/STM32F1xx_HAL_Driver/Src/stm32f1xx_hal_rcc.c **** 
1265:Drivers/STM32F1xx_HAL_Driver/Src/stm32f1xx_hal_rcc.c ****   /* Get the LSI configuration -----------------------------------------------*/
1266:Drivers/STM32F1xx_HAL_Driver/Src/stm32f1xx_hal_rcc.c ****   if ((RCC->CSR & RCC_CSR_LSION) == RCC_CSR_LSION)
1267:Drivers/STM32F1xx_HAL_Driver/Src/stm32f1xx_hal_rcc.c ****   {
1268:Drivers/STM32F1xx_HAL_Driver/Src/stm32f1xx_hal_rcc.c ****     RCC_OscInitStruct->LSIState = RCC_LSI_ON;
1269:Drivers/STM32F1xx_HAL_Driver/Src/stm32f1xx_hal_rcc.c ****   }
1270:Drivers/STM32F1xx_HAL_Driver/Src/stm32f1xx_hal_rcc.c ****   else
1271:Drivers/STM32F1xx_HAL_Driver/Src/stm32f1xx_hal_rcc.c ****   {
1272:Drivers/STM32F1xx_HAL_Driver/Src/stm32f1xx_hal_rcc.c ****     RCC_OscInitStruct->LSIState = RCC_LSI_OFF;
1273:Drivers/STM32F1xx_HAL_Driver/Src/stm32f1xx_hal_rcc.c ****   }
1274:Drivers/STM32F1xx_HAL_Driver/Src/stm32f1xx_hal_rcc.c **** 
1275:Drivers/STM32F1xx_HAL_Driver/Src/stm32f1xx_hal_rcc.c **** 
1276:Drivers/STM32F1xx_HAL_Driver/Src/stm32f1xx_hal_rcc.c ****   /* Get the PLL configuration -----------------------------------------------*/
1277:Drivers/STM32F1xx_HAL_Driver/Src/stm32f1xx_hal_rcc.c ****   if ((RCC->CR & RCC_CR_PLLON) == RCC_CR_PLLON)
1278:Drivers/STM32F1xx_HAL_Driver/Src/stm32f1xx_hal_rcc.c ****   {
1279:Drivers/STM32F1xx_HAL_Driver/Src/stm32f1xx_hal_rcc.c ****     RCC_OscInitStruct->PLL.PLLState = RCC_PLL_ON;
1280:Drivers/STM32F1xx_HAL_Driver/Src/stm32f1xx_hal_rcc.c ****   }
1281:Drivers/STM32F1xx_HAL_Driver/Src/stm32f1xx_hal_rcc.c ****   else
1282:Drivers/STM32F1xx_HAL_Driver/Src/stm32f1xx_hal_rcc.c ****   {
1283:Drivers/STM32F1xx_HAL_Driver/Src/stm32f1xx_hal_rcc.c ****     RCC_OscInitStruct->PLL.PLLState = RCC_PLL_OFF;
1284:Drivers/STM32F1xx_HAL_Driver/Src/stm32f1xx_hal_rcc.c ****   }
1285:Drivers/STM32F1xx_HAL_Driver/Src/stm32f1xx_hal_rcc.c ****   RCC_OscInitStruct->PLL.PLLSource = (uint32_t)(RCC->CFGR & RCC_CFGR_PLLSRC);
1286:Drivers/STM32F1xx_HAL_Driver/Src/stm32f1xx_hal_rcc.c ****   RCC_OscInitStruct->PLL.PLLMUL = (uint32_t)(RCC->CFGR & RCC_CFGR_PLLMULL);
ARM GAS  /tmp/ccpphuMd.s 			page 24


1287:Drivers/STM32F1xx_HAL_Driver/Src/stm32f1xx_hal_rcc.c **** #if defined(RCC_CR_PLL2ON)
1288:Drivers/STM32F1xx_HAL_Driver/Src/stm32f1xx_hal_rcc.c ****   /* Get the PLL2 configuration -----------------------------------------------*/
1289:Drivers/STM32F1xx_HAL_Driver/Src/stm32f1xx_hal_rcc.c ****   if ((RCC->CR & RCC_CR_PLL2ON) == RCC_CR_PLL2ON)
1290:Drivers/STM32F1xx_HAL_Driver/Src/stm32f1xx_hal_rcc.c ****   {
1291:Drivers/STM32F1xx_HAL_Driver/Src/stm32f1xx_hal_rcc.c ****     RCC_OscInitStruct->PLL2.PLL2State = RCC_PLL2_ON;
1292:Drivers/STM32F1xx_HAL_Driver/Src/stm32f1xx_hal_rcc.c ****   }
1293:Drivers/STM32F1xx_HAL_Driver/Src/stm32f1xx_hal_rcc.c ****   else
1294:Drivers/STM32F1xx_HAL_Driver/Src/stm32f1xx_hal_rcc.c ****   {
1295:Drivers/STM32F1xx_HAL_Driver/Src/stm32f1xx_hal_rcc.c ****     RCC_OscInitStruct->PLL2.PLL2State = RCC_PLL2_OFF;
1296:Drivers/STM32F1xx_HAL_Driver/Src/stm32f1xx_hal_rcc.c ****   }
1297:Drivers/STM32F1xx_HAL_Driver/Src/stm32f1xx_hal_rcc.c ****   RCC_OscInitStruct->PLL2.HSEPrediv2Value = __HAL_RCC_HSE_GET_PREDIV2();
1298:Drivers/STM32F1xx_HAL_Driver/Src/stm32f1xx_hal_rcc.c ****   RCC_OscInitStruct->PLL2.PLL2MUL = (uint32_t)(RCC->CFGR2 & RCC_CFGR2_PLL2MUL);
1299:Drivers/STM32F1xx_HAL_Driver/Src/stm32f1xx_hal_rcc.c **** #endif /* RCC_CR_PLL2ON */
1300:Drivers/STM32F1xx_HAL_Driver/Src/stm32f1xx_hal_rcc.c **** }
1301:Drivers/STM32F1xx_HAL_Driver/Src/stm32f1xx_hal_rcc.c **** 
1302:Drivers/STM32F1xx_HAL_Driver/Src/stm32f1xx_hal_rcc.c **** /**
1303:Drivers/STM32F1xx_HAL_Driver/Src/stm32f1xx_hal_rcc.c ****   * @brief  Get the RCC_ClkInitStruct according to the internal
1304:Drivers/STM32F1xx_HAL_Driver/Src/stm32f1xx_hal_rcc.c ****   * RCC configuration registers.
1305:Drivers/STM32F1xx_HAL_Driver/Src/stm32f1xx_hal_rcc.c ****   * @param  RCC_ClkInitStruct pointer to an RCC_ClkInitTypeDef structure that
1306:Drivers/STM32F1xx_HAL_Driver/Src/stm32f1xx_hal_rcc.c ****   * contains the current clock configuration.
1307:Drivers/STM32F1xx_HAL_Driver/Src/stm32f1xx_hal_rcc.c ****   * @param  pFLatency Pointer on the Flash Latency.
1308:Drivers/STM32F1xx_HAL_Driver/Src/stm32f1xx_hal_rcc.c ****   * @retval None
1309:Drivers/STM32F1xx_HAL_Driver/Src/stm32f1xx_hal_rcc.c ****   */
1310:Drivers/STM32F1xx_HAL_Driver/Src/stm32f1xx_hal_rcc.c **** void HAL_RCC_GetClockConfig(RCC_ClkInitTypeDef  *RCC_ClkInitStruct, uint32_t *pFLatency)
1311:Drivers/STM32F1xx_HAL_Driver/Src/stm32f1xx_hal_rcc.c **** {
1312:Drivers/STM32F1xx_HAL_Driver/Src/stm32f1xx_hal_rcc.c ****   /* Check the parameters */
1313:Drivers/STM32F1xx_HAL_Driver/Src/stm32f1xx_hal_rcc.c ****   assert_param(RCC_ClkInitStruct != NULL);
1314:Drivers/STM32F1xx_HAL_Driver/Src/stm32f1xx_hal_rcc.c ****   assert_param(pFLatency != NULL);
1315:Drivers/STM32F1xx_HAL_Driver/Src/stm32f1xx_hal_rcc.c **** 
1316:Drivers/STM32F1xx_HAL_Driver/Src/stm32f1xx_hal_rcc.c ****   /* Set all possible values for the Clock type parameter --------------------*/
1317:Drivers/STM32F1xx_HAL_Driver/Src/stm32f1xx_hal_rcc.c ****   RCC_ClkInitStruct->ClockType = RCC_CLOCKTYPE_SYSCLK | RCC_CLOCKTYPE_HCLK | RCC_CLOCKTYPE_PCLK1 | 
1318:Drivers/STM32F1xx_HAL_Driver/Src/stm32f1xx_hal_rcc.c **** 
1319:Drivers/STM32F1xx_HAL_Driver/Src/stm32f1xx_hal_rcc.c ****   /* Get the SYSCLK configuration --------------------------------------------*/
1320:Drivers/STM32F1xx_HAL_Driver/Src/stm32f1xx_hal_rcc.c ****   RCC_ClkInitStruct->SYSCLKSource = (uint32_t)(RCC->CFGR & RCC_CFGR_SW);
1321:Drivers/STM32F1xx_HAL_Driver/Src/stm32f1xx_hal_rcc.c **** 
1322:Drivers/STM32F1xx_HAL_Driver/Src/stm32f1xx_hal_rcc.c ****   /* Get the HCLK configuration ----------------------------------------------*/
1323:Drivers/STM32F1xx_HAL_Driver/Src/stm32f1xx_hal_rcc.c ****   RCC_ClkInitStruct->AHBCLKDivider = (uint32_t)(RCC->CFGR & RCC_CFGR_HPRE);
1324:Drivers/STM32F1xx_HAL_Driver/Src/stm32f1xx_hal_rcc.c **** 
1325:Drivers/STM32F1xx_HAL_Driver/Src/stm32f1xx_hal_rcc.c ****   /* Get the APB1 configuration ----------------------------------------------*/
1326:Drivers/STM32F1xx_HAL_Driver/Src/stm32f1xx_hal_rcc.c ****   RCC_ClkInitStruct->APB1CLKDivider = (uint32_t)(RCC->CFGR & RCC_CFGR_PPRE1);
1327:Drivers/STM32F1xx_HAL_Driver/Src/stm32f1xx_hal_rcc.c **** 
1328:Drivers/STM32F1xx_HAL_Driver/Src/stm32f1xx_hal_rcc.c ****   /* Get the APB2 configuration ----------------------------------------------*/
1329:Drivers/STM32F1xx_HAL_Driver/Src/stm32f1xx_hal_rcc.c ****   RCC_ClkInitStruct->APB2CLKDivider = (uint32_t)((RCC->CFGR & RCC_CFGR_PPRE2) >> 3);
1330:Drivers/STM32F1xx_HAL_Driver/Src/stm32f1xx_hal_rcc.c **** 
1331:Drivers/STM32F1xx_HAL_Driver/Src/stm32f1xx_hal_rcc.c **** #if   defined(FLASH_ACR_LATENCY)
1332:Drivers/STM32F1xx_HAL_Driver/Src/stm32f1xx_hal_rcc.c ****   /* Get the Flash Wait State (Latency) configuration ------------------------*/
1333:Drivers/STM32F1xx_HAL_Driver/Src/stm32f1xx_hal_rcc.c ****   *pFLatency = (uint32_t)(FLASH->ACR & FLASH_ACR_LATENCY);
1334:Drivers/STM32F1xx_HAL_Driver/Src/stm32f1xx_hal_rcc.c **** #else
1335:Drivers/STM32F1xx_HAL_Driver/Src/stm32f1xx_hal_rcc.c ****   /* For VALUE lines devices, only LATENCY_0 can be set*/
1336:Drivers/STM32F1xx_HAL_Driver/Src/stm32f1xx_hal_rcc.c ****   *pFLatency = (uint32_t)FLASH_LATENCY_0;
1337:Drivers/STM32F1xx_HAL_Driver/Src/stm32f1xx_hal_rcc.c **** #endif
1338:Drivers/STM32F1xx_HAL_Driver/Src/stm32f1xx_hal_rcc.c **** }
1339:Drivers/STM32F1xx_HAL_Driver/Src/stm32f1xx_hal_rcc.c **** 
1340:Drivers/STM32F1xx_HAL_Driver/Src/stm32f1xx_hal_rcc.c **** /**
1341:Drivers/STM32F1xx_HAL_Driver/Src/stm32f1xx_hal_rcc.c ****   * @brief This function handles the RCC CSS interrupt request.
1342:Drivers/STM32F1xx_HAL_Driver/Src/stm32f1xx_hal_rcc.c ****   * @note This API should be called under the NMI_Handler().
1343:Drivers/STM32F1xx_HAL_Driver/Src/stm32f1xx_hal_rcc.c ****   * @retval None
ARM GAS  /tmp/ccpphuMd.s 			page 25


1344:Drivers/STM32F1xx_HAL_Driver/Src/stm32f1xx_hal_rcc.c ****   */
1345:Drivers/STM32F1xx_HAL_Driver/Src/stm32f1xx_hal_rcc.c **** void HAL_RCC_NMI_IRQHandler(void)
1346:Drivers/STM32F1xx_HAL_Driver/Src/stm32f1xx_hal_rcc.c **** {
1347:Drivers/STM32F1xx_HAL_Driver/Src/stm32f1xx_hal_rcc.c ****   /* Check RCC CSSF flag  */
1348:Drivers/STM32F1xx_HAL_Driver/Src/stm32f1xx_hal_rcc.c ****   if (__HAL_RCC_GET_IT(RCC_IT_CSS))
1349:Drivers/STM32F1xx_HAL_Driver/Src/stm32f1xx_hal_rcc.c ****   {
1350:Drivers/STM32F1xx_HAL_Driver/Src/stm32f1xx_hal_rcc.c ****     /* RCC Clock Security System interrupt user callback */
1351:Drivers/STM32F1xx_HAL_Driver/Src/stm32f1xx_hal_rcc.c ****     HAL_RCC_CSSCallback();
1352:Drivers/STM32F1xx_HAL_Driver/Src/stm32f1xx_hal_rcc.c **** 
1353:Drivers/STM32F1xx_HAL_Driver/Src/stm32f1xx_hal_rcc.c ****     /* Clear RCC CSS pending bit */
1354:Drivers/STM32F1xx_HAL_Driver/Src/stm32f1xx_hal_rcc.c ****     __HAL_RCC_CLEAR_IT(RCC_IT_CSS);
1355:Drivers/STM32F1xx_HAL_Driver/Src/stm32f1xx_hal_rcc.c ****   }
1356:Drivers/STM32F1xx_HAL_Driver/Src/stm32f1xx_hal_rcc.c **** }
1357:Drivers/STM32F1xx_HAL_Driver/Src/stm32f1xx_hal_rcc.c **** 
1358:Drivers/STM32F1xx_HAL_Driver/Src/stm32f1xx_hal_rcc.c **** /**
1359:Drivers/STM32F1xx_HAL_Driver/Src/stm32f1xx_hal_rcc.c ****   * @brief  This function provides delay (in milliseconds) based on CPU cycles method.
1360:Drivers/STM32F1xx_HAL_Driver/Src/stm32f1xx_hal_rcc.c ****   * @param  mdelay: specifies the delay time length, in milliseconds.
1361:Drivers/STM32F1xx_HAL_Driver/Src/stm32f1xx_hal_rcc.c ****   * @retval None
1362:Drivers/STM32F1xx_HAL_Driver/Src/stm32f1xx_hal_rcc.c ****   */
1363:Drivers/STM32F1xx_HAL_Driver/Src/stm32f1xx_hal_rcc.c **** static void RCC_Delay(uint32_t mdelay)
1364:Drivers/STM32F1xx_HAL_Driver/Src/stm32f1xx_hal_rcc.c **** {
  27              		.loc 1 1364 1 view -0
  28              		.cfi_startproc
  29              		@ args = 0, pretend = 0, frame = 8
  30              		@ frame_needed = 0, uses_anonymous_args = 0
  31              		@ link register save eliminated.
  32              		.loc 1 1364 1 is_stmt 0 view .LVU1
  33 0000 82B0     		sub	sp, sp, #8
  34              	.LCFI0:
  35              		.cfi_def_cfa_offset 8
1365:Drivers/STM32F1xx_HAL_Driver/Src/stm32f1xx_hal_rcc.c ****   __IO uint32_t Delay = mdelay * (SystemCoreClock / 8U / 1000U);
  36              		.loc 1 1365 3 is_stmt 1 view .LVU2
  37              		.loc 1 1365 56 is_stmt 0 view .LVU3
  38 0002 084B     		ldr	r3, .L4
  39 0004 1B68     		ldr	r3, [r3]
  40 0006 084A     		ldr	r2, .L4+4
  41 0008 A2FB0323 		umull	r2, r3, r2, r3
  42 000c 5B0A     		lsrs	r3, r3, #9
  43              		.loc 1 1365 32 view .LVU4
  44 000e 00FB03F3 		mul	r3, r0, r3
  45              		.loc 1 1365 17 view .LVU5
  46 0012 0193     		str	r3, [sp, #4]
  47              	.L2:
1366:Drivers/STM32F1xx_HAL_Driver/Src/stm32f1xx_hal_rcc.c ****   do
  48              		.loc 1 1366 3 is_stmt 1 view .LVU6
1367:Drivers/STM32F1xx_HAL_Driver/Src/stm32f1xx_hal_rcc.c ****   {
1368:Drivers/STM32F1xx_HAL_Driver/Src/stm32f1xx_hal_rcc.c ****     __NOP();
  49              		.loc 1 1368 5 view .LVU7
  50              		.syntax unified
  51              	@ 1368 "Drivers/STM32F1xx_HAL_Driver/Src/stm32f1xx_hal_rcc.c" 1
  52 0014 00BF     		nop
  53              	@ 0 "" 2
1369:Drivers/STM32F1xx_HAL_Driver/Src/stm32f1xx_hal_rcc.c ****   }
1370:Drivers/STM32F1xx_HAL_Driver/Src/stm32f1xx_hal_rcc.c ****   while (Delay --);
  54              		.loc 1 1370 10 view .LVU8
  55              		.loc 1 1370 16 is_stmt 0 view .LVU9
  56              		.thumb
ARM GAS  /tmp/ccpphuMd.s 			page 26


  57              		.syntax unified
  58 0016 019B     		ldr	r3, [sp, #4]
  59 0018 5A1E     		subs	r2, r3, #1
  60 001a 0192     		str	r2, [sp, #4]
  61              		.loc 1 1370 10 view .LVU10
  62 001c 002B     		cmp	r3, #0
  63 001e F9D1     		bne	.L2
1371:Drivers/STM32F1xx_HAL_Driver/Src/stm32f1xx_hal_rcc.c **** }
  64              		.loc 1 1371 1 view .LVU11
  65 0020 02B0     		add	sp, sp, #8
  66              	.LCFI1:
  67              		.cfi_def_cfa_offset 0
  68              		@ sp needed
  69 0022 7047     		bx	lr
  70              	.L5:
  71              		.align	2
  72              	.L4:
  73 0024 00000000 		.word	SystemCoreClock
  74 0028 D34D6210 		.word	274877907
  75              		.cfi_endproc
  76              	.LFE78:
  78              		.section	.text.HAL_RCC_DeInit,"ax",%progbits
  79              		.align	1
  80              		.global	HAL_RCC_DeInit
  81              		.syntax unified
  82              		.thumb
  83              		.thumb_func
  85              	HAL_RCC_DeInit:
  86              	.LFB65:
 201:Drivers/STM32F1xx_HAL_Driver/Src/stm32f1xx_hal_rcc.c ****   uint32_t tickstart;
  87              		.loc 1 201 1 is_stmt 1 view -0
  88              		.cfi_startproc
  89              		@ args = 0, pretend = 0, frame = 0
  90              		@ frame_needed = 0, uses_anonymous_args = 0
  91 0000 70B5     		push	{r4, r5, r6, lr}
  92              	.LCFI2:
  93              		.cfi_def_cfa_offset 16
  94              		.cfi_offset 4, -16
  95              		.cfi_offset 5, -12
  96              		.cfi_offset 6, -8
  97              		.cfi_offset 14, -4
 202:Drivers/STM32F1xx_HAL_Driver/Src/stm32f1xx_hal_rcc.c **** 
  98              		.loc 1 202 3 view .LVU13
 205:Drivers/STM32F1xx_HAL_Driver/Src/stm32f1xx_hal_rcc.c **** 
  99              		.loc 1 205 3 view .LVU14
 205:Drivers/STM32F1xx_HAL_Driver/Src/stm32f1xx_hal_rcc.c **** 
 100              		.loc 1 205 15 is_stmt 0 view .LVU15
 101 0002 FFF7FEFF 		bl	HAL_GetTick
 102              	.LVL1:
 103 0006 0446     		mov	r4, r0
 104              	.LVL2:
 208:Drivers/STM32F1xx_HAL_Driver/Src/stm32f1xx_hal_rcc.c **** 
 105              		.loc 1 208 3 is_stmt 1 view .LVU16
 106 0008 354A     		ldr	r2, .L24
 107 000a 1368     		ldr	r3, [r2]
 108 000c 43F00103 		orr	r3, r3, #1
 109 0010 1360     		str	r3, [r2]
ARM GAS  /tmp/ccpphuMd.s 			page 27


 211:Drivers/STM32F1xx_HAL_Driver/Src/stm32f1xx_hal_rcc.c ****   {
 110              		.loc 1 211 3 view .LVU17
 111              	.LVL3:
 112              	.L7:
 211:Drivers/STM32F1xx_HAL_Driver/Src/stm32f1xx_hal_rcc.c ****   {
 113              		.loc 1 211 43 discriminator 1 view .LVU18
 211:Drivers/STM32F1xx_HAL_Driver/Src/stm32f1xx_hal_rcc.c ****   {
 114              		.loc 1 211 10 is_stmt 0 discriminator 1 view .LVU19
 115 0012 334B     		ldr	r3, .L24
 116 0014 1B68     		ldr	r3, [r3]
 211:Drivers/STM32F1xx_HAL_Driver/Src/stm32f1xx_hal_rcc.c ****   {
 117              		.loc 1 211 43 discriminator 1 view .LVU20
 118 0016 13F0020F 		tst	r3, #2
 119 001a 07D1     		bne	.L19
 213:Drivers/STM32F1xx_HAL_Driver/Src/stm32f1xx_hal_rcc.c ****     {
 120              		.loc 1 213 5 is_stmt 1 view .LVU21
 213:Drivers/STM32F1xx_HAL_Driver/Src/stm32f1xx_hal_rcc.c ****     {
 121              		.loc 1 213 10 is_stmt 0 view .LVU22
 122 001c FFF7FEFF 		bl	HAL_GetTick
 123              	.LVL4:
 213:Drivers/STM32F1xx_HAL_Driver/Src/stm32f1xx_hal_rcc.c ****     {
 124              		.loc 1 213 24 discriminator 1 view .LVU23
 125 0020 001B     		subs	r0, r0, r4
 213:Drivers/STM32F1xx_HAL_Driver/Src/stm32f1xx_hal_rcc.c ****     {
 126              		.loc 1 213 8 discriminator 1 view .LVU24
 127 0022 0228     		cmp	r0, #2
 128 0024 F5D9     		bls	.L7
 129              	.LVL5:
 130              	.L11:
 215:Drivers/STM32F1xx_HAL_Driver/Src/stm32f1xx_hal_rcc.c ****     }
 131              		.loc 1 215 14 view .LVU25
 132 0026 0324     		movs	r4, #3
 133              	.L8:
 328:Drivers/STM32F1xx_HAL_Driver/Src/stm32f1xx_hal_rcc.c **** 
 134              		.loc 1 328 1 view .LVU26
 135 0028 2046     		mov	r0, r4
 136 002a 70BD     		pop	{r4, r5, r6, pc}
 137              	.LVL6:
 138              	.L19:
 220:Drivers/STM32F1xx_HAL_Driver/Src/stm32f1xx_hal_rcc.c **** 
 139              		.loc 1 220 3 is_stmt 1 view .LVU27
 140 002c 2C4A     		ldr	r2, .L24
 141 002e 1368     		ldr	r3, [r2]
 142 0030 23F0F803 		bic	r3, r3, #248
 143 0034 43F08003 		orr	r3, r3, #128
 144 0038 1546     		mov	r5, r2
 145 003a 1360     		str	r3, [r2]
 223:Drivers/STM32F1xx_HAL_Driver/Src/stm32f1xx_hal_rcc.c **** 
 146              		.loc 1 223 3 view .LVU28
 223:Drivers/STM32F1xx_HAL_Driver/Src/stm32f1xx_hal_rcc.c **** 
 147              		.loc 1 223 15 is_stmt 0 view .LVU29
 148 003c FFF7FEFF 		bl	HAL_GetTick
 149              	.LVL7:
 150 0040 0446     		mov	r4, r0
 151              	.LVL8:
 226:Drivers/STM32F1xx_HAL_Driver/Src/stm32f1xx_hal_rcc.c **** 
 152              		.loc 1 226 3 is_stmt 1 view .LVU30
ARM GAS  /tmp/ccpphuMd.s 			page 28


 153 0042 0023     		movs	r3, #0
 154 0044 6B60     		str	r3, [r5, #4]
 229:Drivers/STM32F1xx_HAL_Driver/Src/stm32f1xx_hal_rcc.c ****   {
 155              		.loc 1 229 3 view .LVU31
 156              	.LVL9:
 157              	.L10:
 229:Drivers/STM32F1xx_HAL_Driver/Src/stm32f1xx_hal_rcc.c ****   {
 158              		.loc 1 229 44 discriminator 1 view .LVU32
 229:Drivers/STM32F1xx_HAL_Driver/Src/stm32f1xx_hal_rcc.c ****   {
 159              		.loc 1 229 10 is_stmt 0 discriminator 1 view .LVU33
 160 0046 264B     		ldr	r3, .L24
 161 0048 5B68     		ldr	r3, [r3, #4]
 229:Drivers/STM32F1xx_HAL_Driver/Src/stm32f1xx_hal_rcc.c ****   {
 162              		.loc 1 229 44 discriminator 1 view .LVU34
 163 004a 13F00C0F 		tst	r3, #12
 164 004e 07D0     		beq	.L20
 231:Drivers/STM32F1xx_HAL_Driver/Src/stm32f1xx_hal_rcc.c ****     {
 165              		.loc 1 231 5 is_stmt 1 view .LVU35
 231:Drivers/STM32F1xx_HAL_Driver/Src/stm32f1xx_hal_rcc.c ****     {
 166              		.loc 1 231 10 is_stmt 0 view .LVU36
 167 0050 FFF7FEFF 		bl	HAL_GetTick
 168              	.LVL10:
 231:Drivers/STM32F1xx_HAL_Driver/Src/stm32f1xx_hal_rcc.c ****     {
 169              		.loc 1 231 24 discriminator 1 view .LVU37
 170 0054 001B     		subs	r0, r0, r4
 231:Drivers/STM32F1xx_HAL_Driver/Src/stm32f1xx_hal_rcc.c ****     {
 171              		.loc 1 231 8 discriminator 1 view .LVU38
 172 0056 41F28833 		movw	r3, #5000
 173 005a 9842     		cmp	r0, r3
 174 005c F3D9     		bls	.L10
 175 005e E2E7     		b	.L11
 176              	.L20:
 238:Drivers/STM32F1xx_HAL_Driver/Src/stm32f1xx_hal_rcc.c **** 
 177              		.loc 1 238 3 is_stmt 1 view .LVU39
 238:Drivers/STM32F1xx_HAL_Driver/Src/stm32f1xx_hal_rcc.c **** 
 178              		.loc 1 238 19 is_stmt 0 view .LVU40
 179 0060 204B     		ldr	r3, .L24+4
 180 0062 214A     		ldr	r2, .L24+8
 181 0064 1A60     		str	r2, [r3]
 241:Drivers/STM32F1xx_HAL_Driver/Src/stm32f1xx_hal_rcc.c ****   {
 182              		.loc 1 241 3 is_stmt 1 view .LVU41
 241:Drivers/STM32F1xx_HAL_Driver/Src/stm32f1xx_hal_rcc.c ****   {
 183              		.loc 1 241 7 is_stmt 0 view .LVU42
 184 0066 214B     		ldr	r3, .L24+12
 185 0068 1868     		ldr	r0, [r3]
 186 006a FFF7FEFF 		bl	HAL_InitTick
 187              	.LVL11:
 241:Drivers/STM32F1xx_HAL_Driver/Src/stm32f1xx_hal_rcc.c ****   {
 188              		.loc 1 241 6 discriminator 1 view .LVU43
 189 006e 0446     		mov	r4, r0
 190              	.LVL12:
 241:Drivers/STM32F1xx_HAL_Driver/Src/stm32f1xx_hal_rcc.c ****   {
 191              		.loc 1 241 6 discriminator 1 view .LVU44
 192 0070 08B1     		cbz	r0, .L21
 243:Drivers/STM32F1xx_HAL_Driver/Src/stm32f1xx_hal_rcc.c ****   }
 193              		.loc 1 243 12 view .LVU45
 194 0072 0124     		movs	r4, #1
ARM GAS  /tmp/ccpphuMd.s 			page 29


 195 0074 D8E7     		b	.L8
 196              	.L21:
 247:Drivers/STM32F1xx_HAL_Driver/Src/stm32f1xx_hal_rcc.c **** 
 197              		.loc 1 247 3 is_stmt 1 view .LVU46
 247:Drivers/STM32F1xx_HAL_Driver/Src/stm32f1xx_hal_rcc.c **** 
 198              		.loc 1 247 15 is_stmt 0 view .LVU47
 199 0076 FFF7FEFF 		bl	HAL_GetTick
 200              	.LVL13:
 201 007a 0546     		mov	r5, r0
 202              	.LVL14:
 250:Drivers/STM32F1xx_HAL_Driver/Src/stm32f1xx_hal_rcc.c **** 
 203              		.loc 1 250 3 is_stmt 1 view .LVU48
 204 007c 184A     		ldr	r2, .L24
 205 007e 1368     		ldr	r3, [r2]
 206 0080 23F08073 		bic	r3, r3, #16777216
 207 0084 1360     		str	r3, [r2]
 253:Drivers/STM32F1xx_HAL_Driver/Src/stm32f1xx_hal_rcc.c ****   {
 208              		.loc 1 253 3 view .LVU49
 209              	.LVL15:
 210              	.L13:
 253:Drivers/STM32F1xx_HAL_Driver/Src/stm32f1xx_hal_rcc.c ****   {
 211              		.loc 1 253 43 discriminator 1 view .LVU50
 253:Drivers/STM32F1xx_HAL_Driver/Src/stm32f1xx_hal_rcc.c ****   {
 212              		.loc 1 253 10 is_stmt 0 discriminator 1 view .LVU51
 213 0086 164B     		ldr	r3, .L24
 214 0088 1B68     		ldr	r3, [r3]
 253:Drivers/STM32F1xx_HAL_Driver/Src/stm32f1xx_hal_rcc.c ****   {
 215              		.loc 1 253 43 discriminator 1 view .LVU52
 216 008a 13F0007F 		tst	r3, #33554432
 217 008e 05D0     		beq	.L22
 255:Drivers/STM32F1xx_HAL_Driver/Src/stm32f1xx_hal_rcc.c ****     {
 218              		.loc 1 255 5 is_stmt 1 view .LVU53
 255:Drivers/STM32F1xx_HAL_Driver/Src/stm32f1xx_hal_rcc.c ****     {
 219              		.loc 1 255 10 is_stmt 0 view .LVU54
 220 0090 FFF7FEFF 		bl	HAL_GetTick
 221              	.LVL16:
 255:Drivers/STM32F1xx_HAL_Driver/Src/stm32f1xx_hal_rcc.c ****     {
 222              		.loc 1 255 24 discriminator 1 view .LVU55
 223 0094 401B     		subs	r0, r0, r5
 255:Drivers/STM32F1xx_HAL_Driver/Src/stm32f1xx_hal_rcc.c ****     {
 224              		.loc 1 255 8 discriminator 1 view .LVU56
 225 0096 0228     		cmp	r0, #2
 226 0098 F5D9     		bls	.L13
 227 009a C4E7     		b	.L11
 228              	.L22:
 262:Drivers/STM32F1xx_HAL_Driver/Src/stm32f1xx_hal_rcc.c **** 
 229              		.loc 1 262 3 is_stmt 1 view .LVU57
 230 009c 0023     		movs	r3, #0
 231 009e 104D     		ldr	r5, .L24
 232              	.LVL17:
 262:Drivers/STM32F1xx_HAL_Driver/Src/stm32f1xx_hal_rcc.c **** 
 233              		.loc 1 262 3 is_stmt 0 view .LVU58
 234 00a0 6B60     		str	r3, [r5, #4]
 265:Drivers/STM32F1xx_HAL_Driver/Src/stm32f1xx_hal_rcc.c **** 
 235              		.loc 1 265 3 is_stmt 1 view .LVU59
 265:Drivers/STM32F1xx_HAL_Driver/Src/stm32f1xx_hal_rcc.c **** 
 236              		.loc 1 265 15 is_stmt 0 view .LVU60
ARM GAS  /tmp/ccpphuMd.s 			page 30


 237 00a2 FFF7FEFF 		bl	HAL_GetTick
 238              	.LVL18:
 239 00a6 0646     		mov	r6, r0
 240              	.LVL19:
 268:Drivers/STM32F1xx_HAL_Driver/Src/stm32f1xx_hal_rcc.c **** 
 241              		.loc 1 268 3 is_stmt 1 view .LVU61
 242 00a8 2B68     		ldr	r3, [r5]
 243 00aa 23F41023 		bic	r3, r3, #589824
 244 00ae 2B60     		str	r3, [r5]
 271:Drivers/STM32F1xx_HAL_Driver/Src/stm32f1xx_hal_rcc.c ****   {
 245              		.loc 1 271 3 view .LVU62
 246              	.LVL20:
 247              	.L15:
 271:Drivers/STM32F1xx_HAL_Driver/Src/stm32f1xx_hal_rcc.c ****   {
 248              		.loc 1 271 43 discriminator 1 view .LVU63
 271:Drivers/STM32F1xx_HAL_Driver/Src/stm32f1xx_hal_rcc.c ****   {
 249              		.loc 1 271 10 is_stmt 0 discriminator 1 view .LVU64
 250 00b0 0B4B     		ldr	r3, .L24
 251 00b2 1B68     		ldr	r3, [r3]
 271:Drivers/STM32F1xx_HAL_Driver/Src/stm32f1xx_hal_rcc.c ****   {
 252              		.loc 1 271 43 discriminator 1 view .LVU65
 253 00b4 13F4003F 		tst	r3, #131072
 254 00b8 05D0     		beq	.L23
 273:Drivers/STM32F1xx_HAL_Driver/Src/stm32f1xx_hal_rcc.c ****     {
 255              		.loc 1 273 5 is_stmt 1 view .LVU66
 273:Drivers/STM32F1xx_HAL_Driver/Src/stm32f1xx_hal_rcc.c ****     {
 256              		.loc 1 273 10 is_stmt 0 view .LVU67
 257 00ba FFF7FEFF 		bl	HAL_GetTick
 258              	.LVL21:
 273:Drivers/STM32F1xx_HAL_Driver/Src/stm32f1xx_hal_rcc.c ****     {
 259              		.loc 1 273 24 discriminator 1 view .LVU68
 260 00be 801B     		subs	r0, r0, r6
 273:Drivers/STM32F1xx_HAL_Driver/Src/stm32f1xx_hal_rcc.c ****     {
 261              		.loc 1 273 8 discriminator 1 view .LVU69
 262 00c0 6428     		cmp	r0, #100
 263 00c2 F5D9     		bls	.L15
 264 00c4 AFE7     		b	.L11
 265              	.L23:
 280:Drivers/STM32F1xx_HAL_Driver/Src/stm32f1xx_hal_rcc.c **** 
 266              		.loc 1 280 3 is_stmt 1 view .LVU70
 267 00c6 064B     		ldr	r3, .L24
 268 00c8 1A68     		ldr	r2, [r3]
 269 00ca 22F48022 		bic	r2, r2, #262144
 270 00ce 1A60     		str	r2, [r3]
 322:Drivers/STM32F1xx_HAL_Driver/Src/stm32f1xx_hal_rcc.c **** 
 271              		.loc 1 322 3 view .LVU71
 272 00d0 5A6A     		ldr	r2, [r3, #36]
 273 00d2 42F08072 		orr	r2, r2, #16777216
 274 00d6 5A62     		str	r2, [r3, #36]
 325:Drivers/STM32F1xx_HAL_Driver/Src/stm32f1xx_hal_rcc.c **** 
 275              		.loc 1 325 3 view .LVU72
 276 00d8 0022     		movs	r2, #0
 277 00da 9A60     		str	r2, [r3, #8]
 327:Drivers/STM32F1xx_HAL_Driver/Src/stm32f1xx_hal_rcc.c **** }
 278              		.loc 1 327 3 view .LVU73
 327:Drivers/STM32F1xx_HAL_Driver/Src/stm32f1xx_hal_rcc.c **** }
 279              		.loc 1 327 10 is_stmt 0 view .LVU74
ARM GAS  /tmp/ccpphuMd.s 			page 31


 280 00dc A4E7     		b	.L8
 281              	.L25:
 282 00de 00BF     		.align	2
 283              	.L24:
 284 00e0 00100240 		.word	1073876992
 285 00e4 00000000 		.word	SystemCoreClock
 286 00e8 00127A00 		.word	8000000
 287 00ec 00000000 		.word	uwTickPrio
 288              		.cfi_endproc
 289              	.LFE65:
 291              		.section	.text.HAL_RCC_OscConfig,"ax",%progbits
 292              		.align	1
 293              		.global	HAL_RCC_OscConfig
 294              		.syntax unified
 295              		.thumb
 296              		.thumb_func
 298              	HAL_RCC_OscConfig:
 299              	.LVL22:
 300              	.LFB66:
 346:Drivers/STM32F1xx_HAL_Driver/Src/stm32f1xx_hal_rcc.c ****   uint32_t tickstart;
 301              		.loc 1 346 1 is_stmt 1 view -0
 302              		.cfi_startproc
 303              		@ args = 0, pretend = 0, frame = 8
 304              		@ frame_needed = 0, uses_anonymous_args = 0
 347:Drivers/STM32F1xx_HAL_Driver/Src/stm32f1xx_hal_rcc.c ****   uint32_t pll_config;
 305              		.loc 1 347 3 view .LVU76
 348:Drivers/STM32F1xx_HAL_Driver/Src/stm32f1xx_hal_rcc.c **** 
 306              		.loc 1 348 3 view .LVU77
 351:Drivers/STM32F1xx_HAL_Driver/Src/stm32f1xx_hal_rcc.c ****   {
 307              		.loc 1 351 3 view .LVU78
 351:Drivers/STM32F1xx_HAL_Driver/Src/stm32f1xx_hal_rcc.c ****   {
 308              		.loc 1 351 6 is_stmt 0 view .LVU79
 309 0000 0028     		cmp	r0, #0
 310 0002 00F0EC81 		beq	.L88
 346:Drivers/STM32F1xx_HAL_Driver/Src/stm32f1xx_hal_rcc.c ****   uint32_t tickstart;
 311              		.loc 1 346 1 view .LVU80
 312 0006 70B5     		push	{r4, r5, r6, lr}
 313              	.LCFI3:
 314              		.cfi_def_cfa_offset 16
 315              		.cfi_offset 4, -16
 316              		.cfi_offset 5, -12
 317              		.cfi_offset 6, -8
 318              		.cfi_offset 14, -4
 319 0008 82B0     		sub	sp, sp, #8
 320              	.LCFI4:
 321              		.cfi_def_cfa_offset 24
 322 000a 0446     		mov	r4, r0
 357:Drivers/STM32F1xx_HAL_Driver/Src/stm32f1xx_hal_rcc.c **** 
 323              		.loc 1 357 3 is_stmt 1 view .LVU81
 360:Drivers/STM32F1xx_HAL_Driver/Src/stm32f1xx_hal_rcc.c ****   {
 324              		.loc 1 360 3 view .LVU82
 360:Drivers/STM32F1xx_HAL_Driver/Src/stm32f1xx_hal_rcc.c ****   {
 325              		.loc 1 360 26 is_stmt 0 view .LVU83
 326 000c 0368     		ldr	r3, [r0]
 360:Drivers/STM32F1xx_HAL_Driver/Src/stm32f1xx_hal_rcc.c ****   {
 327              		.loc 1 360 6 view .LVU84
 328 000e 13F0010F 		tst	r3, #1
ARM GAS  /tmp/ccpphuMd.s 			page 32


 329 0012 2DD0     		beq	.L29
 363:Drivers/STM32F1xx_HAL_Driver/Src/stm32f1xx_hal_rcc.c **** 
 330              		.loc 1 363 5 is_stmt 1 view .LVU85
 366:Drivers/STM32F1xx_HAL_Driver/Src/stm32f1xx_hal_rcc.c ****         || ((__HAL_RCC_GET_SYSCLK_SOURCE() == RCC_SYSCLKSOURCE_STATUS_PLLCLK) && (__HAL_RCC_GET_PLL
 331              		.loc 1 366 5 view .LVU86
 366:Drivers/STM32F1xx_HAL_Driver/Src/stm32f1xx_hal_rcc.c ****         || ((__HAL_RCC_GET_SYSCLK_SOURCE() == RCC_SYSCLKSOURCE_STATUS_PLLCLK) && (__HAL_RCC_GET_PLL
 332              		.loc 1 366 10 is_stmt 0 view .LVU87
 333 0014 984B     		ldr	r3, .L102
 334 0016 5B68     		ldr	r3, [r3, #4]
 335 0018 03F00C03 		and	r3, r3, #12
 366:Drivers/STM32F1xx_HAL_Driver/Src/stm32f1xx_hal_rcc.c ****         || ((__HAL_RCC_GET_SYSCLK_SOURCE() == RCC_SYSCLKSOURCE_STATUS_PLLCLK) && (__HAL_RCC_GET_PLL
 336              		.loc 1 366 8 view .LVU88
 337 001c 042B     		cmp	r3, #4
 338 001e 1FD0     		beq	.L30
 367:Drivers/STM32F1xx_HAL_Driver/Src/stm32f1xx_hal_rcc.c ****     {
 339              		.loc 1 367 14 view .LVU89
 340 0020 954B     		ldr	r3, .L102
 341 0022 5B68     		ldr	r3, [r3, #4]
 342 0024 03F00C03 		and	r3, r3, #12
 367:Drivers/STM32F1xx_HAL_Driver/Src/stm32f1xx_hal_rcc.c ****     {
 343              		.loc 1 367 9 view .LVU90
 344 0028 082B     		cmp	r3, #8
 345 002a 14D0     		beq	.L89
 346              	.L31:
 377:Drivers/STM32F1xx_HAL_Driver/Src/stm32f1xx_hal_rcc.c **** 
 347              		.loc 1 377 7 is_stmt 1 view .LVU91
 377:Drivers/STM32F1xx_HAL_Driver/Src/stm32f1xx_hal_rcc.c **** 
 348              		.loc 1 377 7 view .LVU92
 349 002c 6368     		ldr	r3, [r4, #4]
 350 002e B3F5803F 		cmp	r3, #65536
 351 0032 41D0     		beq	.L90
 377:Drivers/STM32F1xx_HAL_Driver/Src/stm32f1xx_hal_rcc.c **** 
 352              		.loc 1 377 7 discriminator 2 view .LVU93
 353 0034 002B     		cmp	r3, #0
 354 0036 54D1     		bne	.L35
 377:Drivers/STM32F1xx_HAL_Driver/Src/stm32f1xx_hal_rcc.c **** 
 355              		.loc 1 377 7 discriminator 3 view .LVU94
 356 0038 03F18043 		add	r3, r3, #1073741824
 357 003c 03F50433 		add	r3, r3, #135168
 358 0040 1A68     		ldr	r2, [r3]
 359 0042 22F48032 		bic	r2, r2, #65536
 360 0046 1A60     		str	r2, [r3]
 377:Drivers/STM32F1xx_HAL_Driver/Src/stm32f1xx_hal_rcc.c **** 
 361              		.loc 1 377 7 discriminator 3 view .LVU95
 362 0048 1A68     		ldr	r2, [r3]
 363 004a 22F48022 		bic	r2, r2, #262144
 364 004e 1A60     		str	r2, [r3]
 365 0050 37E0     		b	.L34
 366              	.LVL23:
 367              	.L32:
 353:Drivers/STM32F1xx_HAL_Driver/Src/stm32f1xx_hal_rcc.c ****   }
 368              		.loc 1 353 12 is_stmt 0 view .LVU96
 369 0052 0120     		movs	r0, #1
 370 0054 9BE0     		b	.L28
 371              	.LVL24:
 372              	.L89:
 367:Drivers/STM32F1xx_HAL_Driver/Src/stm32f1xx_hal_rcc.c ****     {
ARM GAS  /tmp/ccpphuMd.s 			page 33


 373              		.loc 1 367 83 discriminator 1 view .LVU97
 374 0056 884B     		ldr	r3, .L102
 375 0058 5B68     		ldr	r3, [r3, #4]
 367:Drivers/STM32F1xx_HAL_Driver/Src/stm32f1xx_hal_rcc.c ****     {
 376              		.loc 1 367 79 discriminator 1 view .LVU98
 377 005a 13F4803F 		tst	r3, #65536
 378 005e E5D0     		beq	.L31
 379              	.L30:
 369:Drivers/STM32F1xx_HAL_Driver/Src/stm32f1xx_hal_rcc.c ****       {
 380              		.loc 1 369 7 is_stmt 1 view .LVU99
 369:Drivers/STM32F1xx_HAL_Driver/Src/stm32f1xx_hal_rcc.c ****       {
 381              		.loc 1 369 12 is_stmt 0 view .LVU100
 382 0060 854B     		ldr	r3, .L102
 383 0062 1B68     		ldr	r3, [r3]
 369:Drivers/STM32F1xx_HAL_Driver/Src/stm32f1xx_hal_rcc.c ****       {
 384              		.loc 1 369 10 view .LVU101
 385 0064 13F4003F 		tst	r3, #131072
 386 0068 02D0     		beq	.L29
 369:Drivers/STM32F1xx_HAL_Driver/Src/stm32f1xx_hal_rcc.c ****       {
 387              		.loc 1 369 79 discriminator 1 view .LVU102
 388 006a 6368     		ldr	r3, [r4, #4]
 369:Drivers/STM32F1xx_HAL_Driver/Src/stm32f1xx_hal_rcc.c ****       {
 389              		.loc 1 369 58 discriminator 1 view .LVU103
 390 006c 002B     		cmp	r3, #0
 391 006e F0D0     		beq	.L32
 392              	.LVL25:
 393              	.L29:
 412:Drivers/STM32F1xx_HAL_Driver/Src/stm32f1xx_hal_rcc.c ****   {
 394              		.loc 1 412 3 is_stmt 1 view .LVU104
 412:Drivers/STM32F1xx_HAL_Driver/Src/stm32f1xx_hal_rcc.c ****   {
 395              		.loc 1 412 26 is_stmt 0 view .LVU105
 396 0070 2368     		ldr	r3, [r4]
 412:Drivers/STM32F1xx_HAL_Driver/Src/stm32f1xx_hal_rcc.c ****   {
 397              		.loc 1 412 6 view .LVU106
 398 0072 13F0020F 		tst	r3, #2
 399 0076 71D0     		beq	.L43
 415:Drivers/STM32F1xx_HAL_Driver/Src/stm32f1xx_hal_rcc.c ****     assert_param(IS_RCC_CALIBRATION_VALUE(RCC_OscInitStruct->HSICalibrationValue));
 400              		.loc 1 415 5 is_stmt 1 view .LVU107
 416:Drivers/STM32F1xx_HAL_Driver/Src/stm32f1xx_hal_rcc.c **** 
 401              		.loc 1 416 5 view .LVU108
 419:Drivers/STM32F1xx_HAL_Driver/Src/stm32f1xx_hal_rcc.c ****         || ((__HAL_RCC_GET_SYSCLK_SOURCE() == RCC_SYSCLKSOURCE_STATUS_PLLCLK) && (__HAL_RCC_GET_PLL
 402              		.loc 1 419 5 view .LVU109
 419:Drivers/STM32F1xx_HAL_Driver/Src/stm32f1xx_hal_rcc.c ****         || ((__HAL_RCC_GET_SYSCLK_SOURCE() == RCC_SYSCLKSOURCE_STATUS_PLLCLK) && (__HAL_RCC_GET_PLL
 403              		.loc 1 419 10 is_stmt 0 view .LVU110
 404 0078 7F4B     		ldr	r3, .L102
 405 007a 5B68     		ldr	r3, [r3, #4]
 419:Drivers/STM32F1xx_HAL_Driver/Src/stm32f1xx_hal_rcc.c ****         || ((__HAL_RCC_GET_SYSCLK_SOURCE() == RCC_SYSCLKSOURCE_STATUS_PLLCLK) && (__HAL_RCC_GET_PLL
 406              		.loc 1 419 8 view .LVU111
 407 007c 13F00C0F 		tst	r3, #12
 408 0080 5CD0     		beq	.L44
 420:Drivers/STM32F1xx_HAL_Driver/Src/stm32f1xx_hal_rcc.c ****     {
 409              		.loc 1 420 14 view .LVU112
 410 0082 7D4B     		ldr	r3, .L102
 411 0084 5B68     		ldr	r3, [r3, #4]
 412 0086 03F00C03 		and	r3, r3, #12
 420:Drivers/STM32F1xx_HAL_Driver/Src/stm32f1xx_hal_rcc.c ****     {
 413              		.loc 1 420 9 view .LVU113
ARM GAS  /tmp/ccpphuMd.s 			page 34


 414 008a 082B     		cmp	r3, #8
 415 008c 51D0     		beq	.L91
 416              	.L45:
 437:Drivers/STM32F1xx_HAL_Driver/Src/stm32f1xx_hal_rcc.c ****       {
 417              		.loc 1 437 7 is_stmt 1 view .LVU114
 437:Drivers/STM32F1xx_HAL_Driver/Src/stm32f1xx_hal_rcc.c ****       {
 418              		.loc 1 437 28 is_stmt 0 view .LVU115
 419 008e 2369     		ldr	r3, [r4, #16]
 437:Drivers/STM32F1xx_HAL_Driver/Src/stm32f1xx_hal_rcc.c ****       {
 420              		.loc 1 437 10 view .LVU116
 421 0090 002B     		cmp	r3, #0
 422 0092 00F08780 		beq	.L47
 440:Drivers/STM32F1xx_HAL_Driver/Src/stm32f1xx_hal_rcc.c **** 
 423              		.loc 1 440 9 is_stmt 1 view .LVU117
 424 0096 794B     		ldr	r3, .L102+4
 425 0098 0122     		movs	r2, #1
 426 009a 1A60     		str	r2, [r3]
 443:Drivers/STM32F1xx_HAL_Driver/Src/stm32f1xx_hal_rcc.c **** 
 427              		.loc 1 443 9 view .LVU118
 443:Drivers/STM32F1xx_HAL_Driver/Src/stm32f1xx_hal_rcc.c **** 
 428              		.loc 1 443 21 is_stmt 0 view .LVU119
 429 009c FFF7FEFF 		bl	HAL_GetTick
 430              	.LVL26:
 431 00a0 0546     		mov	r5, r0
 432              	.LVL27:
 446:Drivers/STM32F1xx_HAL_Driver/Src/stm32f1xx_hal_rcc.c ****         {
 433              		.loc 1 446 9 is_stmt 1 view .LVU120
 434              	.L48:
 446:Drivers/STM32F1xx_HAL_Driver/Src/stm32f1xx_hal_rcc.c ****         {
 435              		.loc 1 446 52 discriminator 1 view .LVU121
 446:Drivers/STM32F1xx_HAL_Driver/Src/stm32f1xx_hal_rcc.c ****         {
 436              		.loc 1 446 16 is_stmt 0 discriminator 1 view .LVU122
 437 00a2 754B     		ldr	r3, .L102
 438 00a4 1B68     		ldr	r3, [r3]
 446:Drivers/STM32F1xx_HAL_Driver/Src/stm32f1xx_hal_rcc.c ****         {
 439              		.loc 1 446 52 discriminator 1 view .LVU123
 440 00a6 13F0020F 		tst	r3, #2
 441 00aa 72D1     		bne	.L92
 448:Drivers/STM32F1xx_HAL_Driver/Src/stm32f1xx_hal_rcc.c ****           {
 442              		.loc 1 448 11 is_stmt 1 view .LVU124
 448:Drivers/STM32F1xx_HAL_Driver/Src/stm32f1xx_hal_rcc.c ****           {
 443              		.loc 1 448 16 is_stmt 0 view .LVU125
 444 00ac FFF7FEFF 		bl	HAL_GetTick
 445              	.LVL28:
 448:Drivers/STM32F1xx_HAL_Driver/Src/stm32f1xx_hal_rcc.c ****           {
 446              		.loc 1 448 30 discriminator 1 view .LVU126
 447 00b0 401B     		subs	r0, r0, r5
 448:Drivers/STM32F1xx_HAL_Driver/Src/stm32f1xx_hal_rcc.c ****           {
 448              		.loc 1 448 14 discriminator 1 view .LVU127
 449 00b2 0228     		cmp	r0, #2
 450 00b4 F5D9     		bls	.L48
 451 00b6 69E0     		b	.L41
 452              	.LVL29:
 453              	.L90:
 377:Drivers/STM32F1xx_HAL_Driver/Src/stm32f1xx_hal_rcc.c **** 
 454              		.loc 1 377 7 is_stmt 1 discriminator 1 view .LVU128
 455 00b8 6F4A     		ldr	r2, .L102
ARM GAS  /tmp/ccpphuMd.s 			page 35


 456 00ba 1368     		ldr	r3, [r2]
 457 00bc 43F48033 		orr	r3, r3, #65536
 458 00c0 1360     		str	r3, [r2]
 459              	.L34:
 377:Drivers/STM32F1xx_HAL_Driver/Src/stm32f1xx_hal_rcc.c **** 
 460              		.loc 1 377 7 discriminator 7 view .LVU129
 381:Drivers/STM32F1xx_HAL_Driver/Src/stm32f1xx_hal_rcc.c ****       {
 461              		.loc 1 381 7 view .LVU130
 381:Drivers/STM32F1xx_HAL_Driver/Src/stm32f1xx_hal_rcc.c ****       {
 462              		.loc 1 381 28 is_stmt 0 view .LVU131
 463 00c2 6368     		ldr	r3, [r4, #4]
 381:Drivers/STM32F1xx_HAL_Driver/Src/stm32f1xx_hal_rcc.c ****       {
 464              		.loc 1 381 10 view .LVU132
 465 00c4 3BB3     		cbz	r3, .L37
 384:Drivers/STM32F1xx_HAL_Driver/Src/stm32f1xx_hal_rcc.c **** 
 466              		.loc 1 384 9 is_stmt 1 view .LVU133
 384:Drivers/STM32F1xx_HAL_Driver/Src/stm32f1xx_hal_rcc.c **** 
 467              		.loc 1 384 21 is_stmt 0 view .LVU134
 468 00c6 FFF7FEFF 		bl	HAL_GetTick
 469              	.LVL30:
 384:Drivers/STM32F1xx_HAL_Driver/Src/stm32f1xx_hal_rcc.c **** 
 470              		.loc 1 384 21 view .LVU135
 471 00ca 0546     		mov	r5, r0
 472              	.LVL31:
 387:Drivers/STM32F1xx_HAL_Driver/Src/stm32f1xx_hal_rcc.c ****         {
 473              		.loc 1 387 9 is_stmt 1 view .LVU136
 474              	.L38:
 387:Drivers/STM32F1xx_HAL_Driver/Src/stm32f1xx_hal_rcc.c ****         {
 475              		.loc 1 387 52 discriminator 1 view .LVU137
 387:Drivers/STM32F1xx_HAL_Driver/Src/stm32f1xx_hal_rcc.c ****         {
 476              		.loc 1 387 16 is_stmt 0 discriminator 1 view .LVU138
 477 00cc 6A4B     		ldr	r3, .L102
 478 00ce 1B68     		ldr	r3, [r3]
 387:Drivers/STM32F1xx_HAL_Driver/Src/stm32f1xx_hal_rcc.c ****         {
 479              		.loc 1 387 52 discriminator 1 view .LVU139
 480 00d0 13F4003F 		tst	r3, #131072
 481 00d4 CCD1     		bne	.L29
 389:Drivers/STM32F1xx_HAL_Driver/Src/stm32f1xx_hal_rcc.c ****           {
 482              		.loc 1 389 11 is_stmt 1 view .LVU140
 389:Drivers/STM32F1xx_HAL_Driver/Src/stm32f1xx_hal_rcc.c ****           {
 483              		.loc 1 389 16 is_stmt 0 view .LVU141
 484 00d6 FFF7FEFF 		bl	HAL_GetTick
 485              	.LVL32:
 389:Drivers/STM32F1xx_HAL_Driver/Src/stm32f1xx_hal_rcc.c ****           {
 486              		.loc 1 389 30 discriminator 1 view .LVU142
 487 00da 401B     		subs	r0, r0, r5
 389:Drivers/STM32F1xx_HAL_Driver/Src/stm32f1xx_hal_rcc.c ****           {
 488              		.loc 1 389 14 discriminator 1 view .LVU143
 489 00dc 6428     		cmp	r0, #100
 490 00de F5D9     		bls	.L38
 491 00e0 54E0     		b	.L41
 492              	.LVL33:
 493              	.L35:
 377:Drivers/STM32F1xx_HAL_Driver/Src/stm32f1xx_hal_rcc.c **** 
 494              		.loc 1 377 7 is_stmt 1 discriminator 4 view .LVU144
 495 00e2 B3F5A02F 		cmp	r3, #327680
 496 00e6 09D0     		beq	.L93
ARM GAS  /tmp/ccpphuMd.s 			page 36


 377:Drivers/STM32F1xx_HAL_Driver/Src/stm32f1xx_hal_rcc.c **** 
 497              		.loc 1 377 7 discriminator 6 view .LVU145
 498 00e8 634B     		ldr	r3, .L102
 499 00ea 1A68     		ldr	r2, [r3]
 500 00ec 22F48032 		bic	r2, r2, #65536
 501 00f0 1A60     		str	r2, [r3]
 377:Drivers/STM32F1xx_HAL_Driver/Src/stm32f1xx_hal_rcc.c **** 
 502              		.loc 1 377 7 discriminator 6 view .LVU146
 503 00f2 1A68     		ldr	r2, [r3]
 504 00f4 22F48022 		bic	r2, r2, #262144
 505 00f8 1A60     		str	r2, [r3]
 506 00fa E2E7     		b	.L34
 507              	.L93:
 377:Drivers/STM32F1xx_HAL_Driver/Src/stm32f1xx_hal_rcc.c **** 
 508              		.loc 1 377 7 discriminator 5 view .LVU147
 509 00fc 03F18043 		add	r3, r3, #1073741824
 510 0100 A3F53C33 		sub	r3, r3, #192512
 511 0104 1A68     		ldr	r2, [r3]
 512 0106 42F48022 		orr	r2, r2, #262144
 513 010a 1A60     		str	r2, [r3]
 377:Drivers/STM32F1xx_HAL_Driver/Src/stm32f1xx_hal_rcc.c **** 
 514              		.loc 1 377 7 discriminator 5 view .LVU148
 515 010c 1A68     		ldr	r2, [r3]
 516 010e 42F48032 		orr	r2, r2, #65536
 517 0112 1A60     		str	r2, [r3]
 518 0114 D5E7     		b	.L34
 519              	.L37:
 398:Drivers/STM32F1xx_HAL_Driver/Src/stm32f1xx_hal_rcc.c **** 
 520              		.loc 1 398 9 view .LVU149
 398:Drivers/STM32F1xx_HAL_Driver/Src/stm32f1xx_hal_rcc.c **** 
 521              		.loc 1 398 21 is_stmt 0 view .LVU150
 522 0116 FFF7FEFF 		bl	HAL_GetTick
 523              	.LVL34:
 398:Drivers/STM32F1xx_HAL_Driver/Src/stm32f1xx_hal_rcc.c **** 
 524              		.loc 1 398 21 view .LVU151
 525 011a 0546     		mov	r5, r0
 526              	.LVL35:
 401:Drivers/STM32F1xx_HAL_Driver/Src/stm32f1xx_hal_rcc.c ****         {
 527              		.loc 1 401 9 is_stmt 1 view .LVU152
 528              	.L40:
 401:Drivers/STM32F1xx_HAL_Driver/Src/stm32f1xx_hal_rcc.c ****         {
 529              		.loc 1 401 52 discriminator 1 view .LVU153
 401:Drivers/STM32F1xx_HAL_Driver/Src/stm32f1xx_hal_rcc.c ****         {
 530              		.loc 1 401 16 is_stmt 0 discriminator 1 view .LVU154
 531 011c 564B     		ldr	r3, .L102
 532 011e 1B68     		ldr	r3, [r3]
 401:Drivers/STM32F1xx_HAL_Driver/Src/stm32f1xx_hal_rcc.c ****         {
 533              		.loc 1 401 52 discriminator 1 view .LVU155
 534 0120 13F4003F 		tst	r3, #131072
 535 0124 A4D0     		beq	.L29
 403:Drivers/STM32F1xx_HAL_Driver/Src/stm32f1xx_hal_rcc.c ****           {
 536              		.loc 1 403 11 is_stmt 1 view .LVU156
 403:Drivers/STM32F1xx_HAL_Driver/Src/stm32f1xx_hal_rcc.c ****           {
 537              		.loc 1 403 16 is_stmt 0 view .LVU157
 538 0126 FFF7FEFF 		bl	HAL_GetTick
 539              	.LVL36:
 403:Drivers/STM32F1xx_HAL_Driver/Src/stm32f1xx_hal_rcc.c ****           {
ARM GAS  /tmp/ccpphuMd.s 			page 37


 540              		.loc 1 403 30 discriminator 1 view .LVU158
 541 012a 401B     		subs	r0, r0, r5
 403:Drivers/STM32F1xx_HAL_Driver/Src/stm32f1xx_hal_rcc.c ****           {
 542              		.loc 1 403 14 discriminator 1 view .LVU159
 543 012c 6428     		cmp	r0, #100
 544 012e F5D9     		bls	.L40
 545 0130 2CE0     		b	.L41
 546              	.LVL37:
 547              	.L91:
 420:Drivers/STM32F1xx_HAL_Driver/Src/stm32f1xx_hal_rcc.c ****     {
 548              		.loc 1 420 83 discriminator 1 view .LVU160
 549 0132 514B     		ldr	r3, .L102
 550 0134 5B68     		ldr	r3, [r3, #4]
 420:Drivers/STM32F1xx_HAL_Driver/Src/stm32f1xx_hal_rcc.c ****     {
 551              		.loc 1 420 79 discriminator 1 view .LVU161
 552 0136 13F4803F 		tst	r3, #65536
 553 013a A8D1     		bne	.L45
 554              	.L44:
 423:Drivers/STM32F1xx_HAL_Driver/Src/stm32f1xx_hal_rcc.c ****       {
 555              		.loc 1 423 7 is_stmt 1 view .LVU162
 423:Drivers/STM32F1xx_HAL_Driver/Src/stm32f1xx_hal_rcc.c ****       {
 556              		.loc 1 423 12 is_stmt 0 view .LVU163
 557 013c 4E4B     		ldr	r3, .L102
 558 013e 1B68     		ldr	r3, [r3]
 423:Drivers/STM32F1xx_HAL_Driver/Src/stm32f1xx_hal_rcc.c ****       {
 559              		.loc 1 423 10 view .LVU164
 560 0140 13F0020F 		tst	r3, #2
 561 0144 02D0     		beq	.L46
 423:Drivers/STM32F1xx_HAL_Driver/Src/stm32f1xx_hal_rcc.c ****       {
 562              		.loc 1 423 79 discriminator 1 view .LVU165
 563 0146 2369     		ldr	r3, [r4, #16]
 423:Drivers/STM32F1xx_HAL_Driver/Src/stm32f1xx_hal_rcc.c ****       {
 564              		.loc 1 423 58 discriminator 1 view .LVU166
 565 0148 012B     		cmp	r3, #1
 566 014a 82D1     		bne	.L32
 567              	.L46:
 431:Drivers/STM32F1xx_HAL_Driver/Src/stm32f1xx_hal_rcc.c ****       }
 568              		.loc 1 431 9 is_stmt 1 view .LVU167
 569 014c 4A4A     		ldr	r2, .L102
 570 014e 1368     		ldr	r3, [r2]
 571 0150 23F0F803 		bic	r3, r3, #248
 572 0154 6169     		ldr	r1, [r4, #20]
 573 0156 43EAC103 		orr	r3, r3, r1, lsl #3
 574 015a 1360     		str	r3, [r2]
 575              	.L43:
 477:Drivers/STM32F1xx_HAL_Driver/Src/stm32f1xx_hal_rcc.c ****   {
 576              		.loc 1 477 3 view .LVU168
 477:Drivers/STM32F1xx_HAL_Driver/Src/stm32f1xx_hal_rcc.c ****   {
 577              		.loc 1 477 26 is_stmt 0 view .LVU169
 578 015c 2368     		ldr	r3, [r4]
 477:Drivers/STM32F1xx_HAL_Driver/Src/stm32f1xx_hal_rcc.c ****   {
 579              		.loc 1 477 6 view .LVU170
 580 015e 13F0080F 		tst	r3, #8
 581 0162 33D0     		beq	.L52
 480:Drivers/STM32F1xx_HAL_Driver/Src/stm32f1xx_hal_rcc.c **** 
 582              		.loc 1 480 5 is_stmt 1 view .LVU171
 483:Drivers/STM32F1xx_HAL_Driver/Src/stm32f1xx_hal_rcc.c ****     {
ARM GAS  /tmp/ccpphuMd.s 			page 38


 583              		.loc 1 483 5 view .LVU172
 483:Drivers/STM32F1xx_HAL_Driver/Src/stm32f1xx_hal_rcc.c ****     {
 584              		.loc 1 483 26 is_stmt 0 view .LVU173
 585 0164 A369     		ldr	r3, [r4, #24]
 483:Drivers/STM32F1xx_HAL_Driver/Src/stm32f1xx_hal_rcc.c ****     {
 586              		.loc 1 483 8 view .LVU174
 587 0166 002B     		cmp	r3, #0
 588 0168 5DD0     		beq	.L53
 486:Drivers/STM32F1xx_HAL_Driver/Src/stm32f1xx_hal_rcc.c **** 
 589              		.loc 1 486 7 is_stmt 1 view .LVU175
 590 016a 444B     		ldr	r3, .L102+4
 591 016c 0122     		movs	r2, #1
 592 016e C3F88024 		str	r2, [r3, #1152]
 489:Drivers/STM32F1xx_HAL_Driver/Src/stm32f1xx_hal_rcc.c **** 
 593              		.loc 1 489 7 view .LVU176
 489:Drivers/STM32F1xx_HAL_Driver/Src/stm32f1xx_hal_rcc.c **** 
 594              		.loc 1 489 19 is_stmt 0 view .LVU177
 595 0172 FFF7FEFF 		bl	HAL_GetTick
 596              	.LVL38:
 597 0176 0546     		mov	r5, r0
 598              	.LVL39:
 492:Drivers/STM32F1xx_HAL_Driver/Src/stm32f1xx_hal_rcc.c ****       {
 599              		.loc 1 492 7 is_stmt 1 view .LVU178
 600              	.L54:
 492:Drivers/STM32F1xx_HAL_Driver/Src/stm32f1xx_hal_rcc.c ****       {
 601              		.loc 1 492 50 discriminator 1 view .LVU179
 492:Drivers/STM32F1xx_HAL_Driver/Src/stm32f1xx_hal_rcc.c ****       {
 602              		.loc 1 492 14 is_stmt 0 discriminator 1 view .LVU180
 603 0178 3F4B     		ldr	r3, .L102
 604 017a 5B6A     		ldr	r3, [r3, #36]
 492:Drivers/STM32F1xx_HAL_Driver/Src/stm32f1xx_hal_rcc.c ****       {
 605              		.loc 1 492 50 discriminator 1 view .LVU181
 606 017c 13F0020F 		tst	r3, #2
 607 0180 21D1     		bne	.L94
 494:Drivers/STM32F1xx_HAL_Driver/Src/stm32f1xx_hal_rcc.c ****         {
 608              		.loc 1 494 9 is_stmt 1 view .LVU182
 494:Drivers/STM32F1xx_HAL_Driver/Src/stm32f1xx_hal_rcc.c ****         {
 609              		.loc 1 494 14 is_stmt 0 view .LVU183
 610 0182 FFF7FEFF 		bl	HAL_GetTick
 611              	.LVL40:
 494:Drivers/STM32F1xx_HAL_Driver/Src/stm32f1xx_hal_rcc.c ****         {
 612              		.loc 1 494 28 discriminator 1 view .LVU184
 613 0186 401B     		subs	r0, r0, r5
 494:Drivers/STM32F1xx_HAL_Driver/Src/stm32f1xx_hal_rcc.c ****         {
 614              		.loc 1 494 12 discriminator 1 view .LVU185
 615 0188 0228     		cmp	r0, #2
 616 018a F5D9     		bls	.L54
 617              	.LVL41:
 618              	.L41:
 391:Drivers/STM32F1xx_HAL_Driver/Src/stm32f1xx_hal_rcc.c ****           }
 619              		.loc 1 391 20 view .LVU186
 620 018c 0320     		movs	r0, #3
 621              	.L28:
 786:Drivers/STM32F1xx_HAL_Driver/Src/stm32f1xx_hal_rcc.c **** 
 622              		.loc 1 786 1 view .LVU187
 623 018e 02B0     		add	sp, sp, #8
 624              	.LCFI5:
ARM GAS  /tmp/ccpphuMd.s 			page 39


 625              		.cfi_remember_state
 626              		.cfi_def_cfa_offset 16
 627              		@ sp needed
 628 0190 70BD     		pop	{r4, r5, r6, pc}
 629              	.LVL42:
 630              	.L92:
 631              	.LCFI6:
 632              		.cfi_restore_state
 455:Drivers/STM32F1xx_HAL_Driver/Src/stm32f1xx_hal_rcc.c ****       }
 633              		.loc 1 455 9 is_stmt 1 view .LVU188
 634 0192 394A     		ldr	r2, .L102
 635 0194 1368     		ldr	r3, [r2]
 636 0196 23F0F803 		bic	r3, r3, #248
 637 019a 6169     		ldr	r1, [r4, #20]
 638 019c 43EAC103 		orr	r3, r3, r1, lsl #3
 639 01a0 1360     		str	r3, [r2]
 640 01a2 DBE7     		b	.L43
 641              	.LVL43:
 642              	.L47:
 460:Drivers/STM32F1xx_HAL_Driver/Src/stm32f1xx_hal_rcc.c **** 
 643              		.loc 1 460 9 view .LVU189
 644 01a4 354B     		ldr	r3, .L102+4
 645 01a6 0022     		movs	r2, #0
 646 01a8 1A60     		str	r2, [r3]
 463:Drivers/STM32F1xx_HAL_Driver/Src/stm32f1xx_hal_rcc.c **** 
 647              		.loc 1 463 9 view .LVU190
 463:Drivers/STM32F1xx_HAL_Driver/Src/stm32f1xx_hal_rcc.c **** 
 648              		.loc 1 463 21 is_stmt 0 view .LVU191
 649 01aa FFF7FEFF 		bl	HAL_GetTick
 650              	.LVL44:
 651 01ae 0546     		mov	r5, r0
 652              	.LVL45:
 466:Drivers/STM32F1xx_HAL_Driver/Src/stm32f1xx_hal_rcc.c ****         {
 653              		.loc 1 466 9 is_stmt 1 view .LVU192
 654              	.L50:
 466:Drivers/STM32F1xx_HAL_Driver/Src/stm32f1xx_hal_rcc.c ****         {
 655              		.loc 1 466 52 discriminator 1 view .LVU193
 466:Drivers/STM32F1xx_HAL_Driver/Src/stm32f1xx_hal_rcc.c ****         {
 656              		.loc 1 466 16 is_stmt 0 discriminator 1 view .LVU194
 657 01b0 314B     		ldr	r3, .L102
 658 01b2 1B68     		ldr	r3, [r3]
 466:Drivers/STM32F1xx_HAL_Driver/Src/stm32f1xx_hal_rcc.c ****         {
 659              		.loc 1 466 52 discriminator 1 view .LVU195
 660 01b4 13F0020F 		tst	r3, #2
 661 01b8 D0D0     		beq	.L43
 468:Drivers/STM32F1xx_HAL_Driver/Src/stm32f1xx_hal_rcc.c ****           {
 662              		.loc 1 468 11 is_stmt 1 view .LVU196
 468:Drivers/STM32F1xx_HAL_Driver/Src/stm32f1xx_hal_rcc.c ****           {
 663              		.loc 1 468 16 is_stmt 0 view .LVU197
 664 01ba FFF7FEFF 		bl	HAL_GetTick
 665              	.LVL46:
 468:Drivers/STM32F1xx_HAL_Driver/Src/stm32f1xx_hal_rcc.c ****           {
 666              		.loc 1 468 30 discriminator 1 view .LVU198
 667 01be 401B     		subs	r0, r0, r5
 468:Drivers/STM32F1xx_HAL_Driver/Src/stm32f1xx_hal_rcc.c ****           {
 668              		.loc 1 468 14 discriminator 1 view .LVU199
 669 01c0 0228     		cmp	r0, #2
ARM GAS  /tmp/ccpphuMd.s 			page 40


 670 01c2 F5D9     		bls	.L50
 671 01c4 E2E7     		b	.L41
 672              	.L94:
 501:Drivers/STM32F1xx_HAL_Driver/Src/stm32f1xx_hal_rcc.c ****     }
 673              		.loc 1 501 7 is_stmt 1 view .LVU200
 674 01c6 0120     		movs	r0, #1
 675 01c8 FFF7FEFF 		bl	RCC_Delay
 676              	.LVL47:
 677              	.L52:
 522:Drivers/STM32F1xx_HAL_Driver/Src/stm32f1xx_hal_rcc.c ****   {
 678              		.loc 1 522 3 view .LVU201
 522:Drivers/STM32F1xx_HAL_Driver/Src/stm32f1xx_hal_rcc.c ****   {
 679              		.loc 1 522 26 is_stmt 0 view .LVU202
 680 01cc 2368     		ldr	r3, [r4]
 522:Drivers/STM32F1xx_HAL_Driver/Src/stm32f1xx_hal_rcc.c ****   {
 681              		.loc 1 522 6 view .LVU203
 682 01ce 13F0040F 		tst	r3, #4
 683 01d2 00F09580 		beq	.L58
 684              	.LBB2:
 524:Drivers/STM32F1xx_HAL_Driver/Src/stm32f1xx_hal_rcc.c **** 
 685              		.loc 1 524 5 is_stmt 1 view .LVU204
 686              	.LVL48:
 527:Drivers/STM32F1xx_HAL_Driver/Src/stm32f1xx_hal_rcc.c **** 
 687              		.loc 1 527 5 view .LVU205
 531:Drivers/STM32F1xx_HAL_Driver/Src/stm32f1xx_hal_rcc.c ****     {
 688              		.loc 1 531 5 view .LVU206
 531:Drivers/STM32F1xx_HAL_Driver/Src/stm32f1xx_hal_rcc.c ****     {
 689              		.loc 1 531 9 is_stmt 0 view .LVU207
 690 01d6 284B     		ldr	r3, .L102
 691 01d8 DB69     		ldr	r3, [r3, #28]
 531:Drivers/STM32F1xx_HAL_Driver/Src/stm32f1xx_hal_rcc.c ****     {
 692              		.loc 1 531 8 view .LVU208
 693 01da 13F0805F 		tst	r3, #268435456
 694 01de 34D1     		bne	.L83
 533:Drivers/STM32F1xx_HAL_Driver/Src/stm32f1xx_hal_rcc.c ****       pwrclkchanged = SET;
 695              		.loc 1 533 7 is_stmt 1 view .LVU209
 696              	.LBB3:
 533:Drivers/STM32F1xx_HAL_Driver/Src/stm32f1xx_hal_rcc.c ****       pwrclkchanged = SET;
 697              		.loc 1 533 7 view .LVU210
 533:Drivers/STM32F1xx_HAL_Driver/Src/stm32f1xx_hal_rcc.c ****       pwrclkchanged = SET;
 698              		.loc 1 533 7 view .LVU211
 699 01e0 254B     		ldr	r3, .L102
 700 01e2 DA69     		ldr	r2, [r3, #28]
 701 01e4 42F08052 		orr	r2, r2, #268435456
 702 01e8 DA61     		str	r2, [r3, #28]
 533:Drivers/STM32F1xx_HAL_Driver/Src/stm32f1xx_hal_rcc.c ****       pwrclkchanged = SET;
 703              		.loc 1 533 7 view .LVU212
 704 01ea DB69     		ldr	r3, [r3, #28]
 705 01ec 03F08053 		and	r3, r3, #268435456
 706 01f0 0193     		str	r3, [sp, #4]
 533:Drivers/STM32F1xx_HAL_Driver/Src/stm32f1xx_hal_rcc.c ****       pwrclkchanged = SET;
 707              		.loc 1 533 7 view .LVU213
 708 01f2 019B     		ldr	r3, [sp, #4]
 709              	.LBE3:
 533:Drivers/STM32F1xx_HAL_Driver/Src/stm32f1xx_hal_rcc.c ****       pwrclkchanged = SET;
 710              		.loc 1 533 7 view .LVU214
 534:Drivers/STM32F1xx_HAL_Driver/Src/stm32f1xx_hal_rcc.c ****     }
ARM GAS  /tmp/ccpphuMd.s 			page 41


 711              		.loc 1 534 7 view .LVU215
 712              	.LVL49:
 534:Drivers/STM32F1xx_HAL_Driver/Src/stm32f1xx_hal_rcc.c ****     }
 713              		.loc 1 534 21 is_stmt 0 view .LVU216
 714 01f4 0123     		movs	r3, #1
 715 01f6 1E46     		mov	r6, r3
 716              	.LVL50:
 717              	.L59:
 537:Drivers/STM32F1xx_HAL_Driver/Src/stm32f1xx_hal_rcc.c ****     {
 718              		.loc 1 537 5 is_stmt 1 view .LVU217
 537:Drivers/STM32F1xx_HAL_Driver/Src/stm32f1xx_hal_rcc.c ****     {
 719              		.loc 1 537 9 is_stmt 0 view .LVU218
 720 01f8 214B     		ldr	r3, .L102+8
 721 01fa 1B68     		ldr	r3, [r3]
 537:Drivers/STM32F1xx_HAL_Driver/Src/stm32f1xx_hal_rcc.c ****     {
 722              		.loc 1 537 8 view .LVU219
 723 01fc 13F4807F 		tst	r3, #256
 724 0200 26D0     		beq	.L95
 725              	.L60:
 555:Drivers/STM32F1xx_HAL_Driver/Src/stm32f1xx_hal_rcc.c ****     /* Check the LSE State */
 726              		.loc 1 555 5 is_stmt 1 view .LVU220
 555:Drivers/STM32F1xx_HAL_Driver/Src/stm32f1xx_hal_rcc.c ****     /* Check the LSE State */
 727              		.loc 1 555 5 view .LVU221
 728 0202 E368     		ldr	r3, [r4, #12]
 729 0204 012B     		cmp	r3, #1
 730 0206 3DD0     		beq	.L96
 555:Drivers/STM32F1xx_HAL_Driver/Src/stm32f1xx_hal_rcc.c ****     /* Check the LSE State */
 731              		.loc 1 555 5 discriminator 2 view .LVU222
 732 0208 002B     		cmp	r3, #0
 733 020a 52D1     		bne	.L65
 555:Drivers/STM32F1xx_HAL_Driver/Src/stm32f1xx_hal_rcc.c ****     /* Check the LSE State */
 734              		.loc 1 555 5 discriminator 3 view .LVU223
 735 020c 03F18043 		add	r3, r3, #1073741824
 736 0210 03F50433 		add	r3, r3, #135168
 737 0214 1A6A     		ldr	r2, [r3, #32]
 738 0216 22F00102 		bic	r2, r2, #1
 739 021a 1A62     		str	r2, [r3, #32]
 555:Drivers/STM32F1xx_HAL_Driver/Src/stm32f1xx_hal_rcc.c ****     /* Check the LSE State */
 740              		.loc 1 555 5 discriminator 3 view .LVU224
 741 021c 1A6A     		ldr	r2, [r3, #32]
 742 021e 22F00402 		bic	r2, r2, #4
 743 0222 1A62     		str	r2, [r3, #32]
 744 0224 33E0     		b	.L64
 745              	.LVL51:
 746              	.L53:
 555:Drivers/STM32F1xx_HAL_Driver/Src/stm32f1xx_hal_rcc.c ****     /* Check the LSE State */
 747              		.loc 1 555 5 is_stmt 0 discriminator 3 view .LVU225
 748              	.LBE2:
 506:Drivers/STM32F1xx_HAL_Driver/Src/stm32f1xx_hal_rcc.c **** 
 749              		.loc 1 506 7 is_stmt 1 view .LVU226
 750 0226 154B     		ldr	r3, .L102+4
 751 0228 0022     		movs	r2, #0
 752 022a C3F88024 		str	r2, [r3, #1152]
 509:Drivers/STM32F1xx_HAL_Driver/Src/stm32f1xx_hal_rcc.c **** 
 753              		.loc 1 509 7 view .LVU227
 509:Drivers/STM32F1xx_HAL_Driver/Src/stm32f1xx_hal_rcc.c **** 
 754              		.loc 1 509 19 is_stmt 0 view .LVU228
ARM GAS  /tmp/ccpphuMd.s 			page 42


 755 022e FFF7FEFF 		bl	HAL_GetTick
 756              	.LVL52:
 757 0232 0546     		mov	r5, r0
 758              	.LVL53:
 512:Drivers/STM32F1xx_HAL_Driver/Src/stm32f1xx_hal_rcc.c ****       {
 759              		.loc 1 512 7 is_stmt 1 view .LVU229
 760              	.L56:
 512:Drivers/STM32F1xx_HAL_Driver/Src/stm32f1xx_hal_rcc.c ****       {
 761              		.loc 1 512 50 discriminator 1 view .LVU230
 512:Drivers/STM32F1xx_HAL_Driver/Src/stm32f1xx_hal_rcc.c ****       {
 762              		.loc 1 512 14 is_stmt 0 discriminator 1 view .LVU231
 763 0234 104B     		ldr	r3, .L102
 764 0236 5B6A     		ldr	r3, [r3, #36]
 512:Drivers/STM32F1xx_HAL_Driver/Src/stm32f1xx_hal_rcc.c ****       {
 765              		.loc 1 512 50 discriminator 1 view .LVU232
 766 0238 13F0020F 		tst	r3, #2
 767 023c C6D0     		beq	.L52
 514:Drivers/STM32F1xx_HAL_Driver/Src/stm32f1xx_hal_rcc.c ****         {
 768              		.loc 1 514 9 is_stmt 1 view .LVU233
 514:Drivers/STM32F1xx_HAL_Driver/Src/stm32f1xx_hal_rcc.c ****         {
 769              		.loc 1 514 14 is_stmt 0 view .LVU234
 770 023e FFF7FEFF 		bl	HAL_GetTick
 771              	.LVL54:
 514:Drivers/STM32F1xx_HAL_Driver/Src/stm32f1xx_hal_rcc.c ****         {
 772              		.loc 1 514 28 discriminator 1 view .LVU235
 773 0242 401B     		subs	r0, r0, r5
 514:Drivers/STM32F1xx_HAL_Driver/Src/stm32f1xx_hal_rcc.c ****         {
 774              		.loc 1 514 12 discriminator 1 view .LVU236
 775 0244 0228     		cmp	r0, #2
 776 0246 F5D9     		bls	.L56
 777 0248 A0E7     		b	.L41
 778              	.LVL55:
 779              	.L83:
 780              	.LBB4:
 524:Drivers/STM32F1xx_HAL_Driver/Src/stm32f1xx_hal_rcc.c **** 
 781              		.loc 1 524 22 view .LVU237
 782 024a 0023     		movs	r3, #0
 783 024c 1E46     		mov	r6, r3
 784 024e D3E7     		b	.L59
 785              	.LVL56:
 786              	.L95:
 540:Drivers/STM32F1xx_HAL_Driver/Src/stm32f1xx_hal_rcc.c **** 
 787              		.loc 1 540 7 is_stmt 1 view .LVU238
 788 0250 0B4A     		ldr	r2, .L102+8
 789 0252 1368     		ldr	r3, [r2]
 790 0254 43F48073 		orr	r3, r3, #256
 791 0258 1360     		str	r3, [r2]
 543:Drivers/STM32F1xx_HAL_Driver/Src/stm32f1xx_hal_rcc.c **** 
 792              		.loc 1 543 7 view .LVU239
 543:Drivers/STM32F1xx_HAL_Driver/Src/stm32f1xx_hal_rcc.c **** 
 793              		.loc 1 543 19 is_stmt 0 view .LVU240
 794 025a FFF7FEFF 		bl	HAL_GetTick
 795              	.LVL57:
 796 025e 0546     		mov	r5, r0
 797              	.LVL58:
 545:Drivers/STM32F1xx_HAL_Driver/Src/stm32f1xx_hal_rcc.c ****       {
 798              		.loc 1 545 7 is_stmt 1 view .LVU241
ARM GAS  /tmp/ccpphuMd.s 			page 43


 799              	.L61:
 545:Drivers/STM32F1xx_HAL_Driver/Src/stm32f1xx_hal_rcc.c ****       {
 800              		.loc 1 545 14 discriminator 1 view .LVU242
 801 0260 074B     		ldr	r3, .L102+8
 802 0262 1B68     		ldr	r3, [r3]
 803 0264 13F4807F 		tst	r3, #256
 804 0268 CBD1     		bne	.L60
 547:Drivers/STM32F1xx_HAL_Driver/Src/stm32f1xx_hal_rcc.c ****         {
 805              		.loc 1 547 9 view .LVU243
 547:Drivers/STM32F1xx_HAL_Driver/Src/stm32f1xx_hal_rcc.c ****         {
 806              		.loc 1 547 14 is_stmt 0 view .LVU244
 807 026a FFF7FEFF 		bl	HAL_GetTick
 808              	.LVL59:
 547:Drivers/STM32F1xx_HAL_Driver/Src/stm32f1xx_hal_rcc.c ****         {
 809              		.loc 1 547 28 discriminator 1 view .LVU245
 810 026e 401B     		subs	r0, r0, r5
 547:Drivers/STM32F1xx_HAL_Driver/Src/stm32f1xx_hal_rcc.c ****         {
 811              		.loc 1 547 12 discriminator 1 view .LVU246
 812 0270 6428     		cmp	r0, #100
 813 0272 F5D9     		bls	.L61
 814 0274 8AE7     		b	.L41
 815              	.L103:
 816 0276 00BF     		.align	2
 817              	.L102:
 818 0278 00100240 		.word	1073876992
 819 027c 00004242 		.word	1111621632
 820 0280 00700040 		.word	1073770496
 821              	.LVL60:
 822              	.L96:
 555:Drivers/STM32F1xx_HAL_Driver/Src/stm32f1xx_hal_rcc.c ****     /* Check the LSE State */
 823              		.loc 1 555 5 is_stmt 1 discriminator 1 view .LVU247
 824 0284 574A     		ldr	r2, .L104
 825 0286 136A     		ldr	r3, [r2, #32]
 826 0288 43F00103 		orr	r3, r3, #1
 827 028c 1362     		str	r3, [r2, #32]
 828              	.L64:
 555:Drivers/STM32F1xx_HAL_Driver/Src/stm32f1xx_hal_rcc.c ****     /* Check the LSE State */
 829              		.loc 1 555 5 discriminator 7 view .LVU248
 557:Drivers/STM32F1xx_HAL_Driver/Src/stm32f1xx_hal_rcc.c ****     {
 830              		.loc 1 557 5 view .LVU249
 557:Drivers/STM32F1xx_HAL_Driver/Src/stm32f1xx_hal_rcc.c ****     {
 831              		.loc 1 557 26 is_stmt 0 view .LVU250
 832 028e E368     		ldr	r3, [r4, #12]
 557:Drivers/STM32F1xx_HAL_Driver/Src/stm32f1xx_hal_rcc.c ****     {
 833              		.loc 1 557 8 view .LVU251
 834 0290 2BB3     		cbz	r3, .L67
 560:Drivers/STM32F1xx_HAL_Driver/Src/stm32f1xx_hal_rcc.c **** 
 835              		.loc 1 560 7 is_stmt 1 view .LVU252
 560:Drivers/STM32F1xx_HAL_Driver/Src/stm32f1xx_hal_rcc.c **** 
 836              		.loc 1 560 19 is_stmt 0 view .LVU253
 837 0292 FFF7FEFF 		bl	HAL_GetTick
 838              	.LVL61:
 839 0296 0546     		mov	r5, r0
 840              	.LVL62:
 563:Drivers/STM32F1xx_HAL_Driver/Src/stm32f1xx_hal_rcc.c ****       {
 841              		.loc 1 563 7 is_stmt 1 view .LVU254
 842              	.L68:
ARM GAS  /tmp/ccpphuMd.s 			page 44


 563:Drivers/STM32F1xx_HAL_Driver/Src/stm32f1xx_hal_rcc.c ****       {
 843              		.loc 1 563 50 discriminator 1 view .LVU255
 563:Drivers/STM32F1xx_HAL_Driver/Src/stm32f1xx_hal_rcc.c ****       {
 844              		.loc 1 563 14 is_stmt 0 discriminator 1 view .LVU256
 845 0298 524B     		ldr	r3, .L104
 846 029a 1B6A     		ldr	r3, [r3, #32]
 563:Drivers/STM32F1xx_HAL_Driver/Src/stm32f1xx_hal_rcc.c ****       {
 847              		.loc 1 563 50 discriminator 1 view .LVU257
 848 029c 13F0020F 		tst	r3, #2
 849 02a0 2DD1     		bne	.L70
 565:Drivers/STM32F1xx_HAL_Driver/Src/stm32f1xx_hal_rcc.c ****         {
 850              		.loc 1 565 9 is_stmt 1 view .LVU258
 565:Drivers/STM32F1xx_HAL_Driver/Src/stm32f1xx_hal_rcc.c ****         {
 851              		.loc 1 565 14 is_stmt 0 view .LVU259
 852 02a2 FFF7FEFF 		bl	HAL_GetTick
 853              	.LVL63:
 565:Drivers/STM32F1xx_HAL_Driver/Src/stm32f1xx_hal_rcc.c ****         {
 854              		.loc 1 565 28 discriminator 1 view .LVU260
 855 02a6 401B     		subs	r0, r0, r5
 565:Drivers/STM32F1xx_HAL_Driver/Src/stm32f1xx_hal_rcc.c ****         {
 856              		.loc 1 565 12 discriminator 1 view .LVU261
 857 02a8 41F28833 		movw	r3, #5000
 858 02ac 9842     		cmp	r0, r3
 859 02ae F3D9     		bls	.L68
 860 02b0 6CE7     		b	.L41
 861              	.LVL64:
 862              	.L65:
 555:Drivers/STM32F1xx_HAL_Driver/Src/stm32f1xx_hal_rcc.c ****     /* Check the LSE State */
 863              		.loc 1 555 5 is_stmt 1 discriminator 4 view .LVU262
 864 02b2 052B     		cmp	r3, #5
 865 02b4 09D0     		beq	.L97
 555:Drivers/STM32F1xx_HAL_Driver/Src/stm32f1xx_hal_rcc.c ****     /* Check the LSE State */
 866              		.loc 1 555 5 discriminator 6 view .LVU263
 867 02b6 4B4B     		ldr	r3, .L104
 868 02b8 1A6A     		ldr	r2, [r3, #32]
 869 02ba 22F00102 		bic	r2, r2, #1
 870 02be 1A62     		str	r2, [r3, #32]
 555:Drivers/STM32F1xx_HAL_Driver/Src/stm32f1xx_hal_rcc.c ****     /* Check the LSE State */
 871              		.loc 1 555 5 discriminator 6 view .LVU264
 872 02c0 1A6A     		ldr	r2, [r3, #32]
 873 02c2 22F00402 		bic	r2, r2, #4
 874 02c6 1A62     		str	r2, [r3, #32]
 875 02c8 E1E7     		b	.L64
 876              	.L97:
 555:Drivers/STM32F1xx_HAL_Driver/Src/stm32f1xx_hal_rcc.c ****     /* Check the LSE State */
 877              		.loc 1 555 5 discriminator 5 view .LVU265
 878 02ca 464B     		ldr	r3, .L104
 879 02cc 1A6A     		ldr	r2, [r3, #32]
 880 02ce 42F00402 		orr	r2, r2, #4
 881 02d2 1A62     		str	r2, [r3, #32]
 555:Drivers/STM32F1xx_HAL_Driver/Src/stm32f1xx_hal_rcc.c ****     /* Check the LSE State */
 882              		.loc 1 555 5 discriminator 5 view .LVU266
 883 02d4 1A6A     		ldr	r2, [r3, #32]
 884 02d6 42F00102 		orr	r2, r2, #1
 885 02da 1A62     		str	r2, [r3, #32]
 886 02dc D7E7     		b	.L64
 887              	.L67:
ARM GAS  /tmp/ccpphuMd.s 			page 45


 574:Drivers/STM32F1xx_HAL_Driver/Src/stm32f1xx_hal_rcc.c **** 
 888              		.loc 1 574 7 view .LVU267
 574:Drivers/STM32F1xx_HAL_Driver/Src/stm32f1xx_hal_rcc.c **** 
 889              		.loc 1 574 19 is_stmt 0 view .LVU268
 890 02de FFF7FEFF 		bl	HAL_GetTick
 891              	.LVL65:
 892 02e2 0546     		mov	r5, r0
 893              	.LVL66:
 577:Drivers/STM32F1xx_HAL_Driver/Src/stm32f1xx_hal_rcc.c ****       {
 894              		.loc 1 577 7 is_stmt 1 view .LVU269
 895              	.L71:
 577:Drivers/STM32F1xx_HAL_Driver/Src/stm32f1xx_hal_rcc.c ****       {
 896              		.loc 1 577 50 discriminator 1 view .LVU270
 577:Drivers/STM32F1xx_HAL_Driver/Src/stm32f1xx_hal_rcc.c ****       {
 897              		.loc 1 577 14 is_stmt 0 discriminator 1 view .LVU271
 898 02e4 3F4B     		ldr	r3, .L104
 899 02e6 1B6A     		ldr	r3, [r3, #32]
 577:Drivers/STM32F1xx_HAL_Driver/Src/stm32f1xx_hal_rcc.c ****       {
 900              		.loc 1 577 50 discriminator 1 view .LVU272
 901 02e8 13F0020F 		tst	r3, #2
 902 02ec 07D0     		beq	.L70
 579:Drivers/STM32F1xx_HAL_Driver/Src/stm32f1xx_hal_rcc.c ****         {
 903              		.loc 1 579 9 is_stmt 1 view .LVU273
 579:Drivers/STM32F1xx_HAL_Driver/Src/stm32f1xx_hal_rcc.c ****         {
 904              		.loc 1 579 14 is_stmt 0 view .LVU274
 905 02ee FFF7FEFF 		bl	HAL_GetTick
 906              	.LVL67:
 579:Drivers/STM32F1xx_HAL_Driver/Src/stm32f1xx_hal_rcc.c ****         {
 907              		.loc 1 579 28 discriminator 1 view .LVU275
 908 02f2 401B     		subs	r0, r0, r5
 579:Drivers/STM32F1xx_HAL_Driver/Src/stm32f1xx_hal_rcc.c ****         {
 909              		.loc 1 579 12 discriminator 1 view .LVU276
 910 02f4 41F28833 		movw	r3, #5000
 911 02f8 9842     		cmp	r0, r3
 912 02fa F3D9     		bls	.L71
 913 02fc 46E7     		b	.L41
 914              	.L70:
 587:Drivers/STM32F1xx_HAL_Driver/Src/stm32f1xx_hal_rcc.c ****     {
 915              		.loc 1 587 5 is_stmt 1 view .LVU277
 587:Drivers/STM32F1xx_HAL_Driver/Src/stm32f1xx_hal_rcc.c ****     {
 916              		.loc 1 587 8 is_stmt 0 view .LVU278
 917 02fe DEB9     		cbnz	r6, .L98
 918              	.LVL68:
 919              	.L58:
 587:Drivers/STM32F1xx_HAL_Driver/Src/stm32f1xx_hal_rcc.c ****     {
 920              		.loc 1 587 8 view .LVU279
 921              	.LBE4:
 685:Drivers/STM32F1xx_HAL_Driver/Src/stm32f1xx_hal_rcc.c ****   if ((RCC_OscInitStruct->PLL.PLLState) != RCC_PLL_NONE)
 922              		.loc 1 685 3 is_stmt 1 view .LVU280
 686:Drivers/STM32F1xx_HAL_Driver/Src/stm32f1xx_hal_rcc.c ****   {
 923              		.loc 1 686 3 view .LVU281
 686:Drivers/STM32F1xx_HAL_Driver/Src/stm32f1xx_hal_rcc.c ****   {
 924              		.loc 1 686 30 is_stmt 0 view .LVU282
 925 0300 E369     		ldr	r3, [r4, #28]
 686:Drivers/STM32F1xx_HAL_Driver/Src/stm32f1xx_hal_rcc.c ****   {
 926              		.loc 1 686 6 view .LVU283
 927 0302 002B     		cmp	r3, #0
ARM GAS  /tmp/ccpphuMd.s 			page 46


 928 0304 55D0     		beq	.L73
 689:Drivers/STM32F1xx_HAL_Driver/Src/stm32f1xx_hal_rcc.c ****     {
 929              		.loc 1 689 5 is_stmt 1 view .LVU284
 689:Drivers/STM32F1xx_HAL_Driver/Src/stm32f1xx_hal_rcc.c ****     {
 930              		.loc 1 689 9 is_stmt 0 view .LVU285
 931 0306 374A     		ldr	r2, .L104
 932 0308 5268     		ldr	r2, [r2, #4]
 933 030a 02F00C02 		and	r2, r2, #12
 689:Drivers/STM32F1xx_HAL_Driver/Src/stm32f1xx_hal_rcc.c ****     {
 934              		.loc 1 689 8 view .LVU286
 935 030e 082A     		cmp	r2, #8
 936 0310 51D0     		beq	.L74
 691:Drivers/STM32F1xx_HAL_Driver/Src/stm32f1xx_hal_rcc.c ****       {
 937              		.loc 1 691 7 is_stmt 1 view .LVU287
 691:Drivers/STM32F1xx_HAL_Driver/Src/stm32f1xx_hal_rcc.c ****       {
 938              		.loc 1 691 10 is_stmt 0 view .LVU288
 939 0312 022B     		cmp	r3, #2
 940 0314 16D0     		beq	.L99
 750:Drivers/STM32F1xx_HAL_Driver/Src/stm32f1xx_hal_rcc.c **** 
 941              		.loc 1 750 9 is_stmt 1 view .LVU289
 942 0316 344B     		ldr	r3, .L104+4
 943 0318 0022     		movs	r2, #0
 944 031a 1A66     		str	r2, [r3, #96]
 753:Drivers/STM32F1xx_HAL_Driver/Src/stm32f1xx_hal_rcc.c **** 
 945              		.loc 1 753 9 view .LVU290
 753:Drivers/STM32F1xx_HAL_Driver/Src/stm32f1xx_hal_rcc.c **** 
 946              		.loc 1 753 21 is_stmt 0 view .LVU291
 947 031c FFF7FEFF 		bl	HAL_GetTick
 948              	.LVL69:
 949 0320 0446     		mov	r4, r0
 950              	.LVL70:
 756:Drivers/STM32F1xx_HAL_Driver/Src/stm32f1xx_hal_rcc.c ****         {
 951              		.loc 1 756 9 is_stmt 1 view .LVU292
 952              	.L81:
 756:Drivers/STM32F1xx_HAL_Driver/Src/stm32f1xx_hal_rcc.c ****         {
 953              		.loc 1 756 53 discriminator 1 view .LVU293
 756:Drivers/STM32F1xx_HAL_Driver/Src/stm32f1xx_hal_rcc.c ****         {
 954              		.loc 1 756 16 is_stmt 0 discriminator 1 view .LVU294
 955 0322 304B     		ldr	r3, .L104
 956 0324 1B68     		ldr	r3, [r3]
 756:Drivers/STM32F1xx_HAL_Driver/Src/stm32f1xx_hal_rcc.c ****         {
 957              		.loc 1 756 53 discriminator 1 view .LVU295
 958 0326 13F0007F 		tst	r3, #33554432
 959 032a 42D0     		beq	.L73
 758:Drivers/STM32F1xx_HAL_Driver/Src/stm32f1xx_hal_rcc.c ****           {
 960              		.loc 1 758 11 is_stmt 1 view .LVU296
 758:Drivers/STM32F1xx_HAL_Driver/Src/stm32f1xx_hal_rcc.c ****           {
 961              		.loc 1 758 16 is_stmt 0 view .LVU297
 962 032c FFF7FEFF 		bl	HAL_GetTick
 963              	.LVL71:
 758:Drivers/STM32F1xx_HAL_Driver/Src/stm32f1xx_hal_rcc.c ****           {
 964              		.loc 1 758 30 discriminator 1 view .LVU298
 965 0330 001B     		subs	r0, r0, r4
 758:Drivers/STM32F1xx_HAL_Driver/Src/stm32f1xx_hal_rcc.c ****           {
 966              		.loc 1 758 14 discriminator 1 view .LVU299
 967 0332 0228     		cmp	r0, #2
 968 0334 F5D9     		bls	.L81
ARM GAS  /tmp/ccpphuMd.s 			page 47


 969 0336 29E7     		b	.L41
 970              	.LVL72:
 971              	.L98:
 972              	.LBB5:
 589:Drivers/STM32F1xx_HAL_Driver/Src/stm32f1xx_hal_rcc.c ****     }
 973              		.loc 1 589 7 is_stmt 1 view .LVU300
 974 0338 2A4A     		ldr	r2, .L104
 975 033a D369     		ldr	r3, [r2, #28]
 976 033c 23F08053 		bic	r3, r3, #268435456
 977 0340 D361     		str	r3, [r2, #28]
 978 0342 DDE7     		b	.L58
 979              	.LVL73:
 980              	.L99:
 589:Drivers/STM32F1xx_HAL_Driver/Src/stm32f1xx_hal_rcc.c ****     }
 981              		.loc 1 589 7 is_stmt 0 view .LVU301
 982              	.LBE5:
 694:Drivers/STM32F1xx_HAL_Driver/Src/stm32f1xx_hal_rcc.c ****         assert_param(IS_RCC_PLL_MUL(RCC_OscInitStruct->PLL.PLLMUL));
 983              		.loc 1 694 9 is_stmt 1 view .LVU302
 695:Drivers/STM32F1xx_HAL_Driver/Src/stm32f1xx_hal_rcc.c **** 
 984              		.loc 1 695 9 view .LVU303
 698:Drivers/STM32F1xx_HAL_Driver/Src/stm32f1xx_hal_rcc.c **** 
 985              		.loc 1 698 9 view .LVU304
 986 0344 284B     		ldr	r3, .L104+4
 987 0346 0022     		movs	r2, #0
 988 0348 1A66     		str	r2, [r3, #96]
 701:Drivers/STM32F1xx_HAL_Driver/Src/stm32f1xx_hal_rcc.c **** 
 989              		.loc 1 701 9 view .LVU305
 701:Drivers/STM32F1xx_HAL_Driver/Src/stm32f1xx_hal_rcc.c **** 
 990              		.loc 1 701 21 is_stmt 0 view .LVU306
 991 034a FFF7FEFF 		bl	HAL_GetTick
 992              	.LVL74:
 993 034e 0546     		mov	r5, r0
 994              	.LVL75:
 704:Drivers/STM32F1xx_HAL_Driver/Src/stm32f1xx_hal_rcc.c ****         {
 995              		.loc 1 704 9 is_stmt 1 view .LVU307
 996              	.L76:
 704:Drivers/STM32F1xx_HAL_Driver/Src/stm32f1xx_hal_rcc.c ****         {
 997              		.loc 1 704 53 discriminator 1 view .LVU308
 704:Drivers/STM32F1xx_HAL_Driver/Src/stm32f1xx_hal_rcc.c ****         {
 998              		.loc 1 704 16 is_stmt 0 discriminator 1 view .LVU309
 999 0350 244B     		ldr	r3, .L104
 1000 0352 1B68     		ldr	r3, [r3]
 704:Drivers/STM32F1xx_HAL_Driver/Src/stm32f1xx_hal_rcc.c ****         {
 1001              		.loc 1 704 53 discriminator 1 view .LVU310
 1002 0354 13F0007F 		tst	r3, #33554432
 1003 0358 05D0     		beq	.L100
 706:Drivers/STM32F1xx_HAL_Driver/Src/stm32f1xx_hal_rcc.c ****           {
 1004              		.loc 1 706 11 is_stmt 1 view .LVU311
 706:Drivers/STM32F1xx_HAL_Driver/Src/stm32f1xx_hal_rcc.c ****           {
 1005              		.loc 1 706 16 is_stmt 0 view .LVU312
 1006 035a FFF7FEFF 		bl	HAL_GetTick
 1007              	.LVL76:
 706:Drivers/STM32F1xx_HAL_Driver/Src/stm32f1xx_hal_rcc.c ****           {
 1008              		.loc 1 706 30 discriminator 1 view .LVU313
 1009 035e 401B     		subs	r0, r0, r5
 706:Drivers/STM32F1xx_HAL_Driver/Src/stm32f1xx_hal_rcc.c ****           {
 1010              		.loc 1 706 14 discriminator 1 view .LVU314
ARM GAS  /tmp/ccpphuMd.s 			page 48


 1011 0360 0228     		cmp	r0, #2
 1012 0362 F5D9     		bls	.L76
 1013 0364 12E7     		b	.L41
 1014              	.L100:
 714:Drivers/STM32F1xx_HAL_Driver/Src/stm32f1xx_hal_rcc.c ****         {
 1015              		.loc 1 714 9 is_stmt 1 view .LVU315
 714:Drivers/STM32F1xx_HAL_Driver/Src/stm32f1xx_hal_rcc.c ****         {
 1016              		.loc 1 714 35 is_stmt 0 view .LVU316
 1017 0366 236A     		ldr	r3, [r4, #32]
 714:Drivers/STM32F1xx_HAL_Driver/Src/stm32f1xx_hal_rcc.c ****         {
 1018              		.loc 1 714 12 view .LVU317
 1019 0368 B3F5803F 		cmp	r3, #65536
 1020 036c 19D0     		beq	.L101
 1021              	.L78:
 730:Drivers/STM32F1xx_HAL_Driver/Src/stm32f1xx_hal_rcc.c ****                              RCC_OscInitStruct->PLL.PLLMUL);
 1022              		.loc 1 730 9 is_stmt 1 view .LVU318
 1023 036e 1D49     		ldr	r1, .L104
 1024 0370 4B68     		ldr	r3, [r1, #4]
 1025 0372 23F47413 		bic	r3, r3, #3997696
 1026 0376 226A     		ldr	r2, [r4, #32]
 1027 0378 606A     		ldr	r0, [r4, #36]
 1028 037a 0243     		orrs	r2, r2, r0
 1029 037c 1343     		orrs	r3, r3, r2
 1030 037e 4B60     		str	r3, [r1, #4]
 733:Drivers/STM32F1xx_HAL_Driver/Src/stm32f1xx_hal_rcc.c **** 
 1031              		.loc 1 733 9 view .LVU319
 1032 0380 194B     		ldr	r3, .L104+4
 1033 0382 0122     		movs	r2, #1
 1034 0384 1A66     		str	r2, [r3, #96]
 736:Drivers/STM32F1xx_HAL_Driver/Src/stm32f1xx_hal_rcc.c **** 
 1035              		.loc 1 736 9 view .LVU320
 736:Drivers/STM32F1xx_HAL_Driver/Src/stm32f1xx_hal_rcc.c **** 
 1036              		.loc 1 736 21 is_stmt 0 view .LVU321
 1037 0386 FFF7FEFF 		bl	HAL_GetTick
 1038              	.LVL77:
 1039 038a 0446     		mov	r4, r0
 1040              	.LVL78:
 739:Drivers/STM32F1xx_HAL_Driver/Src/stm32f1xx_hal_rcc.c ****         {
 1041              		.loc 1 739 9 is_stmt 1 view .LVU322
 1042              	.L79:
 739:Drivers/STM32F1xx_HAL_Driver/Src/stm32f1xx_hal_rcc.c ****         {
 1043              		.loc 1 739 53 discriminator 1 view .LVU323
 739:Drivers/STM32F1xx_HAL_Driver/Src/stm32f1xx_hal_rcc.c ****         {
 1044              		.loc 1 739 16 is_stmt 0 discriminator 1 view .LVU324
 1045 038c 154B     		ldr	r3, .L104
 1046 038e 1B68     		ldr	r3, [r3]
 739:Drivers/STM32F1xx_HAL_Driver/Src/stm32f1xx_hal_rcc.c ****         {
 1047              		.loc 1 739 53 discriminator 1 view .LVU325
 1048 0390 13F0007F 		tst	r3, #33554432
 1049 0394 0DD1     		bne	.L73
 741:Drivers/STM32F1xx_HAL_Driver/Src/stm32f1xx_hal_rcc.c ****           {
 1050              		.loc 1 741 11 is_stmt 1 view .LVU326
 741:Drivers/STM32F1xx_HAL_Driver/Src/stm32f1xx_hal_rcc.c ****           {
 1051              		.loc 1 741 16 is_stmt 0 view .LVU327
 1052 0396 FFF7FEFF 		bl	HAL_GetTick
 1053              	.LVL79:
 741:Drivers/STM32F1xx_HAL_Driver/Src/stm32f1xx_hal_rcc.c ****           {
ARM GAS  /tmp/ccpphuMd.s 			page 49


 1054              		.loc 1 741 30 discriminator 1 view .LVU328
 1055 039a 001B     		subs	r0, r0, r4
 741:Drivers/STM32F1xx_HAL_Driver/Src/stm32f1xx_hal_rcc.c ****           {
 1056              		.loc 1 741 14 discriminator 1 view .LVU329
 1057 039c 0228     		cmp	r0, #2
 1058 039e F5D9     		bls	.L79
 1059 03a0 F4E6     		b	.L41
 1060              	.LVL80:
 1061              	.L101:
 717:Drivers/STM32F1xx_HAL_Driver/Src/stm32f1xx_hal_rcc.c **** #if defined(RCC_CFGR2_PREDIV1SRC)
 1062              		.loc 1 717 11 is_stmt 1 view .LVU330
 726:Drivers/STM32F1xx_HAL_Driver/Src/stm32f1xx_hal_rcc.c ****         }
 1063              		.loc 1 726 11 view .LVU331
 1064 03a2 104A     		ldr	r2, .L104
 1065 03a4 5368     		ldr	r3, [r2, #4]
 1066 03a6 23F40033 		bic	r3, r3, #131072
 1067 03aa A168     		ldr	r1, [r4, #8]
 1068 03ac 0B43     		orrs	r3, r3, r1
 1069 03ae 5360     		str	r3, [r2, #4]
 1070 03b0 DDE7     		b	.L78
 1071              	.LVL81:
 1072              	.L73:
 785:Drivers/STM32F1xx_HAL_Driver/Src/stm32f1xx_hal_rcc.c **** }
 1073              		.loc 1 785 10 is_stmt 0 view .LVU332
 1074 03b2 0020     		movs	r0, #0
 1075 03b4 EBE6     		b	.L28
 1076              	.LVL82:
 1077              	.L74:
 768:Drivers/STM32F1xx_HAL_Driver/Src/stm32f1xx_hal_rcc.c ****       {
 1078              		.loc 1 768 7 is_stmt 1 view .LVU333
 768:Drivers/STM32F1xx_HAL_Driver/Src/stm32f1xx_hal_rcc.c ****       {
 1079              		.loc 1 768 10 is_stmt 0 view .LVU334
 1080 03b6 012B     		cmp	r3, #1
 1081 03b8 3FF44BAE 		beq	.L32
 775:Drivers/STM32F1xx_HAL_Driver/Src/stm32f1xx_hal_rcc.c ****         if ((READ_BIT(pll_config, RCC_CFGR_PLLSRC) != RCC_OscInitStruct->PLL.PLLSource) ||
 1082              		.loc 1 775 9 is_stmt 1 view .LVU335
 775:Drivers/STM32F1xx_HAL_Driver/Src/stm32f1xx_hal_rcc.c ****         if ((READ_BIT(pll_config, RCC_CFGR_PLLSRC) != RCC_OscInitStruct->PLL.PLLSource) ||
 1083              		.loc 1 775 20 is_stmt 0 view .LVU336
 1084 03bc 094B     		ldr	r3, .L104
 1085 03be 5B68     		ldr	r3, [r3, #4]
 1086              	.LVL83:
 776:Drivers/STM32F1xx_HAL_Driver/Src/stm32f1xx_hal_rcc.c ****             (READ_BIT(pll_config, RCC_CFGR_PLLMULL) != RCC_OscInitStruct->PLL.PLLMUL))
 1087              		.loc 1 776 9 is_stmt 1 view .LVU337
 776:Drivers/STM32F1xx_HAL_Driver/Src/stm32f1xx_hal_rcc.c ****             (READ_BIT(pll_config, RCC_CFGR_PLLMULL) != RCC_OscInitStruct->PLL.PLLMUL))
 1088              		.loc 1 776 14 is_stmt 0 view .LVU338
 1089 03c0 03F48031 		and	r1, r3, #65536
 776:Drivers/STM32F1xx_HAL_Driver/Src/stm32f1xx_hal_rcc.c ****             (READ_BIT(pll_config, RCC_CFGR_PLLMULL) != RCC_OscInitStruct->PLL.PLLMUL))
 1090              		.loc 1 776 77 view .LVU339
 1091 03c4 226A     		ldr	r2, [r4, #32]
 776:Drivers/STM32F1xx_HAL_Driver/Src/stm32f1xx_hal_rcc.c ****             (READ_BIT(pll_config, RCC_CFGR_PLLMULL) != RCC_OscInitStruct->PLL.PLLMUL))
 1092              		.loc 1 776 12 view .LVU340
 1093 03c6 9142     		cmp	r1, r2
 1094 03c8 7FF443AE 		bne	.L32
 777:Drivers/STM32F1xx_HAL_Driver/Src/stm32f1xx_hal_rcc.c ****         {
 1095              		.loc 1 777 14 view .LVU341
 1096 03cc 03F47013 		and	r3, r3, #3932160
 1097              	.LVL84:
ARM GAS  /tmp/ccpphuMd.s 			page 50


 777:Drivers/STM32F1xx_HAL_Driver/Src/stm32f1xx_hal_rcc.c ****         {
 1098              		.loc 1 777 78 view .LVU342
 1099 03d0 626A     		ldr	r2, [r4, #36]
 776:Drivers/STM32F1xx_HAL_Driver/Src/stm32f1xx_hal_rcc.c ****             (READ_BIT(pll_config, RCC_CFGR_PLLMULL) != RCC_OscInitStruct->PLL.PLLMUL))
 1100              		.loc 1 776 89 discriminator 1 view .LVU343
 1101 03d2 9342     		cmp	r3, r2
 1102 03d4 01D1     		bne	.L84
 785:Drivers/STM32F1xx_HAL_Driver/Src/stm32f1xx_hal_rcc.c **** }
 1103              		.loc 1 785 10 view .LVU344
 1104 03d6 0020     		movs	r0, #0
 1105 03d8 D9E6     		b	.L28
 1106              	.L84:
 779:Drivers/STM32F1xx_HAL_Driver/Src/stm32f1xx_hal_rcc.c ****         }
 1107              		.loc 1 779 18 view .LVU345
 1108 03da 0120     		movs	r0, #1
 1109 03dc D7E6     		b	.L28
 1110              	.LVL85:
 1111              	.L88:
 1112              	.LCFI7:
 1113              		.cfi_def_cfa_offset 0
 1114              		.cfi_restore 4
 1115              		.cfi_restore 5
 1116              		.cfi_restore 6
 1117              		.cfi_restore 14
 353:Drivers/STM32F1xx_HAL_Driver/Src/stm32f1xx_hal_rcc.c ****   }
 1118              		.loc 1 353 12 view .LVU346
 1119 03de 0120     		movs	r0, #1
 1120              	.LVL86:
 786:Drivers/STM32F1xx_HAL_Driver/Src/stm32f1xx_hal_rcc.c **** 
 1121              		.loc 1 786 1 view .LVU347
 1122 03e0 7047     		bx	lr
 1123              	.L105:
 1124 03e2 00BF     		.align	2
 1125              	.L104:
 1126 03e4 00100240 		.word	1073876992
 1127 03e8 00004242 		.word	1111621632
 1128              		.cfi_endproc
 1129              	.LFE66:
 1131              		.section	.text.HAL_RCC_MCOConfig,"ax",%progbits
 1132              		.align	1
 1133              		.global	HAL_RCC_MCOConfig
 1134              		.syntax unified
 1135              		.thumb
 1136              		.thumb_func
 1138              	HAL_RCC_MCOConfig:
 1139              	.LVL87:
 1140              	.LFB68:
1001:Drivers/STM32F1xx_HAL_Driver/Src/stm32f1xx_hal_rcc.c ****   GPIO_InitTypeDef gpio = {0U};
 1141              		.loc 1 1001 1 is_stmt 1 view -0
 1142              		.cfi_startproc
 1143              		@ args = 0, pretend = 0, frame = 24
 1144              		@ frame_needed = 0, uses_anonymous_args = 0
1001:Drivers/STM32F1xx_HAL_Driver/Src/stm32f1xx_hal_rcc.c ****   GPIO_InitTypeDef gpio = {0U};
 1145              		.loc 1 1001 1 is_stmt 0 view .LVU349
 1146 0000 30B5     		push	{r4, r5, lr}
 1147              	.LCFI8:
 1148              		.cfi_def_cfa_offset 12
ARM GAS  /tmp/ccpphuMd.s 			page 51


 1149              		.cfi_offset 4, -12
 1150              		.cfi_offset 5, -8
 1151              		.cfi_offset 14, -4
 1152 0002 87B0     		sub	sp, sp, #28
 1153              	.LCFI9:
 1154              		.cfi_def_cfa_offset 40
 1155 0004 0D46     		mov	r5, r1
1002:Drivers/STM32F1xx_HAL_Driver/Src/stm32f1xx_hal_rcc.c **** 
 1156              		.loc 1 1002 3 is_stmt 1 view .LVU350
1002:Drivers/STM32F1xx_HAL_Driver/Src/stm32f1xx_hal_rcc.c **** 
 1157              		.loc 1 1002 20 is_stmt 0 view .LVU351
 1158 0006 02A9     		add	r1, sp, #8
 1159              	.LVL88:
1002:Drivers/STM32F1xx_HAL_Driver/Src/stm32f1xx_hal_rcc.c **** 
 1160              		.loc 1 1002 20 view .LVU352
 1161 0008 0023     		movs	r3, #0
 1162 000a 0293     		str	r3, [sp, #8]
 1163 000c 4B60     		str	r3, [r1, #4]
 1164 000e 8B60     		str	r3, [r1, #8]
 1165 0010 CB60     		str	r3, [r1, #12]
1005:Drivers/STM32F1xx_HAL_Driver/Src/stm32f1xx_hal_rcc.c ****   assert_param(IS_RCC_MCODIV(RCC_MCODiv));
 1166              		.loc 1 1005 3 is_stmt 1 view .LVU353
1006:Drivers/STM32F1xx_HAL_Driver/Src/stm32f1xx_hal_rcc.c ****   assert_param(IS_RCC_MCO1SOURCE(RCC_MCOSource));
 1167              		.loc 1 1006 3 view .LVU354
1007:Drivers/STM32F1xx_HAL_Driver/Src/stm32f1xx_hal_rcc.c **** 
 1168              		.loc 1 1007 3 view .LVU355
1010:Drivers/STM32F1xx_HAL_Driver/Src/stm32f1xx_hal_rcc.c ****   UNUSED(RCC_MCODiv);
 1169              		.loc 1 1010 3 view .LVU356
1011:Drivers/STM32F1xx_HAL_Driver/Src/stm32f1xx_hal_rcc.c **** 
 1170              		.loc 1 1011 3 view .LVU357
1014:Drivers/STM32F1xx_HAL_Driver/Src/stm32f1xx_hal_rcc.c ****   gpio.Speed     = GPIO_SPEED_FREQ_HIGH;
 1171              		.loc 1 1014 3 view .LVU358
1014:Drivers/STM32F1xx_HAL_Driver/Src/stm32f1xx_hal_rcc.c ****   gpio.Speed     = GPIO_SPEED_FREQ_HIGH;
 1172              		.loc 1 1014 18 is_stmt 0 view .LVU359
 1173 0012 0223     		movs	r3, #2
 1174 0014 0393     		str	r3, [sp, #12]
1015:Drivers/STM32F1xx_HAL_Driver/Src/stm32f1xx_hal_rcc.c ****   gpio.Pull      = GPIO_NOPULL;
 1175              		.loc 1 1015 3 is_stmt 1 view .LVU360
1015:Drivers/STM32F1xx_HAL_Driver/Src/stm32f1xx_hal_rcc.c ****   gpio.Pull      = GPIO_NOPULL;
 1176              		.loc 1 1015 18 is_stmt 0 view .LVU361
 1177 0016 0323     		movs	r3, #3
 1178 0018 0593     		str	r3, [sp, #20]
1016:Drivers/STM32F1xx_HAL_Driver/Src/stm32f1xx_hal_rcc.c ****   gpio.Pin       = MCO1_PIN;
 1179              		.loc 1 1016 3 is_stmt 1 view .LVU362
1017:Drivers/STM32F1xx_HAL_Driver/Src/stm32f1xx_hal_rcc.c **** 
 1180              		.loc 1 1017 3 view .LVU363
1017:Drivers/STM32F1xx_HAL_Driver/Src/stm32f1xx_hal_rcc.c **** 
 1181              		.loc 1 1017 18 is_stmt 0 view .LVU364
 1182 001a 4FF48073 		mov	r3, #256
 1183 001e 0293     		str	r3, [sp, #8]
1020:Drivers/STM32F1xx_HAL_Driver/Src/stm32f1xx_hal_rcc.c **** 
 1184              		.loc 1 1020 3 is_stmt 1 view .LVU365
 1185              	.LBB6:
1020:Drivers/STM32F1xx_HAL_Driver/Src/stm32f1xx_hal_rcc.c **** 
 1186              		.loc 1 1020 3 view .LVU366
1020:Drivers/STM32F1xx_HAL_Driver/Src/stm32f1xx_hal_rcc.c **** 
 1187              		.loc 1 1020 3 view .LVU367
ARM GAS  /tmp/ccpphuMd.s 			page 52


 1188 0020 094C     		ldr	r4, .L108
 1189 0022 A369     		ldr	r3, [r4, #24]
 1190 0024 43F00403 		orr	r3, r3, #4
 1191 0028 A361     		str	r3, [r4, #24]
1020:Drivers/STM32F1xx_HAL_Driver/Src/stm32f1xx_hal_rcc.c **** 
 1192              		.loc 1 1020 3 view .LVU368
 1193 002a A369     		ldr	r3, [r4, #24]
 1194 002c 03F00403 		and	r3, r3, #4
 1195 0030 0193     		str	r3, [sp, #4]
1020:Drivers/STM32F1xx_HAL_Driver/Src/stm32f1xx_hal_rcc.c **** 
 1196              		.loc 1 1020 3 view .LVU369
 1197 0032 019B     		ldr	r3, [sp, #4]
 1198              	.LBE6:
1020:Drivers/STM32F1xx_HAL_Driver/Src/stm32f1xx_hal_rcc.c **** 
 1199              		.loc 1 1020 3 view .LVU370
1022:Drivers/STM32F1xx_HAL_Driver/Src/stm32f1xx_hal_rcc.c **** 
 1200              		.loc 1 1022 3 view .LVU371
 1201 0034 0548     		ldr	r0, .L108+4
 1202              	.LVL89:
1022:Drivers/STM32F1xx_HAL_Driver/Src/stm32f1xx_hal_rcc.c **** 
 1203              		.loc 1 1022 3 is_stmt 0 view .LVU372
 1204 0036 FFF7FEFF 		bl	HAL_GPIO_Init
 1205              	.LVL90:
1025:Drivers/STM32F1xx_HAL_Driver/Src/stm32f1xx_hal_rcc.c **** }
 1206              		.loc 1 1025 3 is_stmt 1 view .LVU373
 1207 003a 6368     		ldr	r3, [r4, #4]
 1208 003c 23F0E063 		bic	r3, r3, #117440512
 1209 0040 2B43     		orrs	r3, r3, r5
 1210 0042 6360     		str	r3, [r4, #4]
1026:Drivers/STM32F1xx_HAL_Driver/Src/stm32f1xx_hal_rcc.c **** 
 1211              		.loc 1 1026 1 is_stmt 0 view .LVU374
 1212 0044 07B0     		add	sp, sp, #28
 1213              	.LCFI10:
 1214              		.cfi_def_cfa_offset 12
 1215              		@ sp needed
 1216 0046 30BD     		pop	{r4, r5, pc}
 1217              	.LVL91:
 1218              	.L109:
1026:Drivers/STM32F1xx_HAL_Driver/Src/stm32f1xx_hal_rcc.c **** 
 1219              		.loc 1 1026 1 view .LVU375
 1220              		.align	2
 1221              	.L108:
 1222 0048 00100240 		.word	1073876992
 1223 004c 00080140 		.word	1073809408
 1224              		.cfi_endproc
 1225              	.LFE68:
 1227              		.section	.text.HAL_RCC_EnableCSS,"ax",%progbits
 1228              		.align	1
 1229              		.global	HAL_RCC_EnableCSS
 1230              		.syntax unified
 1231              		.thumb
 1232              		.thumb_func
 1234              	HAL_RCC_EnableCSS:
 1235              	.LFB69:
1038:Drivers/STM32F1xx_HAL_Driver/Src/stm32f1xx_hal_rcc.c ****   *(__IO uint32_t *) RCC_CR_CSSON_BB = (uint32_t)ENABLE;
 1236              		.loc 1 1038 1 is_stmt 1 view -0
 1237              		.cfi_startproc
ARM GAS  /tmp/ccpphuMd.s 			page 53


 1238              		@ args = 0, pretend = 0, frame = 0
 1239              		@ frame_needed = 0, uses_anonymous_args = 0
 1240              		@ link register save eliminated.
1039:Drivers/STM32F1xx_HAL_Driver/Src/stm32f1xx_hal_rcc.c **** }
 1241              		.loc 1 1039 3 view .LVU377
1039:Drivers/STM32F1xx_HAL_Driver/Src/stm32f1xx_hal_rcc.c **** }
 1242              		.loc 1 1039 38 is_stmt 0 view .LVU378
 1243 0000 014B     		ldr	r3, .L111
 1244 0002 0122     		movs	r2, #1
 1245 0004 DA64     		str	r2, [r3, #76]
1040:Drivers/STM32F1xx_HAL_Driver/Src/stm32f1xx_hal_rcc.c **** 
 1246              		.loc 1 1040 1 view .LVU379
 1247 0006 7047     		bx	lr
 1248              	.L112:
 1249              		.align	2
 1250              	.L111:
 1251 0008 00004242 		.word	1111621632
 1252              		.cfi_endproc
 1253              	.LFE69:
 1255              		.section	.text.HAL_RCC_DisableCSS,"ax",%progbits
 1256              		.align	1
 1257              		.global	HAL_RCC_DisableCSS
 1258              		.syntax unified
 1259              		.thumb
 1260              		.thumb_func
 1262              	HAL_RCC_DisableCSS:
 1263              	.LFB70:
1047:Drivers/STM32F1xx_HAL_Driver/Src/stm32f1xx_hal_rcc.c ****   *(__IO uint32_t *) RCC_CR_CSSON_BB = (uint32_t)DISABLE;
 1264              		.loc 1 1047 1 is_stmt 1 view -0
 1265              		.cfi_startproc
 1266              		@ args = 0, pretend = 0, frame = 0
 1267              		@ frame_needed = 0, uses_anonymous_args = 0
 1268              		@ link register save eliminated.
1048:Drivers/STM32F1xx_HAL_Driver/Src/stm32f1xx_hal_rcc.c **** }
 1269              		.loc 1 1048 3 view .LVU381
1048:Drivers/STM32F1xx_HAL_Driver/Src/stm32f1xx_hal_rcc.c **** }
 1270              		.loc 1 1048 38 is_stmt 0 view .LVU382
 1271 0000 014B     		ldr	r3, .L114
 1272 0002 0022     		movs	r2, #0
 1273 0004 DA64     		str	r2, [r3, #76]
1049:Drivers/STM32F1xx_HAL_Driver/Src/stm32f1xx_hal_rcc.c **** 
 1274              		.loc 1 1049 1 view .LVU383
 1275 0006 7047     		bx	lr
 1276              	.L115:
 1277              		.align	2
 1278              	.L114:
 1279 0008 00004242 		.word	1111621632
 1280              		.cfi_endproc
 1281              	.LFE70:
 1283              		.section	.text.HAL_RCC_GetSysClockFreq,"ax",%progbits
 1284              		.align	1
 1285              		.global	HAL_RCC_GetSysClockFreq
 1286              		.syntax unified
 1287              		.thumb
 1288              		.thumb_func
 1290              	HAL_RCC_GetSysClockFreq:
 1291              	.LFB71:
ARM GAS  /tmp/ccpphuMd.s 			page 54


1081:Drivers/STM32F1xx_HAL_Driver/Src/stm32f1xx_hal_rcc.c **** #if defined(RCC_CFGR2_PREDIV1SRC)
 1292              		.loc 1 1081 1 is_stmt 1 view -0
 1293              		.cfi_startproc
 1294              		@ args = 0, pretend = 0, frame = 0
 1295              		@ frame_needed = 0, uses_anonymous_args = 0
 1296              		@ link register save eliminated.
1086:Drivers/STM32F1xx_HAL_Driver/Src/stm32f1xx_hal_rcc.c **** #if defined(RCC_CFGR2_PREDIV1)
 1297              		.loc 1 1086 3 view .LVU385
1090:Drivers/STM32F1xx_HAL_Driver/Src/stm32f1xx_hal_rcc.c **** #endif /*RCC_CFGR2_PREDIV1*/
 1298              		.loc 1 1090 3 view .LVU386
1094:Drivers/STM32F1xx_HAL_Driver/Src/stm32f1xx_hal_rcc.c ****   uint32_t sysclockfreq = 0U;
 1299              		.loc 1 1094 3 view .LVU387
 1300              	.LVL92:
1095:Drivers/STM32F1xx_HAL_Driver/Src/stm32f1xx_hal_rcc.c **** #if defined(RCC_CFGR2_PREDIV1SRC)
 1301              		.loc 1 1095 3 view .LVU388
1100:Drivers/STM32F1xx_HAL_Driver/Src/stm32f1xx_hal_rcc.c **** 
 1302              		.loc 1 1100 3 view .LVU389
1100:Drivers/STM32F1xx_HAL_Driver/Src/stm32f1xx_hal_rcc.c **** 
 1303              		.loc 1 1100 10 is_stmt 0 view .LVU390
 1304 0000 0F4B     		ldr	r3, .L121
 1305 0002 5B68     		ldr	r3, [r3, #4]
 1306              	.LVL93:
1103:Drivers/STM32F1xx_HAL_Driver/Src/stm32f1xx_hal_rcc.c ****   {
 1307              		.loc 1 1103 3 is_stmt 1 view .LVU391
1103:Drivers/STM32F1xx_HAL_Driver/Src/stm32f1xx_hal_rcc.c ****   {
 1308              		.loc 1 1103 18 is_stmt 0 view .LVU392
 1309 0004 03F00C02 		and	r2, r3, #12
1103:Drivers/STM32F1xx_HAL_Driver/Src/stm32f1xx_hal_rcc.c ****   {
 1310              		.loc 1 1103 3 view .LVU393
 1311 0008 082A     		cmp	r2, #8
 1312 000a 01D0     		beq	.L120
1107:Drivers/STM32F1xx_HAL_Driver/Src/stm32f1xx_hal_rcc.c ****       break;
 1313              		.loc 1 1107 20 view .LVU394
 1314 000c 0D48     		ldr	r0, .L121+4
 1315              	.LVL94:
1162:Drivers/STM32F1xx_HAL_Driver/Src/stm32f1xx_hal_rcc.c **** }
 1316              		.loc 1 1162 3 is_stmt 1 view .LVU395
1163:Drivers/STM32F1xx_HAL_Driver/Src/stm32f1xx_hal_rcc.c **** 
 1317              		.loc 1 1163 1 is_stmt 0 view .LVU396
 1318 000e 7047     		bx	lr
 1319              	.LVL95:
 1320              	.L120:
1112:Drivers/STM32F1xx_HAL_Driver/Src/stm32f1xx_hal_rcc.c ****       if ((tmpreg & RCC_CFGR_PLLSRC) != RCC_PLLSOURCE_HSI_DIV2)
 1321              		.loc 1 1112 7 is_stmt 1 view .LVU397
1112:Drivers/STM32F1xx_HAL_Driver/Src/stm32f1xx_hal_rcc.c ****       if ((tmpreg & RCC_CFGR_PLLSRC) != RCC_PLLSOURCE_HSI_DIV2)
 1322              		.loc 1 1112 73 is_stmt 0 view .LVU398
 1323 0010 C3F38342 		ubfx	r2, r3, #18, #4
1112:Drivers/STM32F1xx_HAL_Driver/Src/stm32f1xx_hal_rcc.c ****       if ((tmpreg & RCC_CFGR_PLLSRC) != RCC_PLLSOURCE_HSI_DIV2)
 1324              		.loc 1 1112 34 view .LVU399
 1325 0014 0C49     		ldr	r1, .L121+8
 1326 0016 885C     		ldrb	r0, [r1, r2]	@ zero_extendqisi2
 1327              	.LVL96:
1113:Drivers/STM32F1xx_HAL_Driver/Src/stm32f1xx_hal_rcc.c ****       {
 1328              		.loc 1 1113 7 is_stmt 1 view .LVU400
1113:Drivers/STM32F1xx_HAL_Driver/Src/stm32f1xx_hal_rcc.c ****       {
 1329              		.loc 1 1113 10 is_stmt 0 view .LVU401
 1330 0018 13F4803F 		tst	r3, #65536
ARM GAS  /tmp/ccpphuMd.s 			page 55


 1331 001c 0BD0     		beq	.L118
1118:Drivers/STM32F1xx_HAL_Driver/Src/stm32f1xx_hal_rcc.c **** #endif /*RCC_CFGR2_PREDIV1*/
 1332              		.loc 1 1118 9 is_stmt 1 view .LVU402
1118:Drivers/STM32F1xx_HAL_Driver/Src/stm32f1xx_hal_rcc.c **** #endif /*RCC_CFGR2_PREDIV1*/
 1333              		.loc 1 1118 51 is_stmt 0 view .LVU403
 1334 001e 084B     		ldr	r3, .L121
 1335              	.LVL97:
1118:Drivers/STM32F1xx_HAL_Driver/Src/stm32f1xx_hal_rcc.c **** #endif /*RCC_CFGR2_PREDIV1*/
 1336              		.loc 1 1118 51 view .LVU404
 1337 0020 5B68     		ldr	r3, [r3, #4]
1118:Drivers/STM32F1xx_HAL_Driver/Src/stm32f1xx_hal_rcc.c **** #endif /*RCC_CFGR2_PREDIV1*/
 1338              		.loc 1 1118 79 view .LVU405
 1339 0022 C3F34043 		ubfx	r3, r3, #17, #1
1118:Drivers/STM32F1xx_HAL_Driver/Src/stm32f1xx_hal_rcc.c **** #endif /*RCC_CFGR2_PREDIV1*/
 1340              		.loc 1 1118 36 view .LVU406
 1341 0026 094A     		ldr	r2, .L121+12
 1342 0028 D35C     		ldrb	r3, [r2, r3]	@ zero_extendqisi2
 1343              	.LVL98:
1144:Drivers/STM32F1xx_HAL_Driver/Src/stm32f1xx_hal_rcc.c **** #endif /*RCC_CFGR2_PREDIV1SRC*/
 1344              		.loc 1 1144 9 is_stmt 1 view .LVU407
1144:Drivers/STM32F1xx_HAL_Driver/Src/stm32f1xx_hal_rcc.c **** #endif /*RCC_CFGR2_PREDIV1SRC*/
 1345              		.loc 1 1144 41 is_stmt 0 view .LVU408
 1346 002a 064A     		ldr	r2, .L121+4
 1347 002c 02FB00F0 		mul	r0, r2, r0
 1348              	.LVL99:
1144:Drivers/STM32F1xx_HAL_Driver/Src/stm32f1xx_hal_rcc.c **** #endif /*RCC_CFGR2_PREDIV1SRC*/
 1349              		.loc 1 1144 16 view .LVU409
 1350 0030 B0FBF3F0 		udiv	r0, r0, r3
 1351              	.LVL100:
1144:Drivers/STM32F1xx_HAL_Driver/Src/stm32f1xx_hal_rcc.c **** #endif /*RCC_CFGR2_PREDIV1SRC*/
 1352              		.loc 1 1144 16 view .LVU410
 1353 0034 7047     		bx	lr
 1354              	.LVL101:
 1355              	.L118:
1150:Drivers/STM32F1xx_HAL_Driver/Src/stm32f1xx_hal_rcc.c ****       }
 1356              		.loc 1 1150 9 is_stmt 1 view .LVU411
1150:Drivers/STM32F1xx_HAL_Driver/Src/stm32f1xx_hal_rcc.c ****       }
 1357              		.loc 1 1150 16 is_stmt 0 view .LVU412
 1358 0036 064B     		ldr	r3, .L121+16
 1359              	.LVL102:
1150:Drivers/STM32F1xx_HAL_Driver/Src/stm32f1xx_hal_rcc.c ****       }
 1360              		.loc 1 1150 16 view .LVU413
 1361 0038 03FB00F0 		mul	r0, r3, r0
 1362              	.LVL103:
1150:Drivers/STM32F1xx_HAL_Driver/Src/stm32f1xx_hal_rcc.c ****       }
 1363              		.loc 1 1150 16 view .LVU414
 1364 003c 7047     		bx	lr
 1365              	.L122:
 1366 003e 00BF     		.align	2
 1367              	.L121:
 1368 0040 00100240 		.word	1073876992
 1369 0044 00127A00 		.word	8000000
 1370 0048 00000000 		.word	aPLLMULFactorTable.1
 1371 004c 00000000 		.word	aPredivFactorTable.0
 1372 0050 00093D00 		.word	4000000
 1373              		.cfi_endproc
 1374              	.LFE71:
ARM GAS  /tmp/ccpphuMd.s 			page 56


 1376              		.section	.text.HAL_RCC_ClockConfig,"ax",%progbits
 1377              		.align	1
 1378              		.global	HAL_RCC_ClockConfig
 1379              		.syntax unified
 1380              		.thumb
 1381              		.thumb_func
 1383              	HAL_RCC_ClockConfig:
 1384              	.LVL104:
 1385              	.LFB67:
 812:Drivers/STM32F1xx_HAL_Driver/Src/stm32f1xx_hal_rcc.c ****   uint32_t tickstart;
 1386              		.loc 1 812 1 is_stmt 1 view -0
 1387              		.cfi_startproc
 1388              		@ args = 0, pretend = 0, frame = 0
 1389              		@ frame_needed = 0, uses_anonymous_args = 0
 813:Drivers/STM32F1xx_HAL_Driver/Src/stm32f1xx_hal_rcc.c **** 
 1390              		.loc 1 813 3 view .LVU416
 816:Drivers/STM32F1xx_HAL_Driver/Src/stm32f1xx_hal_rcc.c ****   {
 1391              		.loc 1 816 3 view .LVU417
 816:Drivers/STM32F1xx_HAL_Driver/Src/stm32f1xx_hal_rcc.c ****   {
 1392              		.loc 1 816 6 is_stmt 0 view .LVU418
 1393 0000 0028     		cmp	r0, #0
 1394 0002 00F09E80 		beq	.L144
 812:Drivers/STM32F1xx_HAL_Driver/Src/stm32f1xx_hal_rcc.c ****   uint32_t tickstart;
 1395              		.loc 1 812 1 view .LVU419
 1396 0006 70B5     		push	{r4, r5, r6, lr}
 1397              	.LCFI11:
 1398              		.cfi_def_cfa_offset 16
 1399              		.cfi_offset 4, -16
 1400              		.cfi_offset 5, -12
 1401              		.cfi_offset 6, -8
 1402              		.cfi_offset 14, -4
 1403 0008 0D46     		mov	r5, r1
 1404 000a 0446     		mov	r4, r0
 822:Drivers/STM32F1xx_HAL_Driver/Src/stm32f1xx_hal_rcc.c ****   assert_param(IS_FLASH_LATENCY(FLatency));
 1405              		.loc 1 822 3 is_stmt 1 view .LVU420
 823:Drivers/STM32F1xx_HAL_Driver/Src/stm32f1xx_hal_rcc.c **** 
 1406              		.loc 1 823 3 view .LVU421
 831:Drivers/STM32F1xx_HAL_Driver/Src/stm32f1xx_hal_rcc.c ****   {
 1407              		.loc 1 831 3 view .LVU422
 831:Drivers/STM32F1xx_HAL_Driver/Src/stm32f1xx_hal_rcc.c ****   {
 1408              		.loc 1 831 18 is_stmt 0 view .LVU423
 1409 000c 4E4B     		ldr	r3, .L147
 1410 000e 1B68     		ldr	r3, [r3]
 1411 0010 03F00703 		and	r3, r3, #7
 831:Drivers/STM32F1xx_HAL_Driver/Src/stm32f1xx_hal_rcc.c ****   {
 1412              		.loc 1 831 6 view .LVU424
 1413 0014 8B42     		cmp	r3, r1
 1414 0016 0AD2     		bcs	.L126
 834:Drivers/STM32F1xx_HAL_Driver/Src/stm32f1xx_hal_rcc.c **** 
 1415              		.loc 1 834 5 is_stmt 1 view .LVU425
 1416 0018 4B4A     		ldr	r2, .L147
 1417 001a 1368     		ldr	r3, [r2]
 1418 001c 23F00703 		bic	r3, r3, #7
 1419 0020 0B43     		orrs	r3, r3, r1
 1420 0022 1360     		str	r3, [r2]
 838:Drivers/STM32F1xx_HAL_Driver/Src/stm32f1xx_hal_rcc.c ****   {
 1421              		.loc 1 838 5 view .LVU426
ARM GAS  /tmp/ccpphuMd.s 			page 57


 838:Drivers/STM32F1xx_HAL_Driver/Src/stm32f1xx_hal_rcc.c ****   {
 1422              		.loc 1 838 9 is_stmt 0 view .LVU427
 1423 0024 1368     		ldr	r3, [r2]
 1424 0026 03F00703 		and	r3, r3, #7
 838:Drivers/STM32F1xx_HAL_Driver/Src/stm32f1xx_hal_rcc.c ****   {
 1425              		.loc 1 838 8 view .LVU428
 1426 002a 8B42     		cmp	r3, r1
 1427 002c 48D1     		bne	.L127
 1428              	.L126:
 846:Drivers/STM32F1xx_HAL_Driver/Src/stm32f1xx_hal_rcc.c ****   {
 1429              		.loc 1 846 1 is_stmt 1 view .LVU429
 846:Drivers/STM32F1xx_HAL_Driver/Src/stm32f1xx_hal_rcc.c ****   {
 1430              		.loc 1 846 24 is_stmt 0 view .LVU430
 1431 002e 2368     		ldr	r3, [r4]
 846:Drivers/STM32F1xx_HAL_Driver/Src/stm32f1xx_hal_rcc.c ****   {
 1432              		.loc 1 846 4 view .LVU431
 1433 0030 13F0020F 		tst	r3, #2
 1434 0034 17D0     		beq	.L128
 850:Drivers/STM32F1xx_HAL_Driver/Src/stm32f1xx_hal_rcc.c ****     {
 1435              		.loc 1 850 5 is_stmt 1 view .LVU432
 850:Drivers/STM32F1xx_HAL_Driver/Src/stm32f1xx_hal_rcc.c ****     {
 1436              		.loc 1 850 8 is_stmt 0 view .LVU433
 1437 0036 13F0040F 		tst	r3, #4
 1438 003a 04D0     		beq	.L129
 852:Drivers/STM32F1xx_HAL_Driver/Src/stm32f1xx_hal_rcc.c ****     }
 1439              		.loc 1 852 7 is_stmt 1 view .LVU434
 1440 003c 434A     		ldr	r2, .L147+4
 1441 003e 5368     		ldr	r3, [r2, #4]
 1442 0040 43F4E063 		orr	r3, r3, #1792
 1443 0044 5360     		str	r3, [r2, #4]
 1444              	.L129:
 855:Drivers/STM32F1xx_HAL_Driver/Src/stm32f1xx_hal_rcc.c ****     {
 1445              		.loc 1 855 5 view .LVU435
 855:Drivers/STM32F1xx_HAL_Driver/Src/stm32f1xx_hal_rcc.c ****     {
 1446              		.loc 1 855 28 is_stmt 0 view .LVU436
 1447 0046 2368     		ldr	r3, [r4]
 855:Drivers/STM32F1xx_HAL_Driver/Src/stm32f1xx_hal_rcc.c ****     {
 1448              		.loc 1 855 8 view .LVU437
 1449 0048 13F0080F 		tst	r3, #8
 1450 004c 04D0     		beq	.L130
 857:Drivers/STM32F1xx_HAL_Driver/Src/stm32f1xx_hal_rcc.c ****     }
 1451              		.loc 1 857 7 is_stmt 1 view .LVU438
 1452 004e 3F4A     		ldr	r2, .L147+4
 1453 0050 5368     		ldr	r3, [r2, #4]
 1454 0052 43F46053 		orr	r3, r3, #14336
 1455 0056 5360     		str	r3, [r2, #4]
 1456              	.L130:
 861:Drivers/STM32F1xx_HAL_Driver/Src/stm32f1xx_hal_rcc.c ****     MODIFY_REG(RCC->CFGR, RCC_CFGR_HPRE, RCC_ClkInitStruct->AHBCLKDivider);
 1457              		.loc 1 861 5 view .LVU439
 862:Drivers/STM32F1xx_HAL_Driver/Src/stm32f1xx_hal_rcc.c ****   }
 1458              		.loc 1 862 5 view .LVU440
 1459 0058 3C4A     		ldr	r2, .L147+4
 1460 005a 5368     		ldr	r3, [r2, #4]
 1461 005c 23F0F003 		bic	r3, r3, #240
 1462 0060 A168     		ldr	r1, [r4, #8]
 1463              	.LVL105:
 862:Drivers/STM32F1xx_HAL_Driver/Src/stm32f1xx_hal_rcc.c ****   }
ARM GAS  /tmp/ccpphuMd.s 			page 58


 1464              		.loc 1 862 5 is_stmt 0 view .LVU441
 1465 0062 0B43     		orrs	r3, r3, r1
 1466 0064 5360     		str	r3, [r2, #4]
 1467              	.L128:
 866:Drivers/STM32F1xx_HAL_Driver/Src/stm32f1xx_hal_rcc.c ****   {
 1468              		.loc 1 866 3 is_stmt 1 view .LVU442
 866:Drivers/STM32F1xx_HAL_Driver/Src/stm32f1xx_hal_rcc.c ****   {
 1469              		.loc 1 866 26 is_stmt 0 view .LVU443
 1470 0066 2368     		ldr	r3, [r4]
 866:Drivers/STM32F1xx_HAL_Driver/Src/stm32f1xx_hal_rcc.c ****   {
 1471              		.loc 1 866 6 view .LVU444
 1472 0068 13F0010F 		tst	r3, #1
 1473 006c 30D0     		beq	.L131
 868:Drivers/STM32F1xx_HAL_Driver/Src/stm32f1xx_hal_rcc.c **** 
 1474              		.loc 1 868 5 is_stmt 1 view .LVU445
 871:Drivers/STM32F1xx_HAL_Driver/Src/stm32f1xx_hal_rcc.c ****     {
 1475              		.loc 1 871 5 view .LVU446
 871:Drivers/STM32F1xx_HAL_Driver/Src/stm32f1xx_hal_rcc.c ****     {
 1476              		.loc 1 871 26 is_stmt 0 view .LVU447
 1477 006e 6368     		ldr	r3, [r4, #4]
 871:Drivers/STM32F1xx_HAL_Driver/Src/stm32f1xx_hal_rcc.c ****     {
 1478              		.loc 1 871 8 view .LVU448
 1479 0070 012B     		cmp	r3, #1
 1480 0072 20D0     		beq	.L145
 880:Drivers/STM32F1xx_HAL_Driver/Src/stm32f1xx_hal_rcc.c ****     {
 1481              		.loc 1 880 10 is_stmt 1 view .LVU449
 880:Drivers/STM32F1xx_HAL_Driver/Src/stm32f1xx_hal_rcc.c ****     {
 1482              		.loc 1 880 13 is_stmt 0 view .LVU450
 1483 0074 022B     		cmp	r3, #2
 1484 0076 25D0     		beq	.L146
 892:Drivers/STM32F1xx_HAL_Driver/Src/stm32f1xx_hal_rcc.c ****       {
 1485              		.loc 1 892 7 is_stmt 1 view .LVU451
 892:Drivers/STM32F1xx_HAL_Driver/Src/stm32f1xx_hal_rcc.c ****       {
 1486              		.loc 1 892 11 is_stmt 0 view .LVU452
 1487 0078 344A     		ldr	r2, .L147+4
 1488 007a 1268     		ldr	r2, [r2]
 892:Drivers/STM32F1xx_HAL_Driver/Src/stm32f1xx_hal_rcc.c ****       {
 1489              		.loc 1 892 10 view .LVU453
 1490 007c 12F0020F 		tst	r2, #2
 1491 0080 1ED0     		beq	.L127
 1492              	.L133:
 897:Drivers/STM32F1xx_HAL_Driver/Src/stm32f1xx_hal_rcc.c **** 
 1493              		.loc 1 897 5 is_stmt 1 view .LVU454
 1494 0082 3249     		ldr	r1, .L147+4
 1495 0084 4A68     		ldr	r2, [r1, #4]
 1496 0086 22F00302 		bic	r2, r2, #3
 1497 008a 1343     		orrs	r3, r3, r2
 1498 008c 4B60     		str	r3, [r1, #4]
 900:Drivers/STM32F1xx_HAL_Driver/Src/stm32f1xx_hal_rcc.c **** 
 1499              		.loc 1 900 5 view .LVU455
 900:Drivers/STM32F1xx_HAL_Driver/Src/stm32f1xx_hal_rcc.c **** 
 1500              		.loc 1 900 17 is_stmt 0 view .LVU456
 1501 008e FFF7FEFF 		bl	HAL_GetTick
 1502              	.LVL106:
 900:Drivers/STM32F1xx_HAL_Driver/Src/stm32f1xx_hal_rcc.c **** 
 1503              		.loc 1 900 17 view .LVU457
 1504 0092 0646     		mov	r6, r0
ARM GAS  /tmp/ccpphuMd.s 			page 59


 1505              	.LVL107:
 902:Drivers/STM32F1xx_HAL_Driver/Src/stm32f1xx_hal_rcc.c ****     {
 1506              		.loc 1 902 5 is_stmt 1 view .LVU458
 1507              	.L135:
 902:Drivers/STM32F1xx_HAL_Driver/Src/stm32f1xx_hal_rcc.c ****     {
 1508              		.loc 1 902 42 discriminator 1 view .LVU459
 902:Drivers/STM32F1xx_HAL_Driver/Src/stm32f1xx_hal_rcc.c ****     {
 1509              		.loc 1 902 12 is_stmt 0 discriminator 1 view .LVU460
 1510 0094 2D4B     		ldr	r3, .L147+4
 1511 0096 5B68     		ldr	r3, [r3, #4]
 1512 0098 03F00C03 		and	r3, r3, #12
 902:Drivers/STM32F1xx_HAL_Driver/Src/stm32f1xx_hal_rcc.c ****     {
 1513              		.loc 1 902 63 discriminator 1 view .LVU461
 1514 009c 6268     		ldr	r2, [r4, #4]
 902:Drivers/STM32F1xx_HAL_Driver/Src/stm32f1xx_hal_rcc.c ****     {
 1515              		.loc 1 902 42 discriminator 1 view .LVU462
 1516 009e B3EB820F 		cmp	r3, r2, lsl #2
 1517 00a2 15D0     		beq	.L131
 904:Drivers/STM32F1xx_HAL_Driver/Src/stm32f1xx_hal_rcc.c ****       {
 1518              		.loc 1 904 7 is_stmt 1 view .LVU463
 904:Drivers/STM32F1xx_HAL_Driver/Src/stm32f1xx_hal_rcc.c ****       {
 1519              		.loc 1 904 12 is_stmt 0 view .LVU464
 1520 00a4 FFF7FEFF 		bl	HAL_GetTick
 1521              	.LVL108:
 904:Drivers/STM32F1xx_HAL_Driver/Src/stm32f1xx_hal_rcc.c ****       {
 1522              		.loc 1 904 26 discriminator 1 view .LVU465
 1523 00a8 801B     		subs	r0, r0, r6
 904:Drivers/STM32F1xx_HAL_Driver/Src/stm32f1xx_hal_rcc.c ****       {
 1524              		.loc 1 904 10 discriminator 1 view .LVU466
 1525 00aa 41F28833 		movw	r3, #5000
 1526 00ae 9842     		cmp	r0, r3
 1527 00b0 F0D9     		bls	.L135
 906:Drivers/STM32F1xx_HAL_Driver/Src/stm32f1xx_hal_rcc.c ****       }
 1528              		.loc 1 906 16 view .LVU467
 1529 00b2 0320     		movs	r0, #3
 1530 00b4 05E0     		b	.L125
 1531              	.LVL109:
 1532              	.L145:
 874:Drivers/STM32F1xx_HAL_Driver/Src/stm32f1xx_hal_rcc.c ****       {
 1533              		.loc 1 874 7 is_stmt 1 view .LVU468
 874:Drivers/STM32F1xx_HAL_Driver/Src/stm32f1xx_hal_rcc.c ****       {
 1534              		.loc 1 874 11 is_stmt 0 view .LVU469
 1535 00b6 254A     		ldr	r2, .L147+4
 1536 00b8 1268     		ldr	r2, [r2]
 874:Drivers/STM32F1xx_HAL_Driver/Src/stm32f1xx_hal_rcc.c ****       {
 1537              		.loc 1 874 10 view .LVU470
 1538 00ba 12F4003F 		tst	r2, #131072
 1539 00be E0D1     		bne	.L133
 1540              	.LVL110:
 1541              	.L127:
 818:Drivers/STM32F1xx_HAL_Driver/Src/stm32f1xx_hal_rcc.c ****   }
 1542              		.loc 1 818 12 view .LVU471
 1543 00c0 0120     		movs	r0, #1
 1544              	.L125:
 948:Drivers/STM32F1xx_HAL_Driver/Src/stm32f1xx_hal_rcc.c **** 
 1545              		.loc 1 948 1 view .LVU472
 1546 00c2 70BD     		pop	{r4, r5, r6, pc}
ARM GAS  /tmp/ccpphuMd.s 			page 60


 1547              	.LVL111:
 1548              	.L146:
 883:Drivers/STM32F1xx_HAL_Driver/Src/stm32f1xx_hal_rcc.c ****       {
 1549              		.loc 1 883 7 is_stmt 1 view .LVU473
 883:Drivers/STM32F1xx_HAL_Driver/Src/stm32f1xx_hal_rcc.c ****       {
 1550              		.loc 1 883 11 is_stmt 0 view .LVU474
 1551 00c4 214A     		ldr	r2, .L147+4
 1552 00c6 1268     		ldr	r2, [r2]
 883:Drivers/STM32F1xx_HAL_Driver/Src/stm32f1xx_hal_rcc.c ****       {
 1553              		.loc 1 883 10 view .LVU475
 1554 00c8 12F0007F 		tst	r2, #33554432
 1555 00cc D9D1     		bne	.L133
 1556 00ce F7E7     		b	.L127
 1557              	.LVL112:
 1558              	.L131:
 913:Drivers/STM32F1xx_HAL_Driver/Src/stm32f1xx_hal_rcc.c ****   {
 1559              		.loc 1 913 3 is_stmt 1 view .LVU476
 913:Drivers/STM32F1xx_HAL_Driver/Src/stm32f1xx_hal_rcc.c ****   {
 1560              		.loc 1 913 18 is_stmt 0 view .LVU477
 1561 00d0 1D4B     		ldr	r3, .L147
 1562 00d2 1B68     		ldr	r3, [r3]
 1563 00d4 03F00703 		and	r3, r3, #7
 913:Drivers/STM32F1xx_HAL_Driver/Src/stm32f1xx_hal_rcc.c ****   {
 1564              		.loc 1 913 6 view .LVU478
 1565 00d8 AB42     		cmp	r3, r5
 1566 00da 0AD9     		bls	.L137
 916:Drivers/STM32F1xx_HAL_Driver/Src/stm32f1xx_hal_rcc.c **** 
 1567              		.loc 1 916 5 is_stmt 1 view .LVU479
 1568 00dc 1A4A     		ldr	r2, .L147
 1569 00de 1368     		ldr	r3, [r2]
 1570 00e0 23F00703 		bic	r3, r3, #7
 1571 00e4 2B43     		orrs	r3, r3, r5
 1572 00e6 1360     		str	r3, [r2]
 920:Drivers/STM32F1xx_HAL_Driver/Src/stm32f1xx_hal_rcc.c ****   {
 1573              		.loc 1 920 5 view .LVU480
 920:Drivers/STM32F1xx_HAL_Driver/Src/stm32f1xx_hal_rcc.c ****   {
 1574              		.loc 1 920 9 is_stmt 0 view .LVU481
 1575 00e8 1368     		ldr	r3, [r2]
 1576 00ea 03F00703 		and	r3, r3, #7
 920:Drivers/STM32F1xx_HAL_Driver/Src/stm32f1xx_hal_rcc.c ****   {
 1577              		.loc 1 920 8 view .LVU482
 1578 00ee AB42     		cmp	r3, r5
 1579 00f0 E6D1     		bne	.L127
 1580              	.L137:
 928:Drivers/STM32F1xx_HAL_Driver/Src/stm32f1xx_hal_rcc.c ****   {
 1581              		.loc 1 928 1 is_stmt 1 view .LVU483
 928:Drivers/STM32F1xx_HAL_Driver/Src/stm32f1xx_hal_rcc.c ****   {
 1582              		.loc 1 928 24 is_stmt 0 view .LVU484
 1583 00f2 2368     		ldr	r3, [r4]
 928:Drivers/STM32F1xx_HAL_Driver/Src/stm32f1xx_hal_rcc.c ****   {
 1584              		.loc 1 928 4 view .LVU485
 1585 00f4 13F0040F 		tst	r3, #4
 1586 00f8 06D0     		beq	.L138
 930:Drivers/STM32F1xx_HAL_Driver/Src/stm32f1xx_hal_rcc.c ****     MODIFY_REG(RCC->CFGR, RCC_CFGR_PPRE1, RCC_ClkInitStruct->APB1CLKDivider);
 1587              		.loc 1 930 5 is_stmt 1 view .LVU486
 931:Drivers/STM32F1xx_HAL_Driver/Src/stm32f1xx_hal_rcc.c ****   }
 1588              		.loc 1 931 5 view .LVU487
ARM GAS  /tmp/ccpphuMd.s 			page 61


 1589 00fa 144A     		ldr	r2, .L147+4
 1590 00fc 5368     		ldr	r3, [r2, #4]
 1591 00fe 23F4E063 		bic	r3, r3, #1792
 1592 0102 E168     		ldr	r1, [r4, #12]
 1593 0104 0B43     		orrs	r3, r3, r1
 1594 0106 5360     		str	r3, [r2, #4]
 1595              	.L138:
 935:Drivers/STM32F1xx_HAL_Driver/Src/stm32f1xx_hal_rcc.c ****   {
 1596              		.loc 1 935 3 view .LVU488
 935:Drivers/STM32F1xx_HAL_Driver/Src/stm32f1xx_hal_rcc.c ****   {
 1597              		.loc 1 935 26 is_stmt 0 view .LVU489
 1598 0108 2368     		ldr	r3, [r4]
 935:Drivers/STM32F1xx_HAL_Driver/Src/stm32f1xx_hal_rcc.c ****   {
 1599              		.loc 1 935 6 view .LVU490
 1600 010a 13F0080F 		tst	r3, #8
 1601 010e 07D0     		beq	.L139
 937:Drivers/STM32F1xx_HAL_Driver/Src/stm32f1xx_hal_rcc.c ****     MODIFY_REG(RCC->CFGR, RCC_CFGR_PPRE2, ((RCC_ClkInitStruct->APB2CLKDivider) << 3));
 1602              		.loc 1 937 5 is_stmt 1 view .LVU491
 938:Drivers/STM32F1xx_HAL_Driver/Src/stm32f1xx_hal_rcc.c ****   }
 1603              		.loc 1 938 5 view .LVU492
 1604 0110 0E4A     		ldr	r2, .L147+4
 1605 0112 5368     		ldr	r3, [r2, #4]
 1606 0114 23F46053 		bic	r3, r3, #14336
 1607 0118 2169     		ldr	r1, [r4, #16]
 1608 011a 43EAC103 		orr	r3, r3, r1, lsl #3
 1609 011e 5360     		str	r3, [r2, #4]
 1610              	.L139:
 942:Drivers/STM32F1xx_HAL_Driver/Src/stm32f1xx_hal_rcc.c **** 
 1611              		.loc 1 942 3 view .LVU493
 942:Drivers/STM32F1xx_HAL_Driver/Src/stm32f1xx_hal_rcc.c **** 
 1612              		.loc 1 942 21 is_stmt 0 view .LVU494
 1613 0120 FFF7FEFF 		bl	HAL_RCC_GetSysClockFreq
 1614              	.LVL113:
 942:Drivers/STM32F1xx_HAL_Driver/Src/stm32f1xx_hal_rcc.c **** 
 1615              		.loc 1 942 68 discriminator 1 view .LVU495
 1616 0124 094B     		ldr	r3, .L147+4
 1617 0126 5B68     		ldr	r3, [r3, #4]
 942:Drivers/STM32F1xx_HAL_Driver/Src/stm32f1xx_hal_rcc.c **** 
 1618              		.loc 1 942 92 discriminator 1 view .LVU496
 1619 0128 C3F30313 		ubfx	r3, r3, #4, #4
 942:Drivers/STM32F1xx_HAL_Driver/Src/stm32f1xx_hal_rcc.c **** 
 1620              		.loc 1 942 63 discriminator 1 view .LVU497
 1621 012c 084A     		ldr	r2, .L147+8
 1622 012e D35C     		ldrb	r3, [r2, r3]	@ zero_extendqisi2
 942:Drivers/STM32F1xx_HAL_Driver/Src/stm32f1xx_hal_rcc.c **** 
 1623              		.loc 1 942 47 discriminator 1 view .LVU498
 1624 0130 D840     		lsrs	r0, r0, r3
 942:Drivers/STM32F1xx_HAL_Driver/Src/stm32f1xx_hal_rcc.c **** 
 1625              		.loc 1 942 19 discriminator 1 view .LVU499
 1626 0132 084B     		ldr	r3, .L147+12
 1627 0134 1860     		str	r0, [r3]
 945:Drivers/STM32F1xx_HAL_Driver/Src/stm32f1xx_hal_rcc.c **** 
 1628              		.loc 1 945 3 is_stmt 1 view .LVU500
 1629 0136 084B     		ldr	r3, .L147+16
 1630 0138 1868     		ldr	r0, [r3]
 1631 013a FFF7FEFF 		bl	HAL_InitTick
 1632              	.LVL114:
ARM GAS  /tmp/ccpphuMd.s 			page 62


 947:Drivers/STM32F1xx_HAL_Driver/Src/stm32f1xx_hal_rcc.c **** }
 1633              		.loc 1 947 3 view .LVU501
 947:Drivers/STM32F1xx_HAL_Driver/Src/stm32f1xx_hal_rcc.c **** }
 1634              		.loc 1 947 10 is_stmt 0 view .LVU502
 1635 013e 0020     		movs	r0, #0
 1636 0140 BFE7     		b	.L125
 1637              	.LVL115:
 1638              	.L144:
 1639              	.LCFI12:
 1640              		.cfi_def_cfa_offset 0
 1641              		.cfi_restore 4
 1642              		.cfi_restore 5
 1643              		.cfi_restore 6
 1644              		.cfi_restore 14
 818:Drivers/STM32F1xx_HAL_Driver/Src/stm32f1xx_hal_rcc.c ****   }
 1645              		.loc 1 818 12 view .LVU503
 1646 0142 0120     		movs	r0, #1
 1647              	.LVL116:
 948:Drivers/STM32F1xx_HAL_Driver/Src/stm32f1xx_hal_rcc.c **** 
 1648              		.loc 1 948 1 view .LVU504
 1649 0144 7047     		bx	lr
 1650              	.L148:
 1651 0146 00BF     		.align	2
 1652              	.L147:
 1653 0148 00200240 		.word	1073881088
 1654 014c 00100240 		.word	1073876992
 1655 0150 00000000 		.word	AHBPrescTable
 1656 0154 00000000 		.word	SystemCoreClock
 1657 0158 00000000 		.word	uwTickPrio
 1658              		.cfi_endproc
 1659              	.LFE67:
 1661              		.section	.text.HAL_RCC_GetHCLKFreq,"ax",%progbits
 1662              		.align	1
 1663              		.global	HAL_RCC_GetHCLKFreq
 1664              		.syntax unified
 1665              		.thumb
 1666              		.thumb_func
 1668              	HAL_RCC_GetHCLKFreq:
 1669              	.LFB72:
1175:Drivers/STM32F1xx_HAL_Driver/Src/stm32f1xx_hal_rcc.c ****   return SystemCoreClock;
 1670              		.loc 1 1175 1 is_stmt 1 view -0
 1671              		.cfi_startproc
 1672              		@ args = 0, pretend = 0, frame = 0
 1673              		@ frame_needed = 0, uses_anonymous_args = 0
 1674              		@ link register save eliminated.
1176:Drivers/STM32F1xx_HAL_Driver/Src/stm32f1xx_hal_rcc.c **** }
 1675              		.loc 1 1176 3 view .LVU506
1177:Drivers/STM32F1xx_HAL_Driver/Src/stm32f1xx_hal_rcc.c **** 
 1676              		.loc 1 1177 1 is_stmt 0 view .LVU507
 1677 0000 014B     		ldr	r3, .L150
 1678 0002 1868     		ldr	r0, [r3]
 1679 0004 7047     		bx	lr
 1680              	.L151:
 1681 0006 00BF     		.align	2
 1682              	.L150:
 1683 0008 00000000 		.word	SystemCoreClock
 1684              		.cfi_endproc
ARM GAS  /tmp/ccpphuMd.s 			page 63


 1685              	.LFE72:
 1687              		.section	.text.HAL_RCC_GetPCLK1Freq,"ax",%progbits
 1688              		.align	1
 1689              		.global	HAL_RCC_GetPCLK1Freq
 1690              		.syntax unified
 1691              		.thumb
 1692              		.thumb_func
 1694              	HAL_RCC_GetPCLK1Freq:
 1695              	.LFB73:
1186:Drivers/STM32F1xx_HAL_Driver/Src/stm32f1xx_hal_rcc.c ****   /* Get HCLK source and Compute PCLK1 frequency ---------------------------*/
 1696              		.loc 1 1186 1 is_stmt 1 view -0
 1697              		.cfi_startproc
 1698              		@ args = 0, pretend = 0, frame = 0
 1699              		@ frame_needed = 0, uses_anonymous_args = 0
 1700 0000 08B5     		push	{r3, lr}
 1701              	.LCFI13:
 1702              		.cfi_def_cfa_offset 8
 1703              		.cfi_offset 3, -8
 1704              		.cfi_offset 14, -4
1188:Drivers/STM32F1xx_HAL_Driver/Src/stm32f1xx_hal_rcc.c **** }
 1705              		.loc 1 1188 3 view .LVU509
1188:Drivers/STM32F1xx_HAL_Driver/Src/stm32f1xx_hal_rcc.c **** }
 1706              		.loc 1 1188 11 is_stmt 0 view .LVU510
 1707 0002 FFF7FEFF 		bl	HAL_RCC_GetHCLKFreq
 1708              	.LVL117:
1188:Drivers/STM32F1xx_HAL_Driver/Src/stm32f1xx_hal_rcc.c **** }
 1709              		.loc 1 1188 54 discriminator 1 view .LVU511
 1710 0006 044B     		ldr	r3, .L154
 1711 0008 5B68     		ldr	r3, [r3, #4]
1188:Drivers/STM32F1xx_HAL_Driver/Src/stm32f1xx_hal_rcc.c **** }
 1712              		.loc 1 1188 79 discriminator 1 view .LVU512
 1713 000a C3F30223 		ubfx	r3, r3, #8, #3
1188:Drivers/STM32F1xx_HAL_Driver/Src/stm32f1xx_hal_rcc.c **** }
 1714              		.loc 1 1188 49 discriminator 1 view .LVU513
 1715 000e 034A     		ldr	r2, .L154+4
 1716 0010 D35C     		ldrb	r3, [r2, r3]	@ zero_extendqisi2
1189:Drivers/STM32F1xx_HAL_Driver/Src/stm32f1xx_hal_rcc.c **** 
 1717              		.loc 1 1189 1 view .LVU514
 1718 0012 D840     		lsrs	r0, r0, r3
 1719 0014 08BD     		pop	{r3, pc}
 1720              	.L155:
 1721 0016 00BF     		.align	2
 1722              	.L154:
 1723 0018 00100240 		.word	1073876992
 1724 001c 00000000 		.word	APBPrescTable
 1725              		.cfi_endproc
 1726              	.LFE73:
 1728              		.section	.text.HAL_RCC_GetPCLK2Freq,"ax",%progbits
 1729              		.align	1
 1730              		.global	HAL_RCC_GetPCLK2Freq
 1731              		.syntax unified
 1732              		.thumb
 1733              		.thumb_func
 1735              	HAL_RCC_GetPCLK2Freq:
 1736              	.LFB74:
1198:Drivers/STM32F1xx_HAL_Driver/Src/stm32f1xx_hal_rcc.c ****   /* Get HCLK source and Compute PCLK2 frequency ---------------------------*/
 1737              		.loc 1 1198 1 is_stmt 1 view -0
ARM GAS  /tmp/ccpphuMd.s 			page 64


 1738              		.cfi_startproc
 1739              		@ args = 0, pretend = 0, frame = 0
 1740              		@ frame_needed = 0, uses_anonymous_args = 0
 1741 0000 08B5     		push	{r3, lr}
 1742              	.LCFI14:
 1743              		.cfi_def_cfa_offset 8
 1744              		.cfi_offset 3, -8
 1745              		.cfi_offset 14, -4
1200:Drivers/STM32F1xx_HAL_Driver/Src/stm32f1xx_hal_rcc.c **** }
 1746              		.loc 1 1200 3 view .LVU516
1200:Drivers/STM32F1xx_HAL_Driver/Src/stm32f1xx_hal_rcc.c **** }
 1747              		.loc 1 1200 11 is_stmt 0 view .LVU517
 1748 0002 FFF7FEFF 		bl	HAL_RCC_GetHCLKFreq
 1749              	.LVL118:
1200:Drivers/STM32F1xx_HAL_Driver/Src/stm32f1xx_hal_rcc.c **** }
 1750              		.loc 1 1200 54 discriminator 1 view .LVU518
 1751 0006 044B     		ldr	r3, .L158
 1752 0008 5B68     		ldr	r3, [r3, #4]
1200:Drivers/STM32F1xx_HAL_Driver/Src/stm32f1xx_hal_rcc.c **** }
 1753              		.loc 1 1200 79 discriminator 1 view .LVU519
 1754 000a C3F3C223 		ubfx	r3, r3, #11, #3
1200:Drivers/STM32F1xx_HAL_Driver/Src/stm32f1xx_hal_rcc.c **** }
 1755              		.loc 1 1200 49 discriminator 1 view .LVU520
 1756 000e 034A     		ldr	r2, .L158+4
 1757 0010 D35C     		ldrb	r3, [r2, r3]	@ zero_extendqisi2
1201:Drivers/STM32F1xx_HAL_Driver/Src/stm32f1xx_hal_rcc.c **** 
 1758              		.loc 1 1201 1 view .LVU521
 1759 0012 D840     		lsrs	r0, r0, r3
 1760 0014 08BD     		pop	{r3, pc}
 1761              	.L159:
 1762 0016 00BF     		.align	2
 1763              	.L158:
 1764 0018 00100240 		.word	1073876992
 1765 001c 00000000 		.word	APBPrescTable
 1766              		.cfi_endproc
 1767              	.LFE74:
 1769              		.section	.text.HAL_RCC_GetOscConfig,"ax",%progbits
 1770              		.align	1
 1771              		.global	HAL_RCC_GetOscConfig
 1772              		.syntax unified
 1773              		.thumb
 1774              		.thumb_func
 1776              	HAL_RCC_GetOscConfig:
 1777              	.LVL119:
 1778              	.LFB75:
1211:Drivers/STM32F1xx_HAL_Driver/Src/stm32f1xx_hal_rcc.c ****   /* Check the parameters */
 1779              		.loc 1 1211 1 is_stmt 1 view -0
 1780              		.cfi_startproc
 1781              		@ args = 0, pretend = 0, frame = 0
 1782              		@ frame_needed = 0, uses_anonymous_args = 0
 1783              		@ link register save eliminated.
1213:Drivers/STM32F1xx_HAL_Driver/Src/stm32f1xx_hal_rcc.c **** 
 1784              		.loc 1 1213 3 view .LVU523
1216:Drivers/STM32F1xx_HAL_Driver/Src/stm32f1xx_hal_rcc.c ****                                       | RCC_OSCILLATORTYPE_LSE | RCC_OSCILLATORTYPE_LSI;
 1785              		.loc 1 1216 3 view .LVU524
1216:Drivers/STM32F1xx_HAL_Driver/Src/stm32f1xx_hal_rcc.c ****                                       | RCC_OSCILLATORTYPE_LSE | RCC_OSCILLATORTYPE_LSI;
 1786              		.loc 1 1216 37 is_stmt 0 view .LVU525
ARM GAS  /tmp/ccpphuMd.s 			page 65


 1787 0000 0F23     		movs	r3, #15
 1788 0002 0360     		str	r3, [r0]
1225:Drivers/STM32F1xx_HAL_Driver/Src/stm32f1xx_hal_rcc.c ****   {
 1789              		.loc 1 1225 3 is_stmt 1 view .LVU526
1225:Drivers/STM32F1xx_HAL_Driver/Src/stm32f1xx_hal_rcc.c ****   {
 1790              		.loc 1 1225 11 is_stmt 0 view .LVU527
 1791 0004 2A4B     		ldr	r3, .L173
 1792 0006 1B68     		ldr	r3, [r3]
1225:Drivers/STM32F1xx_HAL_Driver/Src/stm32f1xx_hal_rcc.c ****   {
 1793              		.loc 1 1225 6 view .LVU528
 1794 0008 13F4802F 		tst	r3, #262144
 1795 000c 30D0     		beq	.L161
1227:Drivers/STM32F1xx_HAL_Driver/Src/stm32f1xx_hal_rcc.c ****   }
 1796              		.loc 1 1227 5 is_stmt 1 view .LVU529
1227:Drivers/STM32F1xx_HAL_Driver/Src/stm32f1xx_hal_rcc.c ****   }
 1797              		.loc 1 1227 33 is_stmt 0 view .LVU530
 1798 000e 4FF4A023 		mov	r3, #327680
 1799 0012 4360     		str	r3, [r0, #4]
 1800              	.L162:
1237:Drivers/STM32F1xx_HAL_Driver/Src/stm32f1xx_hal_rcc.c **** 
 1801              		.loc 1 1237 3 is_stmt 1 view .LVU531
1237:Drivers/STM32F1xx_HAL_Driver/Src/stm32f1xx_hal_rcc.c **** 
 1802              		.loc 1 1237 39 is_stmt 0 view .LVU532
 1803 0014 264A     		ldr	r2, .L173
 1804 0016 5368     		ldr	r3, [r2, #4]
 1805 0018 03F40033 		and	r3, r3, #131072
1237:Drivers/STM32F1xx_HAL_Driver/Src/stm32f1xx_hal_rcc.c **** 
 1806              		.loc 1 1237 37 view .LVU533
 1807 001c 8360     		str	r3, [r0, #8]
1240:Drivers/STM32F1xx_HAL_Driver/Src/stm32f1xx_hal_rcc.c ****   {
 1808              		.loc 1 1240 3 is_stmt 1 view .LVU534
1240:Drivers/STM32F1xx_HAL_Driver/Src/stm32f1xx_hal_rcc.c ****   {
 1809              		.loc 1 1240 11 is_stmt 0 view .LVU535
 1810 001e 1368     		ldr	r3, [r2]
1240:Drivers/STM32F1xx_HAL_Driver/Src/stm32f1xx_hal_rcc.c ****   {
 1811              		.loc 1 1240 6 view .LVU536
 1812 0020 13F0010F 		tst	r3, #1
 1813 0024 30D0     		beq	.L164
1242:Drivers/STM32F1xx_HAL_Driver/Src/stm32f1xx_hal_rcc.c ****   }
 1814              		.loc 1 1242 5 is_stmt 1 view .LVU537
1242:Drivers/STM32F1xx_HAL_Driver/Src/stm32f1xx_hal_rcc.c ****   }
 1815              		.loc 1 1242 33 is_stmt 0 view .LVU538
 1816 0026 0123     		movs	r3, #1
 1817 0028 0361     		str	r3, [r0, #16]
 1818              	.L165:
1249:Drivers/STM32F1xx_HAL_Driver/Src/stm32f1xx_hal_rcc.c **** 
 1819              		.loc 1 1249 3 is_stmt 1 view .LVU539
1249:Drivers/STM32F1xx_HAL_Driver/Src/stm32f1xx_hal_rcc.c **** 
 1820              		.loc 1 1249 59 is_stmt 0 view .LVU540
 1821 002a 214A     		ldr	r2, .L173
 1822 002c 1368     		ldr	r3, [r2]
1249:Drivers/STM32F1xx_HAL_Driver/Src/stm32f1xx_hal_rcc.c **** 
 1823              		.loc 1 1249 44 view .LVU541
 1824 002e C3F3C403 		ubfx	r3, r3, #3, #5
1249:Drivers/STM32F1xx_HAL_Driver/Src/stm32f1xx_hal_rcc.c **** 
 1825              		.loc 1 1249 42 view .LVU542
 1826 0032 4361     		str	r3, [r0, #20]
ARM GAS  /tmp/ccpphuMd.s 			page 66


1252:Drivers/STM32F1xx_HAL_Driver/Src/stm32f1xx_hal_rcc.c ****   {
 1827              		.loc 1 1252 3 is_stmt 1 view .LVU543
1252:Drivers/STM32F1xx_HAL_Driver/Src/stm32f1xx_hal_rcc.c ****   {
 1828              		.loc 1 1252 11 is_stmt 0 view .LVU544
 1829 0034 136A     		ldr	r3, [r2, #32]
1252:Drivers/STM32F1xx_HAL_Driver/Src/stm32f1xx_hal_rcc.c ****   {
 1830              		.loc 1 1252 6 view .LVU545
 1831 0036 13F0040F 		tst	r3, #4
 1832 003a 28D0     		beq	.L166
1254:Drivers/STM32F1xx_HAL_Driver/Src/stm32f1xx_hal_rcc.c ****   }
 1833              		.loc 1 1254 5 is_stmt 1 view .LVU546
1254:Drivers/STM32F1xx_HAL_Driver/Src/stm32f1xx_hal_rcc.c ****   }
 1834              		.loc 1 1254 33 is_stmt 0 view .LVU547
 1835 003c 0523     		movs	r3, #5
 1836 003e C360     		str	r3, [r0, #12]
 1837              	.L167:
1266:Drivers/STM32F1xx_HAL_Driver/Src/stm32f1xx_hal_rcc.c ****   {
 1838              		.loc 1 1266 3 is_stmt 1 view .LVU548
1266:Drivers/STM32F1xx_HAL_Driver/Src/stm32f1xx_hal_rcc.c ****   {
 1839              		.loc 1 1266 11 is_stmt 0 view .LVU549
 1840 0040 1B4B     		ldr	r3, .L173
 1841 0042 5B6A     		ldr	r3, [r3, #36]
1266:Drivers/STM32F1xx_HAL_Driver/Src/stm32f1xx_hal_rcc.c ****   {
 1842              		.loc 1 1266 6 view .LVU550
 1843 0044 13F0010F 		tst	r3, #1
 1844 0048 2CD0     		beq	.L169
1268:Drivers/STM32F1xx_HAL_Driver/Src/stm32f1xx_hal_rcc.c ****   }
 1845              		.loc 1 1268 5 is_stmt 1 view .LVU551
1268:Drivers/STM32F1xx_HAL_Driver/Src/stm32f1xx_hal_rcc.c ****   }
 1846              		.loc 1 1268 33 is_stmt 0 view .LVU552
 1847 004a 0123     		movs	r3, #1
 1848 004c 8361     		str	r3, [r0, #24]
 1849              	.L170:
1277:Drivers/STM32F1xx_HAL_Driver/Src/stm32f1xx_hal_rcc.c ****   {
 1850              		.loc 1 1277 3 is_stmt 1 view .LVU553
1277:Drivers/STM32F1xx_HAL_Driver/Src/stm32f1xx_hal_rcc.c ****   {
 1851              		.loc 1 1277 11 is_stmt 0 view .LVU554
 1852 004e 184B     		ldr	r3, .L173
 1853 0050 1B68     		ldr	r3, [r3]
1277:Drivers/STM32F1xx_HAL_Driver/Src/stm32f1xx_hal_rcc.c ****   {
 1854              		.loc 1 1277 6 view .LVU555
 1855 0052 13F0807F 		tst	r3, #16777216
 1856 0056 28D0     		beq	.L171
1279:Drivers/STM32F1xx_HAL_Driver/Src/stm32f1xx_hal_rcc.c ****   }
 1857              		.loc 1 1279 5 is_stmt 1 view .LVU556
1279:Drivers/STM32F1xx_HAL_Driver/Src/stm32f1xx_hal_rcc.c ****   }
 1858              		.loc 1 1279 37 is_stmt 0 view .LVU557
 1859 0058 0223     		movs	r3, #2
 1860 005a C361     		str	r3, [r0, #28]
 1861              	.L172:
1285:Drivers/STM32F1xx_HAL_Driver/Src/stm32f1xx_hal_rcc.c ****   RCC_OscInitStruct->PLL.PLLMUL = (uint32_t)(RCC->CFGR & RCC_CFGR_PLLMULL);
 1862              		.loc 1 1285 3 is_stmt 1 view .LVU558
1285:Drivers/STM32F1xx_HAL_Driver/Src/stm32f1xx_hal_rcc.c ****   RCC_OscInitStruct->PLL.PLLMUL = (uint32_t)(RCC->CFGR & RCC_CFGR_PLLMULL);
 1863              		.loc 1 1285 52 is_stmt 0 view .LVU559
 1864 005c 144A     		ldr	r2, .L173
 1865 005e 5368     		ldr	r3, [r2, #4]
1285:Drivers/STM32F1xx_HAL_Driver/Src/stm32f1xx_hal_rcc.c ****   RCC_OscInitStruct->PLL.PLLMUL = (uint32_t)(RCC->CFGR & RCC_CFGR_PLLMULL);
ARM GAS  /tmp/ccpphuMd.s 			page 67


 1866              		.loc 1 1285 38 view .LVU560
 1867 0060 03F48033 		and	r3, r3, #65536
1285:Drivers/STM32F1xx_HAL_Driver/Src/stm32f1xx_hal_rcc.c ****   RCC_OscInitStruct->PLL.PLLMUL = (uint32_t)(RCC->CFGR & RCC_CFGR_PLLMULL);
 1868              		.loc 1 1285 36 view .LVU561
 1869 0064 0362     		str	r3, [r0, #32]
1286:Drivers/STM32F1xx_HAL_Driver/Src/stm32f1xx_hal_rcc.c **** #if defined(RCC_CR_PLL2ON)
 1870              		.loc 1 1286 3 is_stmt 1 view .LVU562
1286:Drivers/STM32F1xx_HAL_Driver/Src/stm32f1xx_hal_rcc.c **** #if defined(RCC_CR_PLL2ON)
 1871              		.loc 1 1286 49 is_stmt 0 view .LVU563
 1872 0066 5368     		ldr	r3, [r2, #4]
1286:Drivers/STM32F1xx_HAL_Driver/Src/stm32f1xx_hal_rcc.c **** #if defined(RCC_CR_PLL2ON)
 1873              		.loc 1 1286 35 view .LVU564
 1874 0068 03F47013 		and	r3, r3, #3932160
1286:Drivers/STM32F1xx_HAL_Driver/Src/stm32f1xx_hal_rcc.c **** #if defined(RCC_CR_PLL2ON)
 1875              		.loc 1 1286 33 view .LVU565
 1876 006c 4362     		str	r3, [r0, #36]
1300:Drivers/STM32F1xx_HAL_Driver/Src/stm32f1xx_hal_rcc.c **** 
 1877              		.loc 1 1300 1 view .LVU566
 1878 006e 7047     		bx	lr
 1879              	.L161:
1229:Drivers/STM32F1xx_HAL_Driver/Src/stm32f1xx_hal_rcc.c ****   {
 1880              		.loc 1 1229 8 is_stmt 1 view .LVU567
1229:Drivers/STM32F1xx_HAL_Driver/Src/stm32f1xx_hal_rcc.c ****   {
 1881              		.loc 1 1229 16 is_stmt 0 view .LVU568
 1882 0070 0F4B     		ldr	r3, .L173
 1883 0072 1B68     		ldr	r3, [r3]
1229:Drivers/STM32F1xx_HAL_Driver/Src/stm32f1xx_hal_rcc.c ****   {
 1884              		.loc 1 1229 11 view .LVU569
 1885 0074 13F4803F 		tst	r3, #65536
 1886 0078 03D0     		beq	.L163
1231:Drivers/STM32F1xx_HAL_Driver/Src/stm32f1xx_hal_rcc.c ****   }
 1887              		.loc 1 1231 5 is_stmt 1 view .LVU570
1231:Drivers/STM32F1xx_HAL_Driver/Src/stm32f1xx_hal_rcc.c ****   }
 1888              		.loc 1 1231 33 is_stmt 0 view .LVU571
 1889 007a 4FF48033 		mov	r3, #65536
 1890 007e 4360     		str	r3, [r0, #4]
 1891 0080 C8E7     		b	.L162
 1892              	.L163:
1235:Drivers/STM32F1xx_HAL_Driver/Src/stm32f1xx_hal_rcc.c ****   }
 1893              		.loc 1 1235 5 is_stmt 1 view .LVU572
1235:Drivers/STM32F1xx_HAL_Driver/Src/stm32f1xx_hal_rcc.c ****   }
 1894              		.loc 1 1235 33 is_stmt 0 view .LVU573
 1895 0082 0023     		movs	r3, #0
 1896 0084 4360     		str	r3, [r0, #4]
 1897 0086 C5E7     		b	.L162
 1898              	.L164:
1246:Drivers/STM32F1xx_HAL_Driver/Src/stm32f1xx_hal_rcc.c ****   }
 1899              		.loc 1 1246 5 is_stmt 1 view .LVU574
1246:Drivers/STM32F1xx_HAL_Driver/Src/stm32f1xx_hal_rcc.c ****   }
 1900              		.loc 1 1246 33 is_stmt 0 view .LVU575
 1901 0088 0023     		movs	r3, #0
 1902 008a 0361     		str	r3, [r0, #16]
 1903 008c CDE7     		b	.L165
 1904              	.L166:
1256:Drivers/STM32F1xx_HAL_Driver/Src/stm32f1xx_hal_rcc.c ****   {
 1905              		.loc 1 1256 8 is_stmt 1 view .LVU576
1256:Drivers/STM32F1xx_HAL_Driver/Src/stm32f1xx_hal_rcc.c ****   {
ARM GAS  /tmp/ccpphuMd.s 			page 68


 1906              		.loc 1 1256 16 is_stmt 0 view .LVU577
 1907 008e 084B     		ldr	r3, .L173
 1908 0090 1B6A     		ldr	r3, [r3, #32]
1256:Drivers/STM32F1xx_HAL_Driver/Src/stm32f1xx_hal_rcc.c ****   {
 1909              		.loc 1 1256 11 view .LVU578
 1910 0092 13F0010F 		tst	r3, #1
 1911 0096 02D0     		beq	.L168
1258:Drivers/STM32F1xx_HAL_Driver/Src/stm32f1xx_hal_rcc.c ****   }
 1912              		.loc 1 1258 5 is_stmt 1 view .LVU579
1258:Drivers/STM32F1xx_HAL_Driver/Src/stm32f1xx_hal_rcc.c ****   }
 1913              		.loc 1 1258 33 is_stmt 0 view .LVU580
 1914 0098 0123     		movs	r3, #1
 1915 009a C360     		str	r3, [r0, #12]
 1916 009c D0E7     		b	.L167
 1917              	.L168:
1262:Drivers/STM32F1xx_HAL_Driver/Src/stm32f1xx_hal_rcc.c ****   }
 1918              		.loc 1 1262 5 is_stmt 1 view .LVU581
1262:Drivers/STM32F1xx_HAL_Driver/Src/stm32f1xx_hal_rcc.c ****   }
 1919              		.loc 1 1262 33 is_stmt 0 view .LVU582
 1920 009e 0023     		movs	r3, #0
 1921 00a0 C360     		str	r3, [r0, #12]
 1922 00a2 CDE7     		b	.L167
 1923              	.L169:
1272:Drivers/STM32F1xx_HAL_Driver/Src/stm32f1xx_hal_rcc.c ****   }
 1924              		.loc 1 1272 5 is_stmt 1 view .LVU583
1272:Drivers/STM32F1xx_HAL_Driver/Src/stm32f1xx_hal_rcc.c ****   }
 1925              		.loc 1 1272 33 is_stmt 0 view .LVU584
 1926 00a4 0023     		movs	r3, #0
 1927 00a6 8361     		str	r3, [r0, #24]
 1928 00a8 D1E7     		b	.L170
 1929              	.L171:
1283:Drivers/STM32F1xx_HAL_Driver/Src/stm32f1xx_hal_rcc.c ****   }
 1930              		.loc 1 1283 5 is_stmt 1 view .LVU585
1283:Drivers/STM32F1xx_HAL_Driver/Src/stm32f1xx_hal_rcc.c ****   }
 1931              		.loc 1 1283 37 is_stmt 0 view .LVU586
 1932 00aa 0123     		movs	r3, #1
 1933 00ac C361     		str	r3, [r0, #28]
 1934 00ae D5E7     		b	.L172
 1935              	.L174:
 1936              		.align	2
 1937              	.L173:
 1938 00b0 00100240 		.word	1073876992
 1939              		.cfi_endproc
 1940              	.LFE75:
 1942              		.section	.text.HAL_RCC_GetClockConfig,"ax",%progbits
 1943              		.align	1
 1944              		.global	HAL_RCC_GetClockConfig
 1945              		.syntax unified
 1946              		.thumb
 1947              		.thumb_func
 1949              	HAL_RCC_GetClockConfig:
 1950              	.LVL120:
 1951              	.LFB76:
1311:Drivers/STM32F1xx_HAL_Driver/Src/stm32f1xx_hal_rcc.c ****   /* Check the parameters */
 1952              		.loc 1 1311 1 is_stmt 1 view -0
 1953              		.cfi_startproc
 1954              		@ args = 0, pretend = 0, frame = 0
ARM GAS  /tmp/ccpphuMd.s 			page 69


 1955              		@ frame_needed = 0, uses_anonymous_args = 0
 1956              		@ link register save eliminated.
1313:Drivers/STM32F1xx_HAL_Driver/Src/stm32f1xx_hal_rcc.c ****   assert_param(pFLatency != NULL);
 1957              		.loc 1 1313 3 view .LVU588
1314:Drivers/STM32F1xx_HAL_Driver/Src/stm32f1xx_hal_rcc.c **** 
 1958              		.loc 1 1314 3 view .LVU589
1317:Drivers/STM32F1xx_HAL_Driver/Src/stm32f1xx_hal_rcc.c **** 
 1959              		.loc 1 1317 3 view .LVU590
1317:Drivers/STM32F1xx_HAL_Driver/Src/stm32f1xx_hal_rcc.c **** 
 1960              		.loc 1 1317 32 is_stmt 0 view .LVU591
 1961 0000 0F23     		movs	r3, #15
 1962 0002 0360     		str	r3, [r0]
1320:Drivers/STM32F1xx_HAL_Driver/Src/stm32f1xx_hal_rcc.c **** 
 1963              		.loc 1 1320 3 is_stmt 1 view .LVU592
1320:Drivers/STM32F1xx_HAL_Driver/Src/stm32f1xx_hal_rcc.c **** 
 1964              		.loc 1 1320 51 is_stmt 0 view .LVU593
 1965 0004 0B4B     		ldr	r3, .L176
 1966 0006 5A68     		ldr	r2, [r3, #4]
1320:Drivers/STM32F1xx_HAL_Driver/Src/stm32f1xx_hal_rcc.c **** 
 1967              		.loc 1 1320 37 view .LVU594
 1968 0008 02F00302 		and	r2, r2, #3
1320:Drivers/STM32F1xx_HAL_Driver/Src/stm32f1xx_hal_rcc.c **** 
 1969              		.loc 1 1320 35 view .LVU595
 1970 000c 4260     		str	r2, [r0, #4]
1323:Drivers/STM32F1xx_HAL_Driver/Src/stm32f1xx_hal_rcc.c **** 
 1971              		.loc 1 1323 3 is_stmt 1 view .LVU596
1323:Drivers/STM32F1xx_HAL_Driver/Src/stm32f1xx_hal_rcc.c **** 
 1972              		.loc 1 1323 52 is_stmt 0 view .LVU597
 1973 000e 5A68     		ldr	r2, [r3, #4]
1323:Drivers/STM32F1xx_HAL_Driver/Src/stm32f1xx_hal_rcc.c **** 
 1974              		.loc 1 1323 38 view .LVU598
 1975 0010 02F0F002 		and	r2, r2, #240
1323:Drivers/STM32F1xx_HAL_Driver/Src/stm32f1xx_hal_rcc.c **** 
 1976              		.loc 1 1323 36 view .LVU599
 1977 0014 8260     		str	r2, [r0, #8]
1326:Drivers/STM32F1xx_HAL_Driver/Src/stm32f1xx_hal_rcc.c **** 
 1978              		.loc 1 1326 3 is_stmt 1 view .LVU600
1326:Drivers/STM32F1xx_HAL_Driver/Src/stm32f1xx_hal_rcc.c **** 
 1979              		.loc 1 1326 53 is_stmt 0 view .LVU601
 1980 0016 5A68     		ldr	r2, [r3, #4]
1326:Drivers/STM32F1xx_HAL_Driver/Src/stm32f1xx_hal_rcc.c **** 
 1981              		.loc 1 1326 39 view .LVU602
 1982 0018 02F4E062 		and	r2, r2, #1792
1326:Drivers/STM32F1xx_HAL_Driver/Src/stm32f1xx_hal_rcc.c **** 
 1983              		.loc 1 1326 37 view .LVU603
 1984 001c C260     		str	r2, [r0, #12]
1329:Drivers/STM32F1xx_HAL_Driver/Src/stm32f1xx_hal_rcc.c **** 
 1985              		.loc 1 1329 3 is_stmt 1 view .LVU604
1329:Drivers/STM32F1xx_HAL_Driver/Src/stm32f1xx_hal_rcc.c **** 
 1986              		.loc 1 1329 54 is_stmt 0 view .LVU605
 1987 001e 5B68     		ldr	r3, [r3, #4]
1329:Drivers/STM32F1xx_HAL_Driver/Src/stm32f1xx_hal_rcc.c **** 
 1988              		.loc 1 1329 39 view .LVU606
 1989 0020 DB08     		lsrs	r3, r3, #3
 1990 0022 03F4E063 		and	r3, r3, #1792
1329:Drivers/STM32F1xx_HAL_Driver/Src/stm32f1xx_hal_rcc.c **** 
 1991              		.loc 1 1329 37 view .LVU607
ARM GAS  /tmp/ccpphuMd.s 			page 70


 1992 0026 0361     		str	r3, [r0, #16]
1333:Drivers/STM32F1xx_HAL_Driver/Src/stm32f1xx_hal_rcc.c **** #else
 1993              		.loc 1 1333 3 is_stmt 1 view .LVU608
1333:Drivers/STM32F1xx_HAL_Driver/Src/stm32f1xx_hal_rcc.c **** #else
 1994              		.loc 1 1333 32 is_stmt 0 view .LVU609
 1995 0028 034B     		ldr	r3, .L176+4
 1996 002a 1B68     		ldr	r3, [r3]
1333:Drivers/STM32F1xx_HAL_Driver/Src/stm32f1xx_hal_rcc.c **** #else
 1997              		.loc 1 1333 16 view .LVU610
 1998 002c 03F00703 		and	r3, r3, #7
1333:Drivers/STM32F1xx_HAL_Driver/Src/stm32f1xx_hal_rcc.c **** #else
 1999              		.loc 1 1333 14 view .LVU611
 2000 0030 0B60     		str	r3, [r1]
1338:Drivers/STM32F1xx_HAL_Driver/Src/stm32f1xx_hal_rcc.c **** 
 2001              		.loc 1 1338 1 view .LVU612
 2002 0032 7047     		bx	lr
 2003              	.L177:
 2004              		.align	2
 2005              	.L176:
 2006 0034 00100240 		.word	1073876992
 2007 0038 00200240 		.word	1073881088
 2008              		.cfi_endproc
 2009              	.LFE76:
 2011              		.section	.text.HAL_RCC_CSSCallback,"ax",%progbits
 2012              		.align	1
 2013              		.weak	HAL_RCC_CSSCallback
 2014              		.syntax unified
 2015              		.thumb
 2016              		.thumb_func
 2018              	HAL_RCC_CSSCallback:
 2019              	.LFB79:
1372:Drivers/STM32F1xx_HAL_Driver/Src/stm32f1xx_hal_rcc.c **** 
1373:Drivers/STM32F1xx_HAL_Driver/Src/stm32f1xx_hal_rcc.c **** /**
1374:Drivers/STM32F1xx_HAL_Driver/Src/stm32f1xx_hal_rcc.c ****   * @brief  RCC Clock Security System interrupt callback
1375:Drivers/STM32F1xx_HAL_Driver/Src/stm32f1xx_hal_rcc.c ****   * @retval none
1376:Drivers/STM32F1xx_HAL_Driver/Src/stm32f1xx_hal_rcc.c ****   */
1377:Drivers/STM32F1xx_HAL_Driver/Src/stm32f1xx_hal_rcc.c **** __weak void HAL_RCC_CSSCallback(void)
1378:Drivers/STM32F1xx_HAL_Driver/Src/stm32f1xx_hal_rcc.c **** {
 2020              		.loc 1 1378 1 is_stmt 1 view -0
 2021              		.cfi_startproc
 2022              		@ args = 0, pretend = 0, frame = 0
 2023              		@ frame_needed = 0, uses_anonymous_args = 0
 2024              		@ link register save eliminated.
1379:Drivers/STM32F1xx_HAL_Driver/Src/stm32f1xx_hal_rcc.c ****   /* NOTE : This function Should not be modified, when the callback is needed,
1380:Drivers/STM32F1xx_HAL_Driver/Src/stm32f1xx_hal_rcc.c ****     the HAL_RCC_CSSCallback could be implemented in the user file
1381:Drivers/STM32F1xx_HAL_Driver/Src/stm32f1xx_hal_rcc.c ****     */
1382:Drivers/STM32F1xx_HAL_Driver/Src/stm32f1xx_hal_rcc.c **** }
 2025              		.loc 1 1382 1 view .LVU614
 2026 0000 7047     		bx	lr
 2027              		.cfi_endproc
 2028              	.LFE79:
 2030              		.section	.text.HAL_RCC_NMI_IRQHandler,"ax",%progbits
 2031              		.align	1
 2032              		.global	HAL_RCC_NMI_IRQHandler
 2033              		.syntax unified
 2034              		.thumb
 2035              		.thumb_func
ARM GAS  /tmp/ccpphuMd.s 			page 71


 2037              	HAL_RCC_NMI_IRQHandler:
 2038              	.LFB77:
1346:Drivers/STM32F1xx_HAL_Driver/Src/stm32f1xx_hal_rcc.c ****   /* Check RCC CSSF flag  */
 2039              		.loc 1 1346 1 view -0
 2040              		.cfi_startproc
 2041              		@ args = 0, pretend = 0, frame = 0
 2042              		@ frame_needed = 0, uses_anonymous_args = 0
 2043 0000 08B5     		push	{r3, lr}
 2044              	.LCFI15:
 2045              		.cfi_def_cfa_offset 8
 2046              		.cfi_offset 3, -8
 2047              		.cfi_offset 14, -4
1348:Drivers/STM32F1xx_HAL_Driver/Src/stm32f1xx_hal_rcc.c ****   {
 2048              		.loc 1 1348 3 view .LVU616
1348:Drivers/STM32F1xx_HAL_Driver/Src/stm32f1xx_hal_rcc.c ****   {
 2049              		.loc 1 1348 7 is_stmt 0 view .LVU617
 2050 0002 064B     		ldr	r3, .L183
 2051 0004 9B68     		ldr	r3, [r3, #8]
1348:Drivers/STM32F1xx_HAL_Driver/Src/stm32f1xx_hal_rcc.c ****   {
 2052              		.loc 1 1348 6 view .LVU618
 2053 0006 13F0800F 		tst	r3, #128
 2054 000a 00D1     		bne	.L182
 2055              	.L179:
1356:Drivers/STM32F1xx_HAL_Driver/Src/stm32f1xx_hal_rcc.c **** 
 2056              		.loc 1 1356 1 view .LVU619
 2057 000c 08BD     		pop	{r3, pc}
 2058              	.L182:
1351:Drivers/STM32F1xx_HAL_Driver/Src/stm32f1xx_hal_rcc.c **** 
 2059              		.loc 1 1351 5 is_stmt 1 view .LVU620
 2060 000e FFF7FEFF 		bl	HAL_RCC_CSSCallback
 2061              	.LVL121:
1354:Drivers/STM32F1xx_HAL_Driver/Src/stm32f1xx_hal_rcc.c ****   }
 2062              		.loc 1 1354 5 view .LVU621
 2063 0012 024B     		ldr	r3, .L183
 2064 0014 8022     		movs	r2, #128
 2065 0016 9A72     		strb	r2, [r3, #10]
1356:Drivers/STM32F1xx_HAL_Driver/Src/stm32f1xx_hal_rcc.c **** 
 2066              		.loc 1 1356 1 is_stmt 0 view .LVU622
 2067 0018 F8E7     		b	.L179
 2068              	.L184:
 2069 001a 00BF     		.align	2
 2070              	.L183:
 2071 001c 00100240 		.word	1073876992
 2072              		.cfi_endproc
 2073              	.LFE77:
 2075              		.section	.rodata.aPredivFactorTable.0,"a"
 2076              		.align	2
 2079              	aPredivFactorTable.0:
 2080 0000 0102     		.ascii	"\001\002"
 2081              		.section	.rodata.aPLLMULFactorTable.1,"a"
 2082              		.align	2
 2085              	aPLLMULFactorTable.1:
 2086 0000 02030405 		.ascii	"\002\003\004\005\006\007\010\011\012\013\014\015\016"
 2086      06070809 
 2086      0A0B0C0D 
 2086      0E
 2087 000d 0F1010   		.ascii	"\017\020\020"
ARM GAS  /tmp/ccpphuMd.s 			page 72


 2088              		.text
 2089              	.Letext0:
 2090              		.file 2 "/usr/arm-none-eabi/include/machine/_default_types.h"
 2091              		.file 3 "/usr/arm-none-eabi/include/sys/_stdint.h"
 2092              		.file 4 "Drivers/CMSIS/Device/ST/STM32F1xx/Include/system_stm32f1xx.h"
 2093              		.file 5 "Drivers/CMSIS/Device/ST/STM32F1xx/Include/stm32f103xb.h"
 2094              		.file 6 "Drivers/CMSIS/Device/ST/STM32F1xx/Include/stm32f1xx.h"
 2095              		.file 7 "Drivers/STM32F1xx_HAL_Driver/Inc/stm32f1xx_hal_def.h"
 2096              		.file 8 "Drivers/STM32F1xx_HAL_Driver/Inc/stm32f1xx_hal_rcc.h"
 2097              		.file 9 "Drivers/STM32F1xx_HAL_Driver/Inc/stm32f1xx_hal_rcc_ex.h"
 2098              		.file 10 "Drivers/STM32F1xx_HAL_Driver/Inc/stm32f1xx_hal_gpio.h"
 2099              		.file 11 "Drivers/STM32F1xx_HAL_Driver/Inc/stm32f1xx_hal.h"
ARM GAS  /tmp/ccpphuMd.s 			page 73


DEFINED SYMBOLS
                            *ABS*:00000000 stm32f1xx_hal_rcc.c
     /tmp/ccpphuMd.s:19     .text.RCC_Delay:00000000 $t
     /tmp/ccpphuMd.s:24     .text.RCC_Delay:00000000 RCC_Delay
     /tmp/ccpphuMd.s:73     .text.RCC_Delay:00000024 $d
     /tmp/ccpphuMd.s:79     .text.HAL_RCC_DeInit:00000000 $t
     /tmp/ccpphuMd.s:85     .text.HAL_RCC_DeInit:00000000 HAL_RCC_DeInit
     /tmp/ccpphuMd.s:284    .text.HAL_RCC_DeInit:000000e0 $d
     /tmp/ccpphuMd.s:292    .text.HAL_RCC_OscConfig:00000000 $t
     /tmp/ccpphuMd.s:298    .text.HAL_RCC_OscConfig:00000000 HAL_RCC_OscConfig
     /tmp/ccpphuMd.s:818    .text.HAL_RCC_OscConfig:00000278 $d
     /tmp/ccpphuMd.s:824    .text.HAL_RCC_OscConfig:00000284 $t
     /tmp/ccpphuMd.s:1126   .text.HAL_RCC_OscConfig:000003e4 $d
     /tmp/ccpphuMd.s:1132   .text.HAL_RCC_MCOConfig:00000000 $t
     /tmp/ccpphuMd.s:1138   .text.HAL_RCC_MCOConfig:00000000 HAL_RCC_MCOConfig
     /tmp/ccpphuMd.s:1222   .text.HAL_RCC_MCOConfig:00000048 $d
     /tmp/ccpphuMd.s:1228   .text.HAL_RCC_EnableCSS:00000000 $t
     /tmp/ccpphuMd.s:1234   .text.HAL_RCC_EnableCSS:00000000 HAL_RCC_EnableCSS
     /tmp/ccpphuMd.s:1251   .text.HAL_RCC_EnableCSS:00000008 $d
     /tmp/ccpphuMd.s:1256   .text.HAL_RCC_DisableCSS:00000000 $t
     /tmp/ccpphuMd.s:1262   .text.HAL_RCC_DisableCSS:00000000 HAL_RCC_DisableCSS
     /tmp/ccpphuMd.s:1279   .text.HAL_RCC_DisableCSS:00000008 $d
     /tmp/ccpphuMd.s:1284   .text.HAL_RCC_GetSysClockFreq:00000000 $t
     /tmp/ccpphuMd.s:1290   .text.HAL_RCC_GetSysClockFreq:00000000 HAL_RCC_GetSysClockFreq
     /tmp/ccpphuMd.s:1368   .text.HAL_RCC_GetSysClockFreq:00000040 $d
     /tmp/ccpphuMd.s:2085   .rodata.aPLLMULFactorTable.1:00000000 aPLLMULFactorTable.1
     /tmp/ccpphuMd.s:2079   .rodata.aPredivFactorTable.0:00000000 aPredivFactorTable.0
     /tmp/ccpphuMd.s:1377   .text.HAL_RCC_ClockConfig:00000000 $t
     /tmp/ccpphuMd.s:1383   .text.HAL_RCC_ClockConfig:00000000 HAL_RCC_ClockConfig
     /tmp/ccpphuMd.s:1653   .text.HAL_RCC_ClockConfig:00000148 $d
     /tmp/ccpphuMd.s:1662   .text.HAL_RCC_GetHCLKFreq:00000000 $t
     /tmp/ccpphuMd.s:1668   .text.HAL_RCC_GetHCLKFreq:00000000 HAL_RCC_GetHCLKFreq
     /tmp/ccpphuMd.s:1683   .text.HAL_RCC_GetHCLKFreq:00000008 $d
     /tmp/ccpphuMd.s:1688   .text.HAL_RCC_GetPCLK1Freq:00000000 $t
     /tmp/ccpphuMd.s:1694   .text.HAL_RCC_GetPCLK1Freq:00000000 HAL_RCC_GetPCLK1Freq
     /tmp/ccpphuMd.s:1723   .text.HAL_RCC_GetPCLK1Freq:00000018 $d
     /tmp/ccpphuMd.s:1729   .text.HAL_RCC_GetPCLK2Freq:00000000 $t
     /tmp/ccpphuMd.s:1735   .text.HAL_RCC_GetPCLK2Freq:00000000 HAL_RCC_GetPCLK2Freq
     /tmp/ccpphuMd.s:1764   .text.HAL_RCC_GetPCLK2Freq:00000018 $d
     /tmp/ccpphuMd.s:1770   .text.HAL_RCC_GetOscConfig:00000000 $t
     /tmp/ccpphuMd.s:1776   .text.HAL_RCC_GetOscConfig:00000000 HAL_RCC_GetOscConfig
     /tmp/ccpphuMd.s:1938   .text.HAL_RCC_GetOscConfig:000000b0 $d
     /tmp/ccpphuMd.s:1943   .text.HAL_RCC_GetClockConfig:00000000 $t
     /tmp/ccpphuMd.s:1949   .text.HAL_RCC_GetClockConfig:00000000 HAL_RCC_GetClockConfig
     /tmp/ccpphuMd.s:2006   .text.HAL_RCC_GetClockConfig:00000034 $d
     /tmp/ccpphuMd.s:2012   .text.HAL_RCC_CSSCallback:00000000 $t
     /tmp/ccpphuMd.s:2018   .text.HAL_RCC_CSSCallback:00000000 HAL_RCC_CSSCallback
     /tmp/ccpphuMd.s:2031   .text.HAL_RCC_NMI_IRQHandler:00000000 $t
     /tmp/ccpphuMd.s:2037   .text.HAL_RCC_NMI_IRQHandler:00000000 HAL_RCC_NMI_IRQHandler
     /tmp/ccpphuMd.s:2071   .text.HAL_RCC_NMI_IRQHandler:0000001c $d
     /tmp/ccpphuMd.s:2076   .rodata.aPredivFactorTable.0:00000000 $d
     /tmp/ccpphuMd.s:2082   .rodata.aPLLMULFactorTable.1:00000000 $d

UNDEFINED SYMBOLS
SystemCoreClock
HAL_GetTick
HAL_InitTick
ARM GAS  /tmp/ccpphuMd.s 			page 74


uwTickPrio
HAL_GPIO_Init
AHBPrescTable
APBPrescTable
