ARM GAS  /tmp/cctQZOHH.s 			page 1


   1              		.cpu cortex-m3
   2              		.arch armv7-m
   3              		.fpu softvfp
   4              		.eabi_attribute 20, 1
   5              		.eabi_attribute 21, 1
   6              		.eabi_attribute 23, 3
   7              		.eabi_attribute 24, 1
   8              		.eabi_attribute 25, 1
   9              		.eabi_attribute 26, 1
  10              		.eabi_attribute 30, 1
  11              		.eabi_attribute 34, 1
  12              		.eabi_attribute 18, 4
  13              		.file	"stm32f1xx_hal_dma.c"
  14              		.text
  15              	.Ltext0:
  16              		.cfi_sections	.debug_frame
  17              		.file 1 "Drivers/STM32F1xx_HAL_Driver/Src/stm32f1xx_hal_dma.c"
  18              		.section	.text.DMA_SetConfig,"ax",%progbits
  19              		.align	1
  20              		.syntax unified
  21              		.thumb
  22              		.thumb_func
  24              	DMA_SetConfig:
  25              	.LVL0:
  26              	.LFB77:
   1:Drivers/STM32F1xx_HAL_Driver/Src/stm32f1xx_hal_dma.c **** /**
   2:Drivers/STM32F1xx_HAL_Driver/Src/stm32f1xx_hal_dma.c ****   ******************************************************************************
   3:Drivers/STM32F1xx_HAL_Driver/Src/stm32f1xx_hal_dma.c ****   * @file    stm32f1xx_hal_dma.c
   4:Drivers/STM32F1xx_HAL_Driver/Src/stm32f1xx_hal_dma.c ****   * @author  MCD Application Team
   5:Drivers/STM32F1xx_HAL_Driver/Src/stm32f1xx_hal_dma.c ****   * @brief   DMA HAL module driver.
   6:Drivers/STM32F1xx_HAL_Driver/Src/stm32f1xx_hal_dma.c ****   *         This file provides firmware functions to manage the following
   7:Drivers/STM32F1xx_HAL_Driver/Src/stm32f1xx_hal_dma.c ****   *         functionalities of the Direct Memory Access (DMA) peripheral:
   8:Drivers/STM32F1xx_HAL_Driver/Src/stm32f1xx_hal_dma.c ****   *           + Initialization and de-initialization functions
   9:Drivers/STM32F1xx_HAL_Driver/Src/stm32f1xx_hal_dma.c ****   *           + IO operation functions
  10:Drivers/STM32F1xx_HAL_Driver/Src/stm32f1xx_hal_dma.c ****   *           + Peripheral State and errors functions
  11:Drivers/STM32F1xx_HAL_Driver/Src/stm32f1xx_hal_dma.c ****   @verbatim
  12:Drivers/STM32F1xx_HAL_Driver/Src/stm32f1xx_hal_dma.c ****   ==============================================================================
  13:Drivers/STM32F1xx_HAL_Driver/Src/stm32f1xx_hal_dma.c ****                         ##### How to use this driver #####
  14:Drivers/STM32F1xx_HAL_Driver/Src/stm32f1xx_hal_dma.c ****   ==============================================================================
  15:Drivers/STM32F1xx_HAL_Driver/Src/stm32f1xx_hal_dma.c ****   [..]
  16:Drivers/STM32F1xx_HAL_Driver/Src/stm32f1xx_hal_dma.c ****    (#) Enable and configure the peripheral to be connected to the DMA Channel
  17:Drivers/STM32F1xx_HAL_Driver/Src/stm32f1xx_hal_dma.c ****        (except for internal SRAM / FLASH memories: no initialization is 
  18:Drivers/STM32F1xx_HAL_Driver/Src/stm32f1xx_hal_dma.c ****        necessary). Please refer to the Reference manual for connection between peripherals
  19:Drivers/STM32F1xx_HAL_Driver/Src/stm32f1xx_hal_dma.c ****        and DMA requests.
  20:Drivers/STM32F1xx_HAL_Driver/Src/stm32f1xx_hal_dma.c **** 
  21:Drivers/STM32F1xx_HAL_Driver/Src/stm32f1xx_hal_dma.c ****    (#) For a given Channel, program the required configuration through the following parameters:
  22:Drivers/STM32F1xx_HAL_Driver/Src/stm32f1xx_hal_dma.c ****        Channel request, Transfer Direction, Source and Destination data formats,
  23:Drivers/STM32F1xx_HAL_Driver/Src/stm32f1xx_hal_dma.c ****        Circular or Normal mode, Channel Priority level, Source and Destination Increment mode
  24:Drivers/STM32F1xx_HAL_Driver/Src/stm32f1xx_hal_dma.c ****        using HAL_DMA_Init() function.
  25:Drivers/STM32F1xx_HAL_Driver/Src/stm32f1xx_hal_dma.c **** 
  26:Drivers/STM32F1xx_HAL_Driver/Src/stm32f1xx_hal_dma.c ****    (#) Use HAL_DMA_GetState() function to return the DMA state and HAL_DMA_GetError() in case of er
  27:Drivers/STM32F1xx_HAL_Driver/Src/stm32f1xx_hal_dma.c ****        detection.
  28:Drivers/STM32F1xx_HAL_Driver/Src/stm32f1xx_hal_dma.c ****                     
  29:Drivers/STM32F1xx_HAL_Driver/Src/stm32f1xx_hal_dma.c ****    (#) Use HAL_DMA_Abort() function to abort the current transfer
  30:Drivers/STM32F1xx_HAL_Driver/Src/stm32f1xx_hal_dma.c ****                    
  31:Drivers/STM32F1xx_HAL_Driver/Src/stm32f1xx_hal_dma.c ****      -@-   In Memory-to-Memory transfer mode, Circular mode is not allowed.
  32:Drivers/STM32F1xx_HAL_Driver/Src/stm32f1xx_hal_dma.c ****      *** Polling mode IO operation ***
ARM GAS  /tmp/cctQZOHH.s 			page 2


  33:Drivers/STM32F1xx_HAL_Driver/Src/stm32f1xx_hal_dma.c ****      =================================
  34:Drivers/STM32F1xx_HAL_Driver/Src/stm32f1xx_hal_dma.c ****     [..]
  35:Drivers/STM32F1xx_HAL_Driver/Src/stm32f1xx_hal_dma.c ****           (+) Use HAL_DMA_Start() to start DMA transfer after the configuration of Source
  36:Drivers/STM32F1xx_HAL_Driver/Src/stm32f1xx_hal_dma.c ****               address and destination address and the Length of data to be transferred
  37:Drivers/STM32F1xx_HAL_Driver/Src/stm32f1xx_hal_dma.c ****           (+) Use HAL_DMA_PollForTransfer() to poll for the end of current transfer, in this
  38:Drivers/STM32F1xx_HAL_Driver/Src/stm32f1xx_hal_dma.c ****               case a fixed Timeout can be configured by User depending from his application.
  39:Drivers/STM32F1xx_HAL_Driver/Src/stm32f1xx_hal_dma.c **** 
  40:Drivers/STM32F1xx_HAL_Driver/Src/stm32f1xx_hal_dma.c ****      *** Interrupt mode IO operation ***
  41:Drivers/STM32F1xx_HAL_Driver/Src/stm32f1xx_hal_dma.c ****      ===================================
  42:Drivers/STM32F1xx_HAL_Driver/Src/stm32f1xx_hal_dma.c ****     [..]
  43:Drivers/STM32F1xx_HAL_Driver/Src/stm32f1xx_hal_dma.c ****           (+) Configure the DMA interrupt priority using HAL_NVIC_SetPriority()
  44:Drivers/STM32F1xx_HAL_Driver/Src/stm32f1xx_hal_dma.c ****           (+) Enable the DMA IRQ handler using HAL_NVIC_EnableIRQ()
  45:Drivers/STM32F1xx_HAL_Driver/Src/stm32f1xx_hal_dma.c ****           (+) Use HAL_DMA_Start_IT() to start DMA transfer after the configuration of
  46:Drivers/STM32F1xx_HAL_Driver/Src/stm32f1xx_hal_dma.c ****               Source address and destination address and the Length of data to be transferred.
  47:Drivers/STM32F1xx_HAL_Driver/Src/stm32f1xx_hal_dma.c ****               In this case the DMA interrupt is configured
  48:Drivers/STM32F1xx_HAL_Driver/Src/stm32f1xx_hal_dma.c ****           (+) Use HAL_DMA_IRQHandler() called under DMA_IRQHandler() Interrupt subroutine
  49:Drivers/STM32F1xx_HAL_Driver/Src/stm32f1xx_hal_dma.c ****           (+) At the end of data transfer HAL_DMA_IRQHandler() function is executed and user can
  50:Drivers/STM32F1xx_HAL_Driver/Src/stm32f1xx_hal_dma.c ****               add his own function by customization of function pointer XferCpltCallback and
  51:Drivers/STM32F1xx_HAL_Driver/Src/stm32f1xx_hal_dma.c ****               XferErrorCallback (i.e. a member of DMA handle structure).
  52:Drivers/STM32F1xx_HAL_Driver/Src/stm32f1xx_hal_dma.c **** 
  53:Drivers/STM32F1xx_HAL_Driver/Src/stm32f1xx_hal_dma.c ****      *** DMA HAL driver macros list ***
  54:Drivers/STM32F1xx_HAL_Driver/Src/stm32f1xx_hal_dma.c ****      ============================================= 
  55:Drivers/STM32F1xx_HAL_Driver/Src/stm32f1xx_hal_dma.c ****       [..]
  56:Drivers/STM32F1xx_HAL_Driver/Src/stm32f1xx_hal_dma.c ****        Below the list of most used macros in DMA HAL driver.
  57:Drivers/STM32F1xx_HAL_Driver/Src/stm32f1xx_hal_dma.c **** 
  58:Drivers/STM32F1xx_HAL_Driver/Src/stm32f1xx_hal_dma.c ****        (+) __HAL_DMA_ENABLE: Enable the specified DMA Channel.
  59:Drivers/STM32F1xx_HAL_Driver/Src/stm32f1xx_hal_dma.c ****        (+) __HAL_DMA_DISABLE: Disable the specified DMA Channel.
  60:Drivers/STM32F1xx_HAL_Driver/Src/stm32f1xx_hal_dma.c ****        (+) __HAL_DMA_GET_FLAG: Get the DMA Channel pending flags.
  61:Drivers/STM32F1xx_HAL_Driver/Src/stm32f1xx_hal_dma.c ****        (+) __HAL_DMA_CLEAR_FLAG: Clear the DMA Channel pending flags.
  62:Drivers/STM32F1xx_HAL_Driver/Src/stm32f1xx_hal_dma.c ****        (+) __HAL_DMA_ENABLE_IT: Enable the specified DMA Channel interrupts.
  63:Drivers/STM32F1xx_HAL_Driver/Src/stm32f1xx_hal_dma.c ****        (+) __HAL_DMA_DISABLE_IT: Disable the specified DMA Channel interrupts.
  64:Drivers/STM32F1xx_HAL_Driver/Src/stm32f1xx_hal_dma.c ****        (+) __HAL_DMA_GET_IT_SOURCE: Check whether the specified DMA Channel interrupt has occurred 
  65:Drivers/STM32F1xx_HAL_Driver/Src/stm32f1xx_hal_dma.c **** 
  66:Drivers/STM32F1xx_HAL_Driver/Src/stm32f1xx_hal_dma.c ****      [..] 
  67:Drivers/STM32F1xx_HAL_Driver/Src/stm32f1xx_hal_dma.c ****       (@) You can refer to the DMA HAL driver header file for more useful macros  
  68:Drivers/STM32F1xx_HAL_Driver/Src/stm32f1xx_hal_dma.c **** 
  69:Drivers/STM32F1xx_HAL_Driver/Src/stm32f1xx_hal_dma.c ****   @endverbatim
  70:Drivers/STM32F1xx_HAL_Driver/Src/stm32f1xx_hal_dma.c ****   ******************************************************************************
  71:Drivers/STM32F1xx_HAL_Driver/Src/stm32f1xx_hal_dma.c ****   * @attention
  72:Drivers/STM32F1xx_HAL_Driver/Src/stm32f1xx_hal_dma.c ****   *
  73:Drivers/STM32F1xx_HAL_Driver/Src/stm32f1xx_hal_dma.c ****   * Copyright (c) 2016 STMicroelectronics.
  74:Drivers/STM32F1xx_HAL_Driver/Src/stm32f1xx_hal_dma.c ****   * All rights reserved.
  75:Drivers/STM32F1xx_HAL_Driver/Src/stm32f1xx_hal_dma.c ****   *
  76:Drivers/STM32F1xx_HAL_Driver/Src/stm32f1xx_hal_dma.c ****   * This software is licensed under terms that can be found in the LICENSE file in
  77:Drivers/STM32F1xx_HAL_Driver/Src/stm32f1xx_hal_dma.c ****   * the root directory of this software component.
  78:Drivers/STM32F1xx_HAL_Driver/Src/stm32f1xx_hal_dma.c ****   * If no LICENSE file comes with this software, it is provided AS-IS.
  79:Drivers/STM32F1xx_HAL_Driver/Src/stm32f1xx_hal_dma.c ****   *
  80:Drivers/STM32F1xx_HAL_Driver/Src/stm32f1xx_hal_dma.c ****   ******************************************************************************
  81:Drivers/STM32F1xx_HAL_Driver/Src/stm32f1xx_hal_dma.c ****   */
  82:Drivers/STM32F1xx_HAL_Driver/Src/stm32f1xx_hal_dma.c **** 
  83:Drivers/STM32F1xx_HAL_Driver/Src/stm32f1xx_hal_dma.c **** /* Includes ------------------------------------------------------------------*/
  84:Drivers/STM32F1xx_HAL_Driver/Src/stm32f1xx_hal_dma.c **** #include "stm32f1xx_hal.h"
  85:Drivers/STM32F1xx_HAL_Driver/Src/stm32f1xx_hal_dma.c **** 
  86:Drivers/STM32F1xx_HAL_Driver/Src/stm32f1xx_hal_dma.c **** /** @addtogroup STM32F1xx_HAL_Driver
  87:Drivers/STM32F1xx_HAL_Driver/Src/stm32f1xx_hal_dma.c ****   * @{
  88:Drivers/STM32F1xx_HAL_Driver/Src/stm32f1xx_hal_dma.c ****   */
  89:Drivers/STM32F1xx_HAL_Driver/Src/stm32f1xx_hal_dma.c **** 
ARM GAS  /tmp/cctQZOHH.s 			page 3


  90:Drivers/STM32F1xx_HAL_Driver/Src/stm32f1xx_hal_dma.c **** /** @defgroup DMA DMA
  91:Drivers/STM32F1xx_HAL_Driver/Src/stm32f1xx_hal_dma.c ****   * @brief DMA HAL module driver
  92:Drivers/STM32F1xx_HAL_Driver/Src/stm32f1xx_hal_dma.c ****   * @{
  93:Drivers/STM32F1xx_HAL_Driver/Src/stm32f1xx_hal_dma.c ****   */
  94:Drivers/STM32F1xx_HAL_Driver/Src/stm32f1xx_hal_dma.c **** 
  95:Drivers/STM32F1xx_HAL_Driver/Src/stm32f1xx_hal_dma.c **** #ifdef HAL_DMA_MODULE_ENABLED
  96:Drivers/STM32F1xx_HAL_Driver/Src/stm32f1xx_hal_dma.c **** 
  97:Drivers/STM32F1xx_HAL_Driver/Src/stm32f1xx_hal_dma.c **** /* Private typedef -----------------------------------------------------------*/
  98:Drivers/STM32F1xx_HAL_Driver/Src/stm32f1xx_hal_dma.c **** /* Private define ------------------------------------------------------------*/
  99:Drivers/STM32F1xx_HAL_Driver/Src/stm32f1xx_hal_dma.c **** /* Private macro -------------------------------------------------------------*/
 100:Drivers/STM32F1xx_HAL_Driver/Src/stm32f1xx_hal_dma.c **** /* Private variables ---------------------------------------------------------*/
 101:Drivers/STM32F1xx_HAL_Driver/Src/stm32f1xx_hal_dma.c **** /* Private function prototypes -----------------------------------------------*/
 102:Drivers/STM32F1xx_HAL_Driver/Src/stm32f1xx_hal_dma.c **** /** @defgroup DMA_Private_Functions DMA Private Functions
 103:Drivers/STM32F1xx_HAL_Driver/Src/stm32f1xx_hal_dma.c ****   * @{
 104:Drivers/STM32F1xx_HAL_Driver/Src/stm32f1xx_hal_dma.c ****   */
 105:Drivers/STM32F1xx_HAL_Driver/Src/stm32f1xx_hal_dma.c **** static void DMA_SetConfig(DMA_HandleTypeDef *hdma, uint32_t SrcAddress, uint32_t DstAddress, uint32
 106:Drivers/STM32F1xx_HAL_Driver/Src/stm32f1xx_hal_dma.c **** /**
 107:Drivers/STM32F1xx_HAL_Driver/Src/stm32f1xx_hal_dma.c ****   * @}
 108:Drivers/STM32F1xx_HAL_Driver/Src/stm32f1xx_hal_dma.c ****   */
 109:Drivers/STM32F1xx_HAL_Driver/Src/stm32f1xx_hal_dma.c **** 
 110:Drivers/STM32F1xx_HAL_Driver/Src/stm32f1xx_hal_dma.c **** /* Exported functions ---------------------------------------------------------*/
 111:Drivers/STM32F1xx_HAL_Driver/Src/stm32f1xx_hal_dma.c **** 
 112:Drivers/STM32F1xx_HAL_Driver/Src/stm32f1xx_hal_dma.c **** /** @defgroup DMA_Exported_Functions DMA Exported Functions
 113:Drivers/STM32F1xx_HAL_Driver/Src/stm32f1xx_hal_dma.c ****   * @{
 114:Drivers/STM32F1xx_HAL_Driver/Src/stm32f1xx_hal_dma.c ****   */
 115:Drivers/STM32F1xx_HAL_Driver/Src/stm32f1xx_hal_dma.c **** 
 116:Drivers/STM32F1xx_HAL_Driver/Src/stm32f1xx_hal_dma.c **** /** @defgroup DMA_Exported_Functions_Group1 Initialization and de-initialization functions
 117:Drivers/STM32F1xx_HAL_Driver/Src/stm32f1xx_hal_dma.c ****   *  @brief   Initialization and de-initialization functions 
 118:Drivers/STM32F1xx_HAL_Driver/Src/stm32f1xx_hal_dma.c ****   *
 119:Drivers/STM32F1xx_HAL_Driver/Src/stm32f1xx_hal_dma.c **** @verbatim
 120:Drivers/STM32F1xx_HAL_Driver/Src/stm32f1xx_hal_dma.c ****  ===============================================================================
 121:Drivers/STM32F1xx_HAL_Driver/Src/stm32f1xx_hal_dma.c ****              ##### Initialization and de-initialization functions  #####
 122:Drivers/STM32F1xx_HAL_Driver/Src/stm32f1xx_hal_dma.c ****  ===============================================================================
 123:Drivers/STM32F1xx_HAL_Driver/Src/stm32f1xx_hal_dma.c ****     [..]
 124:Drivers/STM32F1xx_HAL_Driver/Src/stm32f1xx_hal_dma.c ****     This section provides functions allowing to initialize the DMA Channel source
 125:Drivers/STM32F1xx_HAL_Driver/Src/stm32f1xx_hal_dma.c ****     and destination addresses, incrementation and data sizes, transfer direction, 
 126:Drivers/STM32F1xx_HAL_Driver/Src/stm32f1xx_hal_dma.c ****     circular/normal mode selection, memory-to-memory mode selection and Channel priority value.
 127:Drivers/STM32F1xx_HAL_Driver/Src/stm32f1xx_hal_dma.c ****     [..]
 128:Drivers/STM32F1xx_HAL_Driver/Src/stm32f1xx_hal_dma.c ****     The HAL_DMA_Init() function follows the DMA configuration procedures as described in
 129:Drivers/STM32F1xx_HAL_Driver/Src/stm32f1xx_hal_dma.c ****     reference manual.  
 130:Drivers/STM32F1xx_HAL_Driver/Src/stm32f1xx_hal_dma.c **** 
 131:Drivers/STM32F1xx_HAL_Driver/Src/stm32f1xx_hal_dma.c **** @endverbatim
 132:Drivers/STM32F1xx_HAL_Driver/Src/stm32f1xx_hal_dma.c ****   * @{
 133:Drivers/STM32F1xx_HAL_Driver/Src/stm32f1xx_hal_dma.c ****   */
 134:Drivers/STM32F1xx_HAL_Driver/Src/stm32f1xx_hal_dma.c **** 
 135:Drivers/STM32F1xx_HAL_Driver/Src/stm32f1xx_hal_dma.c **** /**
 136:Drivers/STM32F1xx_HAL_Driver/Src/stm32f1xx_hal_dma.c ****   * @brief  Initialize the DMA according to the specified
 137:Drivers/STM32F1xx_HAL_Driver/Src/stm32f1xx_hal_dma.c ****   *         parameters in the DMA_InitTypeDef and initialize the associated handle.
 138:Drivers/STM32F1xx_HAL_Driver/Src/stm32f1xx_hal_dma.c ****   * @param  hdma: Pointer to a DMA_HandleTypeDef structure that contains
 139:Drivers/STM32F1xx_HAL_Driver/Src/stm32f1xx_hal_dma.c ****   *               the configuration information for the specified DMA Channel.
 140:Drivers/STM32F1xx_HAL_Driver/Src/stm32f1xx_hal_dma.c ****   * @retval HAL status
 141:Drivers/STM32F1xx_HAL_Driver/Src/stm32f1xx_hal_dma.c ****   */
 142:Drivers/STM32F1xx_HAL_Driver/Src/stm32f1xx_hal_dma.c **** HAL_StatusTypeDef HAL_DMA_Init(DMA_HandleTypeDef *hdma)
 143:Drivers/STM32F1xx_HAL_Driver/Src/stm32f1xx_hal_dma.c **** {
 144:Drivers/STM32F1xx_HAL_Driver/Src/stm32f1xx_hal_dma.c ****   uint32_t tmp = 0U;
 145:Drivers/STM32F1xx_HAL_Driver/Src/stm32f1xx_hal_dma.c **** 
 146:Drivers/STM32F1xx_HAL_Driver/Src/stm32f1xx_hal_dma.c ****   /* Check the DMA handle allocation */
ARM GAS  /tmp/cctQZOHH.s 			page 4


 147:Drivers/STM32F1xx_HAL_Driver/Src/stm32f1xx_hal_dma.c ****   if(hdma == NULL)
 148:Drivers/STM32F1xx_HAL_Driver/Src/stm32f1xx_hal_dma.c ****   {
 149:Drivers/STM32F1xx_HAL_Driver/Src/stm32f1xx_hal_dma.c ****     return HAL_ERROR;
 150:Drivers/STM32F1xx_HAL_Driver/Src/stm32f1xx_hal_dma.c ****   }
 151:Drivers/STM32F1xx_HAL_Driver/Src/stm32f1xx_hal_dma.c **** 
 152:Drivers/STM32F1xx_HAL_Driver/Src/stm32f1xx_hal_dma.c ****   /* Check the parameters */
 153:Drivers/STM32F1xx_HAL_Driver/Src/stm32f1xx_hal_dma.c ****   assert_param(IS_DMA_ALL_INSTANCE(hdma->Instance));
 154:Drivers/STM32F1xx_HAL_Driver/Src/stm32f1xx_hal_dma.c ****   assert_param(IS_DMA_DIRECTION(hdma->Init.Direction));
 155:Drivers/STM32F1xx_HAL_Driver/Src/stm32f1xx_hal_dma.c ****   assert_param(IS_DMA_PERIPHERAL_INC_STATE(hdma->Init.PeriphInc));
 156:Drivers/STM32F1xx_HAL_Driver/Src/stm32f1xx_hal_dma.c ****   assert_param(IS_DMA_MEMORY_INC_STATE(hdma->Init.MemInc));
 157:Drivers/STM32F1xx_HAL_Driver/Src/stm32f1xx_hal_dma.c ****   assert_param(IS_DMA_PERIPHERAL_DATA_SIZE(hdma->Init.PeriphDataAlignment));
 158:Drivers/STM32F1xx_HAL_Driver/Src/stm32f1xx_hal_dma.c ****   assert_param(IS_DMA_MEMORY_DATA_SIZE(hdma->Init.MemDataAlignment));
 159:Drivers/STM32F1xx_HAL_Driver/Src/stm32f1xx_hal_dma.c ****   assert_param(IS_DMA_MODE(hdma->Init.Mode));
 160:Drivers/STM32F1xx_HAL_Driver/Src/stm32f1xx_hal_dma.c ****   assert_param(IS_DMA_PRIORITY(hdma->Init.Priority));
 161:Drivers/STM32F1xx_HAL_Driver/Src/stm32f1xx_hal_dma.c **** 
 162:Drivers/STM32F1xx_HAL_Driver/Src/stm32f1xx_hal_dma.c **** #if defined (DMA2)
 163:Drivers/STM32F1xx_HAL_Driver/Src/stm32f1xx_hal_dma.c ****   /* calculation of the channel index */
 164:Drivers/STM32F1xx_HAL_Driver/Src/stm32f1xx_hal_dma.c ****   if ((uint32_t)(hdma->Instance) < (uint32_t)(DMA2_Channel1))
 165:Drivers/STM32F1xx_HAL_Driver/Src/stm32f1xx_hal_dma.c ****   {
 166:Drivers/STM32F1xx_HAL_Driver/Src/stm32f1xx_hal_dma.c ****     /* DMA1 */
 167:Drivers/STM32F1xx_HAL_Driver/Src/stm32f1xx_hal_dma.c ****     hdma->ChannelIndex = (((uint32_t)hdma->Instance - (uint32_t)DMA1_Channel1) / ((uint32_t)DMA1_Ch
 168:Drivers/STM32F1xx_HAL_Driver/Src/stm32f1xx_hal_dma.c ****     hdma->DmaBaseAddress = DMA1;
 169:Drivers/STM32F1xx_HAL_Driver/Src/stm32f1xx_hal_dma.c ****   }
 170:Drivers/STM32F1xx_HAL_Driver/Src/stm32f1xx_hal_dma.c ****   else 
 171:Drivers/STM32F1xx_HAL_Driver/Src/stm32f1xx_hal_dma.c ****   {
 172:Drivers/STM32F1xx_HAL_Driver/Src/stm32f1xx_hal_dma.c ****     /* DMA2 */
 173:Drivers/STM32F1xx_HAL_Driver/Src/stm32f1xx_hal_dma.c ****     hdma->ChannelIndex = (((uint32_t)hdma->Instance - (uint32_t)DMA2_Channel1) / ((uint32_t)DMA2_Ch
 174:Drivers/STM32F1xx_HAL_Driver/Src/stm32f1xx_hal_dma.c ****     hdma->DmaBaseAddress = DMA2;
 175:Drivers/STM32F1xx_HAL_Driver/Src/stm32f1xx_hal_dma.c ****   }
 176:Drivers/STM32F1xx_HAL_Driver/Src/stm32f1xx_hal_dma.c **** #else
 177:Drivers/STM32F1xx_HAL_Driver/Src/stm32f1xx_hal_dma.c ****   /* DMA1 */
 178:Drivers/STM32F1xx_HAL_Driver/Src/stm32f1xx_hal_dma.c ****   hdma->ChannelIndex = (((uint32_t)hdma->Instance - (uint32_t)DMA1_Channel1) / ((uint32_t)DMA1_Chan
 179:Drivers/STM32F1xx_HAL_Driver/Src/stm32f1xx_hal_dma.c ****   hdma->DmaBaseAddress = DMA1;
 180:Drivers/STM32F1xx_HAL_Driver/Src/stm32f1xx_hal_dma.c **** #endif /* DMA2 */
 181:Drivers/STM32F1xx_HAL_Driver/Src/stm32f1xx_hal_dma.c **** 
 182:Drivers/STM32F1xx_HAL_Driver/Src/stm32f1xx_hal_dma.c ****   /* Change DMA peripheral state */
 183:Drivers/STM32F1xx_HAL_Driver/Src/stm32f1xx_hal_dma.c ****   hdma->State = HAL_DMA_STATE_BUSY;
 184:Drivers/STM32F1xx_HAL_Driver/Src/stm32f1xx_hal_dma.c **** 
 185:Drivers/STM32F1xx_HAL_Driver/Src/stm32f1xx_hal_dma.c ****   /* Get the CR register value */
 186:Drivers/STM32F1xx_HAL_Driver/Src/stm32f1xx_hal_dma.c ****   tmp = hdma->Instance->CCR;
 187:Drivers/STM32F1xx_HAL_Driver/Src/stm32f1xx_hal_dma.c **** 
 188:Drivers/STM32F1xx_HAL_Driver/Src/stm32f1xx_hal_dma.c ****   /* Clear PL, MSIZE, PSIZE, MINC, PINC, CIRC and DIR bits */
 189:Drivers/STM32F1xx_HAL_Driver/Src/stm32f1xx_hal_dma.c ****   tmp &= ((uint32_t)~(DMA_CCR_PL    | DMA_CCR_MSIZE  | DMA_CCR_PSIZE  | \
 190:Drivers/STM32F1xx_HAL_Driver/Src/stm32f1xx_hal_dma.c ****                       DMA_CCR_MINC  | DMA_CCR_PINC   | DMA_CCR_CIRC   | \
 191:Drivers/STM32F1xx_HAL_Driver/Src/stm32f1xx_hal_dma.c ****                       DMA_CCR_DIR));
 192:Drivers/STM32F1xx_HAL_Driver/Src/stm32f1xx_hal_dma.c **** 
 193:Drivers/STM32F1xx_HAL_Driver/Src/stm32f1xx_hal_dma.c ****   /* Prepare the DMA Channel configuration */
 194:Drivers/STM32F1xx_HAL_Driver/Src/stm32f1xx_hal_dma.c ****   tmp |=  hdma->Init.Direction        |
 195:Drivers/STM32F1xx_HAL_Driver/Src/stm32f1xx_hal_dma.c ****           hdma->Init.PeriphInc           | hdma->Init.MemInc           |
 196:Drivers/STM32F1xx_HAL_Driver/Src/stm32f1xx_hal_dma.c ****           hdma->Init.PeriphDataAlignment | hdma->Init.MemDataAlignment |
 197:Drivers/STM32F1xx_HAL_Driver/Src/stm32f1xx_hal_dma.c ****           hdma->Init.Mode                | hdma->Init.Priority;
 198:Drivers/STM32F1xx_HAL_Driver/Src/stm32f1xx_hal_dma.c **** 
 199:Drivers/STM32F1xx_HAL_Driver/Src/stm32f1xx_hal_dma.c ****   /* Write to DMA Channel CR register */
 200:Drivers/STM32F1xx_HAL_Driver/Src/stm32f1xx_hal_dma.c ****   hdma->Instance->CCR = tmp;
 201:Drivers/STM32F1xx_HAL_Driver/Src/stm32f1xx_hal_dma.c **** 
 202:Drivers/STM32F1xx_HAL_Driver/Src/stm32f1xx_hal_dma.c ****   /* Initialise the error code */
 203:Drivers/STM32F1xx_HAL_Driver/Src/stm32f1xx_hal_dma.c ****   hdma->ErrorCode = HAL_DMA_ERROR_NONE;
ARM GAS  /tmp/cctQZOHH.s 			page 5


 204:Drivers/STM32F1xx_HAL_Driver/Src/stm32f1xx_hal_dma.c **** 
 205:Drivers/STM32F1xx_HAL_Driver/Src/stm32f1xx_hal_dma.c ****   /* Initialize the DMA state*/
 206:Drivers/STM32F1xx_HAL_Driver/Src/stm32f1xx_hal_dma.c ****   hdma->State = HAL_DMA_STATE_READY;
 207:Drivers/STM32F1xx_HAL_Driver/Src/stm32f1xx_hal_dma.c ****   /* Allocate lock resource and initialize it */
 208:Drivers/STM32F1xx_HAL_Driver/Src/stm32f1xx_hal_dma.c ****   hdma->Lock = HAL_UNLOCKED;
 209:Drivers/STM32F1xx_HAL_Driver/Src/stm32f1xx_hal_dma.c **** 
 210:Drivers/STM32F1xx_HAL_Driver/Src/stm32f1xx_hal_dma.c ****   return HAL_OK;
 211:Drivers/STM32F1xx_HAL_Driver/Src/stm32f1xx_hal_dma.c **** }
 212:Drivers/STM32F1xx_HAL_Driver/Src/stm32f1xx_hal_dma.c **** 
 213:Drivers/STM32F1xx_HAL_Driver/Src/stm32f1xx_hal_dma.c **** /**
 214:Drivers/STM32F1xx_HAL_Driver/Src/stm32f1xx_hal_dma.c ****   * @brief  DeInitialize the DMA peripheral.
 215:Drivers/STM32F1xx_HAL_Driver/Src/stm32f1xx_hal_dma.c ****   * @param  hdma: pointer to a DMA_HandleTypeDef structure that contains
 216:Drivers/STM32F1xx_HAL_Driver/Src/stm32f1xx_hal_dma.c ****   *               the configuration information for the specified DMA Channel.
 217:Drivers/STM32F1xx_HAL_Driver/Src/stm32f1xx_hal_dma.c ****   * @retval HAL status
 218:Drivers/STM32F1xx_HAL_Driver/Src/stm32f1xx_hal_dma.c ****   */
 219:Drivers/STM32F1xx_HAL_Driver/Src/stm32f1xx_hal_dma.c **** HAL_StatusTypeDef HAL_DMA_DeInit(DMA_HandleTypeDef *hdma)
 220:Drivers/STM32F1xx_HAL_Driver/Src/stm32f1xx_hal_dma.c **** {
 221:Drivers/STM32F1xx_HAL_Driver/Src/stm32f1xx_hal_dma.c ****   /* Check the DMA handle allocation */
 222:Drivers/STM32F1xx_HAL_Driver/Src/stm32f1xx_hal_dma.c ****   if(hdma == NULL)
 223:Drivers/STM32F1xx_HAL_Driver/Src/stm32f1xx_hal_dma.c ****   {
 224:Drivers/STM32F1xx_HAL_Driver/Src/stm32f1xx_hal_dma.c ****     return HAL_ERROR;
 225:Drivers/STM32F1xx_HAL_Driver/Src/stm32f1xx_hal_dma.c ****   }
 226:Drivers/STM32F1xx_HAL_Driver/Src/stm32f1xx_hal_dma.c **** 
 227:Drivers/STM32F1xx_HAL_Driver/Src/stm32f1xx_hal_dma.c ****   /* Check the parameters */
 228:Drivers/STM32F1xx_HAL_Driver/Src/stm32f1xx_hal_dma.c ****   assert_param(IS_DMA_ALL_INSTANCE(hdma->Instance));
 229:Drivers/STM32F1xx_HAL_Driver/Src/stm32f1xx_hal_dma.c **** 
 230:Drivers/STM32F1xx_HAL_Driver/Src/stm32f1xx_hal_dma.c ****   /* Disable the selected DMA Channelx */
 231:Drivers/STM32F1xx_HAL_Driver/Src/stm32f1xx_hal_dma.c ****   __HAL_DMA_DISABLE(hdma);
 232:Drivers/STM32F1xx_HAL_Driver/Src/stm32f1xx_hal_dma.c **** 
 233:Drivers/STM32F1xx_HAL_Driver/Src/stm32f1xx_hal_dma.c ****   /* Reset DMA Channel control register */
 234:Drivers/STM32F1xx_HAL_Driver/Src/stm32f1xx_hal_dma.c ****   hdma->Instance->CCR  = 0U;
 235:Drivers/STM32F1xx_HAL_Driver/Src/stm32f1xx_hal_dma.c **** 
 236:Drivers/STM32F1xx_HAL_Driver/Src/stm32f1xx_hal_dma.c ****   /* Reset DMA Channel Number of Data to Transfer register */
 237:Drivers/STM32F1xx_HAL_Driver/Src/stm32f1xx_hal_dma.c ****   hdma->Instance->CNDTR = 0U;
 238:Drivers/STM32F1xx_HAL_Driver/Src/stm32f1xx_hal_dma.c **** 
 239:Drivers/STM32F1xx_HAL_Driver/Src/stm32f1xx_hal_dma.c ****   /* Reset DMA Channel peripheral address register */
 240:Drivers/STM32F1xx_HAL_Driver/Src/stm32f1xx_hal_dma.c ****   hdma->Instance->CPAR  = 0U;
 241:Drivers/STM32F1xx_HAL_Driver/Src/stm32f1xx_hal_dma.c **** 
 242:Drivers/STM32F1xx_HAL_Driver/Src/stm32f1xx_hal_dma.c ****   /* Reset DMA Channel memory address register */
 243:Drivers/STM32F1xx_HAL_Driver/Src/stm32f1xx_hal_dma.c ****   hdma->Instance->CMAR = 0U;
 244:Drivers/STM32F1xx_HAL_Driver/Src/stm32f1xx_hal_dma.c **** 
 245:Drivers/STM32F1xx_HAL_Driver/Src/stm32f1xx_hal_dma.c **** #if defined (DMA2)
 246:Drivers/STM32F1xx_HAL_Driver/Src/stm32f1xx_hal_dma.c ****   /* calculation of the channel index */
 247:Drivers/STM32F1xx_HAL_Driver/Src/stm32f1xx_hal_dma.c ****   if ((uint32_t)(hdma->Instance) < (uint32_t)(DMA2_Channel1))
 248:Drivers/STM32F1xx_HAL_Driver/Src/stm32f1xx_hal_dma.c ****   {
 249:Drivers/STM32F1xx_HAL_Driver/Src/stm32f1xx_hal_dma.c ****     /* DMA1 */
 250:Drivers/STM32F1xx_HAL_Driver/Src/stm32f1xx_hal_dma.c ****     hdma->ChannelIndex = (((uint32_t)hdma->Instance - (uint32_t)DMA1_Channel1) / ((uint32_t)DMA1_Ch
 251:Drivers/STM32F1xx_HAL_Driver/Src/stm32f1xx_hal_dma.c ****     hdma->DmaBaseAddress = DMA1;
 252:Drivers/STM32F1xx_HAL_Driver/Src/stm32f1xx_hal_dma.c ****   }
 253:Drivers/STM32F1xx_HAL_Driver/Src/stm32f1xx_hal_dma.c ****   else
 254:Drivers/STM32F1xx_HAL_Driver/Src/stm32f1xx_hal_dma.c ****   {
 255:Drivers/STM32F1xx_HAL_Driver/Src/stm32f1xx_hal_dma.c ****     /* DMA2 */
 256:Drivers/STM32F1xx_HAL_Driver/Src/stm32f1xx_hal_dma.c ****     hdma->ChannelIndex = (((uint32_t)hdma->Instance - (uint32_t)DMA2_Channel1) / ((uint32_t)DMA2_Ch
 257:Drivers/STM32F1xx_HAL_Driver/Src/stm32f1xx_hal_dma.c ****     hdma->DmaBaseAddress = DMA2;
 258:Drivers/STM32F1xx_HAL_Driver/Src/stm32f1xx_hal_dma.c ****   }
 259:Drivers/STM32F1xx_HAL_Driver/Src/stm32f1xx_hal_dma.c **** #else
 260:Drivers/STM32F1xx_HAL_Driver/Src/stm32f1xx_hal_dma.c ****   /* DMA1 */
ARM GAS  /tmp/cctQZOHH.s 			page 6


 261:Drivers/STM32F1xx_HAL_Driver/Src/stm32f1xx_hal_dma.c ****   hdma->ChannelIndex = (((uint32_t)hdma->Instance - (uint32_t)DMA1_Channel1) / ((uint32_t)DMA1_Chan
 262:Drivers/STM32F1xx_HAL_Driver/Src/stm32f1xx_hal_dma.c ****   hdma->DmaBaseAddress = DMA1;
 263:Drivers/STM32F1xx_HAL_Driver/Src/stm32f1xx_hal_dma.c **** #endif /* DMA2 */
 264:Drivers/STM32F1xx_HAL_Driver/Src/stm32f1xx_hal_dma.c **** 
 265:Drivers/STM32F1xx_HAL_Driver/Src/stm32f1xx_hal_dma.c ****   /* Clear all flags */
 266:Drivers/STM32F1xx_HAL_Driver/Src/stm32f1xx_hal_dma.c ****   hdma->DmaBaseAddress->IFCR = (DMA_ISR_GIF1 << (hdma->ChannelIndex));
 267:Drivers/STM32F1xx_HAL_Driver/Src/stm32f1xx_hal_dma.c **** 
 268:Drivers/STM32F1xx_HAL_Driver/Src/stm32f1xx_hal_dma.c ****   /* Clean all callbacks */
 269:Drivers/STM32F1xx_HAL_Driver/Src/stm32f1xx_hal_dma.c ****   hdma->XferCpltCallback = NULL;
 270:Drivers/STM32F1xx_HAL_Driver/Src/stm32f1xx_hal_dma.c ****   hdma->XferHalfCpltCallback = NULL;
 271:Drivers/STM32F1xx_HAL_Driver/Src/stm32f1xx_hal_dma.c ****   hdma->XferErrorCallback = NULL;
 272:Drivers/STM32F1xx_HAL_Driver/Src/stm32f1xx_hal_dma.c ****   hdma->XferAbortCallback = NULL;
 273:Drivers/STM32F1xx_HAL_Driver/Src/stm32f1xx_hal_dma.c **** 
 274:Drivers/STM32F1xx_HAL_Driver/Src/stm32f1xx_hal_dma.c ****   /* Reset the error code */
 275:Drivers/STM32F1xx_HAL_Driver/Src/stm32f1xx_hal_dma.c ****   hdma->ErrorCode = HAL_DMA_ERROR_NONE;
 276:Drivers/STM32F1xx_HAL_Driver/Src/stm32f1xx_hal_dma.c **** 
 277:Drivers/STM32F1xx_HAL_Driver/Src/stm32f1xx_hal_dma.c ****   /* Reset the DMA state */
 278:Drivers/STM32F1xx_HAL_Driver/Src/stm32f1xx_hal_dma.c ****   hdma->State = HAL_DMA_STATE_RESET;
 279:Drivers/STM32F1xx_HAL_Driver/Src/stm32f1xx_hal_dma.c **** 
 280:Drivers/STM32F1xx_HAL_Driver/Src/stm32f1xx_hal_dma.c ****   /* Release Lock */
 281:Drivers/STM32F1xx_HAL_Driver/Src/stm32f1xx_hal_dma.c ****   __HAL_UNLOCK(hdma);
 282:Drivers/STM32F1xx_HAL_Driver/Src/stm32f1xx_hal_dma.c **** 
 283:Drivers/STM32F1xx_HAL_Driver/Src/stm32f1xx_hal_dma.c ****   return HAL_OK;
 284:Drivers/STM32F1xx_HAL_Driver/Src/stm32f1xx_hal_dma.c **** }
 285:Drivers/STM32F1xx_HAL_Driver/Src/stm32f1xx_hal_dma.c **** 
 286:Drivers/STM32F1xx_HAL_Driver/Src/stm32f1xx_hal_dma.c **** /**
 287:Drivers/STM32F1xx_HAL_Driver/Src/stm32f1xx_hal_dma.c ****   * @}
 288:Drivers/STM32F1xx_HAL_Driver/Src/stm32f1xx_hal_dma.c ****   */
 289:Drivers/STM32F1xx_HAL_Driver/Src/stm32f1xx_hal_dma.c **** 
 290:Drivers/STM32F1xx_HAL_Driver/Src/stm32f1xx_hal_dma.c **** /** @defgroup DMA_Exported_Functions_Group2 Input and Output operation functions
 291:Drivers/STM32F1xx_HAL_Driver/Src/stm32f1xx_hal_dma.c ****   *  @brief   Input and Output operation functions
 292:Drivers/STM32F1xx_HAL_Driver/Src/stm32f1xx_hal_dma.c ****   *
 293:Drivers/STM32F1xx_HAL_Driver/Src/stm32f1xx_hal_dma.c **** @verbatim
 294:Drivers/STM32F1xx_HAL_Driver/Src/stm32f1xx_hal_dma.c ****  ===============================================================================
 295:Drivers/STM32F1xx_HAL_Driver/Src/stm32f1xx_hal_dma.c ****                       #####  IO operation functions  #####
 296:Drivers/STM32F1xx_HAL_Driver/Src/stm32f1xx_hal_dma.c ****  ===============================================================================
 297:Drivers/STM32F1xx_HAL_Driver/Src/stm32f1xx_hal_dma.c ****     [..]  This section provides functions allowing to:
 298:Drivers/STM32F1xx_HAL_Driver/Src/stm32f1xx_hal_dma.c ****       (+) Configure the source, destination address and data length and Start DMA transfer
 299:Drivers/STM32F1xx_HAL_Driver/Src/stm32f1xx_hal_dma.c ****       (+) Configure the source, destination address and data length and
 300:Drivers/STM32F1xx_HAL_Driver/Src/stm32f1xx_hal_dma.c ****           Start DMA transfer with interrupt
 301:Drivers/STM32F1xx_HAL_Driver/Src/stm32f1xx_hal_dma.c ****       (+) Abort DMA transfer
 302:Drivers/STM32F1xx_HAL_Driver/Src/stm32f1xx_hal_dma.c ****       (+) Poll for transfer complete
 303:Drivers/STM32F1xx_HAL_Driver/Src/stm32f1xx_hal_dma.c ****       (+) Handle DMA interrupt request
 304:Drivers/STM32F1xx_HAL_Driver/Src/stm32f1xx_hal_dma.c **** 
 305:Drivers/STM32F1xx_HAL_Driver/Src/stm32f1xx_hal_dma.c **** @endverbatim
 306:Drivers/STM32F1xx_HAL_Driver/Src/stm32f1xx_hal_dma.c ****   * @{
 307:Drivers/STM32F1xx_HAL_Driver/Src/stm32f1xx_hal_dma.c ****   */
 308:Drivers/STM32F1xx_HAL_Driver/Src/stm32f1xx_hal_dma.c **** 
 309:Drivers/STM32F1xx_HAL_Driver/Src/stm32f1xx_hal_dma.c **** /**
 310:Drivers/STM32F1xx_HAL_Driver/Src/stm32f1xx_hal_dma.c ****   * @brief  Start the DMA Transfer.
 311:Drivers/STM32F1xx_HAL_Driver/Src/stm32f1xx_hal_dma.c ****   * @param  hdma: pointer to a DMA_HandleTypeDef structure that contains
 312:Drivers/STM32F1xx_HAL_Driver/Src/stm32f1xx_hal_dma.c ****   *               the configuration information for the specified DMA Channel.
 313:Drivers/STM32F1xx_HAL_Driver/Src/stm32f1xx_hal_dma.c ****   * @param  SrcAddress: The source memory Buffer address
 314:Drivers/STM32F1xx_HAL_Driver/Src/stm32f1xx_hal_dma.c ****   * @param  DstAddress: The destination memory Buffer address
 315:Drivers/STM32F1xx_HAL_Driver/Src/stm32f1xx_hal_dma.c ****   * @param  DataLength: The length of data to be transferred from source to destination
 316:Drivers/STM32F1xx_HAL_Driver/Src/stm32f1xx_hal_dma.c ****   * @retval HAL status
 317:Drivers/STM32F1xx_HAL_Driver/Src/stm32f1xx_hal_dma.c ****   */
ARM GAS  /tmp/cctQZOHH.s 			page 7


 318:Drivers/STM32F1xx_HAL_Driver/Src/stm32f1xx_hal_dma.c **** HAL_StatusTypeDef HAL_DMA_Start(DMA_HandleTypeDef *hdma, uint32_t SrcAddress, uint32_t DstAddress, 
 319:Drivers/STM32F1xx_HAL_Driver/Src/stm32f1xx_hal_dma.c **** {
 320:Drivers/STM32F1xx_HAL_Driver/Src/stm32f1xx_hal_dma.c ****   HAL_StatusTypeDef status = HAL_OK;
 321:Drivers/STM32F1xx_HAL_Driver/Src/stm32f1xx_hal_dma.c **** 
 322:Drivers/STM32F1xx_HAL_Driver/Src/stm32f1xx_hal_dma.c ****   /* Check the parameters */
 323:Drivers/STM32F1xx_HAL_Driver/Src/stm32f1xx_hal_dma.c ****   assert_param(IS_DMA_BUFFER_SIZE(DataLength));
 324:Drivers/STM32F1xx_HAL_Driver/Src/stm32f1xx_hal_dma.c **** 
 325:Drivers/STM32F1xx_HAL_Driver/Src/stm32f1xx_hal_dma.c ****   /* Process locked */
 326:Drivers/STM32F1xx_HAL_Driver/Src/stm32f1xx_hal_dma.c ****   __HAL_LOCK(hdma);
 327:Drivers/STM32F1xx_HAL_Driver/Src/stm32f1xx_hal_dma.c **** 
 328:Drivers/STM32F1xx_HAL_Driver/Src/stm32f1xx_hal_dma.c ****   if(HAL_DMA_STATE_READY == hdma->State)
 329:Drivers/STM32F1xx_HAL_Driver/Src/stm32f1xx_hal_dma.c ****   {
 330:Drivers/STM32F1xx_HAL_Driver/Src/stm32f1xx_hal_dma.c ****     /* Change DMA peripheral state */
 331:Drivers/STM32F1xx_HAL_Driver/Src/stm32f1xx_hal_dma.c ****     hdma->State = HAL_DMA_STATE_BUSY;
 332:Drivers/STM32F1xx_HAL_Driver/Src/stm32f1xx_hal_dma.c ****     hdma->ErrorCode = HAL_DMA_ERROR_NONE;
 333:Drivers/STM32F1xx_HAL_Driver/Src/stm32f1xx_hal_dma.c ****             
 334:Drivers/STM32F1xx_HAL_Driver/Src/stm32f1xx_hal_dma.c ****     /* Disable the peripheral */
 335:Drivers/STM32F1xx_HAL_Driver/Src/stm32f1xx_hal_dma.c ****     __HAL_DMA_DISABLE(hdma);
 336:Drivers/STM32F1xx_HAL_Driver/Src/stm32f1xx_hal_dma.c ****     
 337:Drivers/STM32F1xx_HAL_Driver/Src/stm32f1xx_hal_dma.c ****     /* Configure the source, destination address and the data length & clear flags*/
 338:Drivers/STM32F1xx_HAL_Driver/Src/stm32f1xx_hal_dma.c ****     DMA_SetConfig(hdma, SrcAddress, DstAddress, DataLength);
 339:Drivers/STM32F1xx_HAL_Driver/Src/stm32f1xx_hal_dma.c ****     
 340:Drivers/STM32F1xx_HAL_Driver/Src/stm32f1xx_hal_dma.c ****     /* Enable the Peripheral */
 341:Drivers/STM32F1xx_HAL_Driver/Src/stm32f1xx_hal_dma.c ****     __HAL_DMA_ENABLE(hdma);
 342:Drivers/STM32F1xx_HAL_Driver/Src/stm32f1xx_hal_dma.c ****   }
 343:Drivers/STM32F1xx_HAL_Driver/Src/stm32f1xx_hal_dma.c ****   else
 344:Drivers/STM32F1xx_HAL_Driver/Src/stm32f1xx_hal_dma.c ****   {
 345:Drivers/STM32F1xx_HAL_Driver/Src/stm32f1xx_hal_dma.c ****    /* Process Unlocked */
 346:Drivers/STM32F1xx_HAL_Driver/Src/stm32f1xx_hal_dma.c ****    __HAL_UNLOCK(hdma);  
 347:Drivers/STM32F1xx_HAL_Driver/Src/stm32f1xx_hal_dma.c ****    status = HAL_BUSY;
 348:Drivers/STM32F1xx_HAL_Driver/Src/stm32f1xx_hal_dma.c ****   }  
 349:Drivers/STM32F1xx_HAL_Driver/Src/stm32f1xx_hal_dma.c ****   return status;
 350:Drivers/STM32F1xx_HAL_Driver/Src/stm32f1xx_hal_dma.c **** }
 351:Drivers/STM32F1xx_HAL_Driver/Src/stm32f1xx_hal_dma.c **** 
 352:Drivers/STM32F1xx_HAL_Driver/Src/stm32f1xx_hal_dma.c **** /**
 353:Drivers/STM32F1xx_HAL_Driver/Src/stm32f1xx_hal_dma.c ****   * @brief  Start the DMA Transfer with interrupt enabled.
 354:Drivers/STM32F1xx_HAL_Driver/Src/stm32f1xx_hal_dma.c ****   * @param  hdma: pointer to a DMA_HandleTypeDef structure that contains
 355:Drivers/STM32F1xx_HAL_Driver/Src/stm32f1xx_hal_dma.c ****   *               the configuration information for the specified DMA Channel.
 356:Drivers/STM32F1xx_HAL_Driver/Src/stm32f1xx_hal_dma.c ****   * @param  SrcAddress: The source memory Buffer address
 357:Drivers/STM32F1xx_HAL_Driver/Src/stm32f1xx_hal_dma.c ****   * @param  DstAddress: The destination memory Buffer address
 358:Drivers/STM32F1xx_HAL_Driver/Src/stm32f1xx_hal_dma.c ****   * @param  DataLength: The length of data to be transferred from source to destination
 359:Drivers/STM32F1xx_HAL_Driver/Src/stm32f1xx_hal_dma.c ****   * @retval HAL status
 360:Drivers/STM32F1xx_HAL_Driver/Src/stm32f1xx_hal_dma.c ****   */
 361:Drivers/STM32F1xx_HAL_Driver/Src/stm32f1xx_hal_dma.c **** HAL_StatusTypeDef HAL_DMA_Start_IT(DMA_HandleTypeDef *hdma, uint32_t SrcAddress, uint32_t DstAddres
 362:Drivers/STM32F1xx_HAL_Driver/Src/stm32f1xx_hal_dma.c **** {
 363:Drivers/STM32F1xx_HAL_Driver/Src/stm32f1xx_hal_dma.c ****   HAL_StatusTypeDef status = HAL_OK;
 364:Drivers/STM32F1xx_HAL_Driver/Src/stm32f1xx_hal_dma.c **** 
 365:Drivers/STM32F1xx_HAL_Driver/Src/stm32f1xx_hal_dma.c ****   /* Check the parameters */
 366:Drivers/STM32F1xx_HAL_Driver/Src/stm32f1xx_hal_dma.c ****   assert_param(IS_DMA_BUFFER_SIZE(DataLength));
 367:Drivers/STM32F1xx_HAL_Driver/Src/stm32f1xx_hal_dma.c **** 
 368:Drivers/STM32F1xx_HAL_Driver/Src/stm32f1xx_hal_dma.c ****   /* Process locked */
 369:Drivers/STM32F1xx_HAL_Driver/Src/stm32f1xx_hal_dma.c ****   __HAL_LOCK(hdma);
 370:Drivers/STM32F1xx_HAL_Driver/Src/stm32f1xx_hal_dma.c ****   
 371:Drivers/STM32F1xx_HAL_Driver/Src/stm32f1xx_hal_dma.c ****   if(HAL_DMA_STATE_READY == hdma->State)
 372:Drivers/STM32F1xx_HAL_Driver/Src/stm32f1xx_hal_dma.c ****   {
 373:Drivers/STM32F1xx_HAL_Driver/Src/stm32f1xx_hal_dma.c ****     /* Change DMA peripheral state */
 374:Drivers/STM32F1xx_HAL_Driver/Src/stm32f1xx_hal_dma.c ****     hdma->State = HAL_DMA_STATE_BUSY;
ARM GAS  /tmp/cctQZOHH.s 			page 8


 375:Drivers/STM32F1xx_HAL_Driver/Src/stm32f1xx_hal_dma.c ****     hdma->ErrorCode = HAL_DMA_ERROR_NONE;
 376:Drivers/STM32F1xx_HAL_Driver/Src/stm32f1xx_hal_dma.c ****     
 377:Drivers/STM32F1xx_HAL_Driver/Src/stm32f1xx_hal_dma.c ****     /* Disable the peripheral */
 378:Drivers/STM32F1xx_HAL_Driver/Src/stm32f1xx_hal_dma.c ****     __HAL_DMA_DISABLE(hdma);
 379:Drivers/STM32F1xx_HAL_Driver/Src/stm32f1xx_hal_dma.c ****     
 380:Drivers/STM32F1xx_HAL_Driver/Src/stm32f1xx_hal_dma.c ****     /* Configure the source, destination address and the data length & clear flags*/
 381:Drivers/STM32F1xx_HAL_Driver/Src/stm32f1xx_hal_dma.c ****     DMA_SetConfig(hdma, SrcAddress, DstAddress, DataLength);
 382:Drivers/STM32F1xx_HAL_Driver/Src/stm32f1xx_hal_dma.c ****     
 383:Drivers/STM32F1xx_HAL_Driver/Src/stm32f1xx_hal_dma.c ****     /* Enable the transfer complete interrupt */
 384:Drivers/STM32F1xx_HAL_Driver/Src/stm32f1xx_hal_dma.c ****     /* Enable the transfer Error interrupt */
 385:Drivers/STM32F1xx_HAL_Driver/Src/stm32f1xx_hal_dma.c ****     if(NULL != hdma->XferHalfCpltCallback)
 386:Drivers/STM32F1xx_HAL_Driver/Src/stm32f1xx_hal_dma.c ****     {
 387:Drivers/STM32F1xx_HAL_Driver/Src/stm32f1xx_hal_dma.c ****       /* Enable the Half transfer complete interrupt as well */
 388:Drivers/STM32F1xx_HAL_Driver/Src/stm32f1xx_hal_dma.c ****       __HAL_DMA_ENABLE_IT(hdma, (DMA_IT_TC | DMA_IT_HT | DMA_IT_TE));
 389:Drivers/STM32F1xx_HAL_Driver/Src/stm32f1xx_hal_dma.c ****     }
 390:Drivers/STM32F1xx_HAL_Driver/Src/stm32f1xx_hal_dma.c ****     else
 391:Drivers/STM32F1xx_HAL_Driver/Src/stm32f1xx_hal_dma.c ****     {
 392:Drivers/STM32F1xx_HAL_Driver/Src/stm32f1xx_hal_dma.c ****       __HAL_DMA_DISABLE_IT(hdma, DMA_IT_HT);
 393:Drivers/STM32F1xx_HAL_Driver/Src/stm32f1xx_hal_dma.c ****       __HAL_DMA_ENABLE_IT(hdma, (DMA_IT_TC | DMA_IT_TE));
 394:Drivers/STM32F1xx_HAL_Driver/Src/stm32f1xx_hal_dma.c ****     }
 395:Drivers/STM32F1xx_HAL_Driver/Src/stm32f1xx_hal_dma.c ****     /* Enable the Peripheral */
 396:Drivers/STM32F1xx_HAL_Driver/Src/stm32f1xx_hal_dma.c ****     __HAL_DMA_ENABLE(hdma);
 397:Drivers/STM32F1xx_HAL_Driver/Src/stm32f1xx_hal_dma.c ****   }
 398:Drivers/STM32F1xx_HAL_Driver/Src/stm32f1xx_hal_dma.c ****   else
 399:Drivers/STM32F1xx_HAL_Driver/Src/stm32f1xx_hal_dma.c ****   {      
 400:Drivers/STM32F1xx_HAL_Driver/Src/stm32f1xx_hal_dma.c ****     /* Process Unlocked */
 401:Drivers/STM32F1xx_HAL_Driver/Src/stm32f1xx_hal_dma.c ****     __HAL_UNLOCK(hdma); 
 402:Drivers/STM32F1xx_HAL_Driver/Src/stm32f1xx_hal_dma.c **** 
 403:Drivers/STM32F1xx_HAL_Driver/Src/stm32f1xx_hal_dma.c ****     /* Remain BUSY */
 404:Drivers/STM32F1xx_HAL_Driver/Src/stm32f1xx_hal_dma.c ****     status = HAL_BUSY;
 405:Drivers/STM32F1xx_HAL_Driver/Src/stm32f1xx_hal_dma.c ****   }    
 406:Drivers/STM32F1xx_HAL_Driver/Src/stm32f1xx_hal_dma.c ****   return status;
 407:Drivers/STM32F1xx_HAL_Driver/Src/stm32f1xx_hal_dma.c **** }
 408:Drivers/STM32F1xx_HAL_Driver/Src/stm32f1xx_hal_dma.c **** 
 409:Drivers/STM32F1xx_HAL_Driver/Src/stm32f1xx_hal_dma.c **** /**
 410:Drivers/STM32F1xx_HAL_Driver/Src/stm32f1xx_hal_dma.c ****   * @brief  Abort the DMA Transfer.
 411:Drivers/STM32F1xx_HAL_Driver/Src/stm32f1xx_hal_dma.c ****   * @param  hdma: pointer to a DMA_HandleTypeDef structure that contains
 412:Drivers/STM32F1xx_HAL_Driver/Src/stm32f1xx_hal_dma.c ****   *               the configuration information for the specified DMA Channel.
 413:Drivers/STM32F1xx_HAL_Driver/Src/stm32f1xx_hal_dma.c ****   * @retval HAL status
 414:Drivers/STM32F1xx_HAL_Driver/Src/stm32f1xx_hal_dma.c ****   */
 415:Drivers/STM32F1xx_HAL_Driver/Src/stm32f1xx_hal_dma.c **** HAL_StatusTypeDef HAL_DMA_Abort(DMA_HandleTypeDef *hdma)
 416:Drivers/STM32F1xx_HAL_Driver/Src/stm32f1xx_hal_dma.c **** {
 417:Drivers/STM32F1xx_HAL_Driver/Src/stm32f1xx_hal_dma.c ****   HAL_StatusTypeDef status = HAL_OK;
 418:Drivers/STM32F1xx_HAL_Driver/Src/stm32f1xx_hal_dma.c ****   
 419:Drivers/STM32F1xx_HAL_Driver/Src/stm32f1xx_hal_dma.c ****   if(hdma->State != HAL_DMA_STATE_BUSY)
 420:Drivers/STM32F1xx_HAL_Driver/Src/stm32f1xx_hal_dma.c ****   {
 421:Drivers/STM32F1xx_HAL_Driver/Src/stm32f1xx_hal_dma.c ****     /* no transfer ongoing */
 422:Drivers/STM32F1xx_HAL_Driver/Src/stm32f1xx_hal_dma.c ****     hdma->ErrorCode = HAL_DMA_ERROR_NO_XFER;
 423:Drivers/STM32F1xx_HAL_Driver/Src/stm32f1xx_hal_dma.c ****     
 424:Drivers/STM32F1xx_HAL_Driver/Src/stm32f1xx_hal_dma.c ****     /* Process Unlocked */
 425:Drivers/STM32F1xx_HAL_Driver/Src/stm32f1xx_hal_dma.c ****     __HAL_UNLOCK(hdma);
 426:Drivers/STM32F1xx_HAL_Driver/Src/stm32f1xx_hal_dma.c ****     
 427:Drivers/STM32F1xx_HAL_Driver/Src/stm32f1xx_hal_dma.c ****     return HAL_ERROR;
 428:Drivers/STM32F1xx_HAL_Driver/Src/stm32f1xx_hal_dma.c ****   }
 429:Drivers/STM32F1xx_HAL_Driver/Src/stm32f1xx_hal_dma.c ****   else
 430:Drivers/STM32F1xx_HAL_Driver/Src/stm32f1xx_hal_dma.c **** 
 431:Drivers/STM32F1xx_HAL_Driver/Src/stm32f1xx_hal_dma.c ****   {
ARM GAS  /tmp/cctQZOHH.s 			page 9


 432:Drivers/STM32F1xx_HAL_Driver/Src/stm32f1xx_hal_dma.c ****     /* Disable DMA IT */
 433:Drivers/STM32F1xx_HAL_Driver/Src/stm32f1xx_hal_dma.c ****     __HAL_DMA_DISABLE_IT(hdma, (DMA_IT_TC | DMA_IT_HT | DMA_IT_TE));
 434:Drivers/STM32F1xx_HAL_Driver/Src/stm32f1xx_hal_dma.c ****       
 435:Drivers/STM32F1xx_HAL_Driver/Src/stm32f1xx_hal_dma.c ****     /* Disable the channel */
 436:Drivers/STM32F1xx_HAL_Driver/Src/stm32f1xx_hal_dma.c ****     __HAL_DMA_DISABLE(hdma);
 437:Drivers/STM32F1xx_HAL_Driver/Src/stm32f1xx_hal_dma.c ****       
 438:Drivers/STM32F1xx_HAL_Driver/Src/stm32f1xx_hal_dma.c ****     /* Clear all flags */
 439:Drivers/STM32F1xx_HAL_Driver/Src/stm32f1xx_hal_dma.c ****     hdma->DmaBaseAddress->IFCR = (DMA_ISR_GIF1 << hdma->ChannelIndex);
 440:Drivers/STM32F1xx_HAL_Driver/Src/stm32f1xx_hal_dma.c ****   }
 441:Drivers/STM32F1xx_HAL_Driver/Src/stm32f1xx_hal_dma.c ****   /* Change the DMA state */
 442:Drivers/STM32F1xx_HAL_Driver/Src/stm32f1xx_hal_dma.c ****   hdma->State = HAL_DMA_STATE_READY;
 443:Drivers/STM32F1xx_HAL_Driver/Src/stm32f1xx_hal_dma.c **** 
 444:Drivers/STM32F1xx_HAL_Driver/Src/stm32f1xx_hal_dma.c ****   /* Process Unlocked */
 445:Drivers/STM32F1xx_HAL_Driver/Src/stm32f1xx_hal_dma.c ****   __HAL_UNLOCK(hdma);      
 446:Drivers/STM32F1xx_HAL_Driver/Src/stm32f1xx_hal_dma.c ****   
 447:Drivers/STM32F1xx_HAL_Driver/Src/stm32f1xx_hal_dma.c ****   return status; 
 448:Drivers/STM32F1xx_HAL_Driver/Src/stm32f1xx_hal_dma.c **** }
 449:Drivers/STM32F1xx_HAL_Driver/Src/stm32f1xx_hal_dma.c **** 
 450:Drivers/STM32F1xx_HAL_Driver/Src/stm32f1xx_hal_dma.c **** /**
 451:Drivers/STM32F1xx_HAL_Driver/Src/stm32f1xx_hal_dma.c ****   * @brief  Aborts the DMA Transfer in Interrupt mode.
 452:Drivers/STM32F1xx_HAL_Driver/Src/stm32f1xx_hal_dma.c ****   * @param  hdma  : pointer to a DMA_HandleTypeDef structure that contains
 453:Drivers/STM32F1xx_HAL_Driver/Src/stm32f1xx_hal_dma.c ****   *                 the configuration information for the specified DMA Channel.
 454:Drivers/STM32F1xx_HAL_Driver/Src/stm32f1xx_hal_dma.c ****   * @retval HAL status
 455:Drivers/STM32F1xx_HAL_Driver/Src/stm32f1xx_hal_dma.c ****   */
 456:Drivers/STM32F1xx_HAL_Driver/Src/stm32f1xx_hal_dma.c **** HAL_StatusTypeDef HAL_DMA_Abort_IT(DMA_HandleTypeDef *hdma)
 457:Drivers/STM32F1xx_HAL_Driver/Src/stm32f1xx_hal_dma.c **** {  
 458:Drivers/STM32F1xx_HAL_Driver/Src/stm32f1xx_hal_dma.c ****   HAL_StatusTypeDef status = HAL_OK;
 459:Drivers/STM32F1xx_HAL_Driver/Src/stm32f1xx_hal_dma.c ****   
 460:Drivers/STM32F1xx_HAL_Driver/Src/stm32f1xx_hal_dma.c ****   if(HAL_DMA_STATE_BUSY != hdma->State)
 461:Drivers/STM32F1xx_HAL_Driver/Src/stm32f1xx_hal_dma.c ****   {
 462:Drivers/STM32F1xx_HAL_Driver/Src/stm32f1xx_hal_dma.c ****     /* no transfer ongoing */
 463:Drivers/STM32F1xx_HAL_Driver/Src/stm32f1xx_hal_dma.c ****     hdma->ErrorCode = HAL_DMA_ERROR_NO_XFER;
 464:Drivers/STM32F1xx_HAL_Driver/Src/stm32f1xx_hal_dma.c ****         
 465:Drivers/STM32F1xx_HAL_Driver/Src/stm32f1xx_hal_dma.c ****     status = HAL_ERROR;
 466:Drivers/STM32F1xx_HAL_Driver/Src/stm32f1xx_hal_dma.c ****   }
 467:Drivers/STM32F1xx_HAL_Driver/Src/stm32f1xx_hal_dma.c ****   else
 468:Drivers/STM32F1xx_HAL_Driver/Src/stm32f1xx_hal_dma.c ****   { 
 469:Drivers/STM32F1xx_HAL_Driver/Src/stm32f1xx_hal_dma.c ****     /* Disable DMA IT */
 470:Drivers/STM32F1xx_HAL_Driver/Src/stm32f1xx_hal_dma.c ****     __HAL_DMA_DISABLE_IT(hdma, (DMA_IT_TC | DMA_IT_HT | DMA_IT_TE));
 471:Drivers/STM32F1xx_HAL_Driver/Src/stm32f1xx_hal_dma.c **** 
 472:Drivers/STM32F1xx_HAL_Driver/Src/stm32f1xx_hal_dma.c ****     /* Disable the channel */
 473:Drivers/STM32F1xx_HAL_Driver/Src/stm32f1xx_hal_dma.c ****     __HAL_DMA_DISABLE(hdma);
 474:Drivers/STM32F1xx_HAL_Driver/Src/stm32f1xx_hal_dma.c **** 
 475:Drivers/STM32F1xx_HAL_Driver/Src/stm32f1xx_hal_dma.c ****     /* Clear all flags */
 476:Drivers/STM32F1xx_HAL_Driver/Src/stm32f1xx_hal_dma.c ****     __HAL_DMA_CLEAR_FLAG(hdma, __HAL_DMA_GET_GI_FLAG_INDEX(hdma));
 477:Drivers/STM32F1xx_HAL_Driver/Src/stm32f1xx_hal_dma.c **** 
 478:Drivers/STM32F1xx_HAL_Driver/Src/stm32f1xx_hal_dma.c ****     /* Change the DMA state */
 479:Drivers/STM32F1xx_HAL_Driver/Src/stm32f1xx_hal_dma.c ****     hdma->State = HAL_DMA_STATE_READY;
 480:Drivers/STM32F1xx_HAL_Driver/Src/stm32f1xx_hal_dma.c **** 
 481:Drivers/STM32F1xx_HAL_Driver/Src/stm32f1xx_hal_dma.c ****     /* Process Unlocked */
 482:Drivers/STM32F1xx_HAL_Driver/Src/stm32f1xx_hal_dma.c ****     __HAL_UNLOCK(hdma);
 483:Drivers/STM32F1xx_HAL_Driver/Src/stm32f1xx_hal_dma.c **** 
 484:Drivers/STM32F1xx_HAL_Driver/Src/stm32f1xx_hal_dma.c ****     /* Call User Abort callback */
 485:Drivers/STM32F1xx_HAL_Driver/Src/stm32f1xx_hal_dma.c ****     if(hdma->XferAbortCallback != NULL)
 486:Drivers/STM32F1xx_HAL_Driver/Src/stm32f1xx_hal_dma.c ****     {
 487:Drivers/STM32F1xx_HAL_Driver/Src/stm32f1xx_hal_dma.c ****       hdma->XferAbortCallback(hdma);
 488:Drivers/STM32F1xx_HAL_Driver/Src/stm32f1xx_hal_dma.c ****     } 
ARM GAS  /tmp/cctQZOHH.s 			page 10


 489:Drivers/STM32F1xx_HAL_Driver/Src/stm32f1xx_hal_dma.c ****   }
 490:Drivers/STM32F1xx_HAL_Driver/Src/stm32f1xx_hal_dma.c ****   return status;
 491:Drivers/STM32F1xx_HAL_Driver/Src/stm32f1xx_hal_dma.c **** }
 492:Drivers/STM32F1xx_HAL_Driver/Src/stm32f1xx_hal_dma.c **** 
 493:Drivers/STM32F1xx_HAL_Driver/Src/stm32f1xx_hal_dma.c **** /**
 494:Drivers/STM32F1xx_HAL_Driver/Src/stm32f1xx_hal_dma.c ****   * @brief  Polling for transfer complete.
 495:Drivers/STM32F1xx_HAL_Driver/Src/stm32f1xx_hal_dma.c ****   * @param  hdma:    pointer to a DMA_HandleTypeDef structure that contains
 496:Drivers/STM32F1xx_HAL_Driver/Src/stm32f1xx_hal_dma.c ****   *                  the configuration information for the specified DMA Channel.
 497:Drivers/STM32F1xx_HAL_Driver/Src/stm32f1xx_hal_dma.c ****   * @param  CompleteLevel: Specifies the DMA level complete.
 498:Drivers/STM32F1xx_HAL_Driver/Src/stm32f1xx_hal_dma.c ****   * @param  Timeout:       Timeout duration.
 499:Drivers/STM32F1xx_HAL_Driver/Src/stm32f1xx_hal_dma.c ****   * @retval HAL status
 500:Drivers/STM32F1xx_HAL_Driver/Src/stm32f1xx_hal_dma.c ****   */
 501:Drivers/STM32F1xx_HAL_Driver/Src/stm32f1xx_hal_dma.c **** HAL_StatusTypeDef HAL_DMA_PollForTransfer(DMA_HandleTypeDef *hdma, uint32_t CompleteLevel, uint32_t
 502:Drivers/STM32F1xx_HAL_Driver/Src/stm32f1xx_hal_dma.c **** {
 503:Drivers/STM32F1xx_HAL_Driver/Src/stm32f1xx_hal_dma.c ****   uint32_t temp;
 504:Drivers/STM32F1xx_HAL_Driver/Src/stm32f1xx_hal_dma.c ****   uint32_t tickstart = 0U;
 505:Drivers/STM32F1xx_HAL_Driver/Src/stm32f1xx_hal_dma.c **** 
 506:Drivers/STM32F1xx_HAL_Driver/Src/stm32f1xx_hal_dma.c ****   if(HAL_DMA_STATE_BUSY != hdma->State)
 507:Drivers/STM32F1xx_HAL_Driver/Src/stm32f1xx_hal_dma.c ****   {
 508:Drivers/STM32F1xx_HAL_Driver/Src/stm32f1xx_hal_dma.c ****     /* no transfer ongoing */
 509:Drivers/STM32F1xx_HAL_Driver/Src/stm32f1xx_hal_dma.c ****     hdma->ErrorCode = HAL_DMA_ERROR_NO_XFER;
 510:Drivers/STM32F1xx_HAL_Driver/Src/stm32f1xx_hal_dma.c ****     __HAL_UNLOCK(hdma);
 511:Drivers/STM32F1xx_HAL_Driver/Src/stm32f1xx_hal_dma.c ****     return HAL_ERROR;
 512:Drivers/STM32F1xx_HAL_Driver/Src/stm32f1xx_hal_dma.c ****   }
 513:Drivers/STM32F1xx_HAL_Driver/Src/stm32f1xx_hal_dma.c **** 
 514:Drivers/STM32F1xx_HAL_Driver/Src/stm32f1xx_hal_dma.c ****   /* Polling mode not supported in circular mode */
 515:Drivers/STM32F1xx_HAL_Driver/Src/stm32f1xx_hal_dma.c ****   if (RESET != (hdma->Instance->CCR & DMA_CCR_CIRC))
 516:Drivers/STM32F1xx_HAL_Driver/Src/stm32f1xx_hal_dma.c ****   {
 517:Drivers/STM32F1xx_HAL_Driver/Src/stm32f1xx_hal_dma.c ****     hdma->ErrorCode = HAL_DMA_ERROR_NOT_SUPPORTED;
 518:Drivers/STM32F1xx_HAL_Driver/Src/stm32f1xx_hal_dma.c ****     return HAL_ERROR;
 519:Drivers/STM32F1xx_HAL_Driver/Src/stm32f1xx_hal_dma.c ****   }
 520:Drivers/STM32F1xx_HAL_Driver/Src/stm32f1xx_hal_dma.c ****   
 521:Drivers/STM32F1xx_HAL_Driver/Src/stm32f1xx_hal_dma.c ****   /* Get the level transfer complete flag */
 522:Drivers/STM32F1xx_HAL_Driver/Src/stm32f1xx_hal_dma.c ****   if(CompleteLevel == HAL_DMA_FULL_TRANSFER)
 523:Drivers/STM32F1xx_HAL_Driver/Src/stm32f1xx_hal_dma.c ****   {
 524:Drivers/STM32F1xx_HAL_Driver/Src/stm32f1xx_hal_dma.c ****     /* Transfer Complete flag */
 525:Drivers/STM32F1xx_HAL_Driver/Src/stm32f1xx_hal_dma.c ****     temp = __HAL_DMA_GET_TC_FLAG_INDEX(hdma);
 526:Drivers/STM32F1xx_HAL_Driver/Src/stm32f1xx_hal_dma.c ****   }
 527:Drivers/STM32F1xx_HAL_Driver/Src/stm32f1xx_hal_dma.c ****   else
 528:Drivers/STM32F1xx_HAL_Driver/Src/stm32f1xx_hal_dma.c ****   {
 529:Drivers/STM32F1xx_HAL_Driver/Src/stm32f1xx_hal_dma.c ****     /* Half Transfer Complete flag */
 530:Drivers/STM32F1xx_HAL_Driver/Src/stm32f1xx_hal_dma.c ****     temp = __HAL_DMA_GET_HT_FLAG_INDEX(hdma);
 531:Drivers/STM32F1xx_HAL_Driver/Src/stm32f1xx_hal_dma.c ****   }
 532:Drivers/STM32F1xx_HAL_Driver/Src/stm32f1xx_hal_dma.c **** 
 533:Drivers/STM32F1xx_HAL_Driver/Src/stm32f1xx_hal_dma.c ****   /* Get tick */
 534:Drivers/STM32F1xx_HAL_Driver/Src/stm32f1xx_hal_dma.c ****   tickstart = HAL_GetTick();
 535:Drivers/STM32F1xx_HAL_Driver/Src/stm32f1xx_hal_dma.c **** 
 536:Drivers/STM32F1xx_HAL_Driver/Src/stm32f1xx_hal_dma.c ****   while(__HAL_DMA_GET_FLAG(hdma, temp) == RESET)
 537:Drivers/STM32F1xx_HAL_Driver/Src/stm32f1xx_hal_dma.c ****   {
 538:Drivers/STM32F1xx_HAL_Driver/Src/stm32f1xx_hal_dma.c ****     if((__HAL_DMA_GET_FLAG(hdma, __HAL_DMA_GET_TE_FLAG_INDEX(hdma)) != RESET))
 539:Drivers/STM32F1xx_HAL_Driver/Src/stm32f1xx_hal_dma.c ****     {
 540:Drivers/STM32F1xx_HAL_Driver/Src/stm32f1xx_hal_dma.c ****       /* When a DMA transfer error occurs */
 541:Drivers/STM32F1xx_HAL_Driver/Src/stm32f1xx_hal_dma.c ****       /* A hardware clear of its EN bits is performed */
 542:Drivers/STM32F1xx_HAL_Driver/Src/stm32f1xx_hal_dma.c ****       /* Clear all flags */
 543:Drivers/STM32F1xx_HAL_Driver/Src/stm32f1xx_hal_dma.c ****       hdma->DmaBaseAddress->IFCR = (DMA_ISR_GIF1 << hdma->ChannelIndex);
 544:Drivers/STM32F1xx_HAL_Driver/Src/stm32f1xx_hal_dma.c **** 
 545:Drivers/STM32F1xx_HAL_Driver/Src/stm32f1xx_hal_dma.c ****       /* Update error code */
ARM GAS  /tmp/cctQZOHH.s 			page 11


 546:Drivers/STM32F1xx_HAL_Driver/Src/stm32f1xx_hal_dma.c ****       SET_BIT(hdma->ErrorCode, HAL_DMA_ERROR_TE);
 547:Drivers/STM32F1xx_HAL_Driver/Src/stm32f1xx_hal_dma.c **** 
 548:Drivers/STM32F1xx_HAL_Driver/Src/stm32f1xx_hal_dma.c ****       /* Change the DMA state */
 549:Drivers/STM32F1xx_HAL_Driver/Src/stm32f1xx_hal_dma.c ****       hdma->State= HAL_DMA_STATE_READY;
 550:Drivers/STM32F1xx_HAL_Driver/Src/stm32f1xx_hal_dma.c **** 
 551:Drivers/STM32F1xx_HAL_Driver/Src/stm32f1xx_hal_dma.c ****       /* Process Unlocked */
 552:Drivers/STM32F1xx_HAL_Driver/Src/stm32f1xx_hal_dma.c ****       __HAL_UNLOCK(hdma);
 553:Drivers/STM32F1xx_HAL_Driver/Src/stm32f1xx_hal_dma.c **** 
 554:Drivers/STM32F1xx_HAL_Driver/Src/stm32f1xx_hal_dma.c ****       return HAL_ERROR;
 555:Drivers/STM32F1xx_HAL_Driver/Src/stm32f1xx_hal_dma.c ****     }
 556:Drivers/STM32F1xx_HAL_Driver/Src/stm32f1xx_hal_dma.c ****     /* Check for the Timeout */
 557:Drivers/STM32F1xx_HAL_Driver/Src/stm32f1xx_hal_dma.c ****     if(Timeout != HAL_MAX_DELAY)
 558:Drivers/STM32F1xx_HAL_Driver/Src/stm32f1xx_hal_dma.c ****     {
 559:Drivers/STM32F1xx_HAL_Driver/Src/stm32f1xx_hal_dma.c ****       if((Timeout == 0U) || ((HAL_GetTick() - tickstart) > Timeout))
 560:Drivers/STM32F1xx_HAL_Driver/Src/stm32f1xx_hal_dma.c ****       {
 561:Drivers/STM32F1xx_HAL_Driver/Src/stm32f1xx_hal_dma.c ****         /* Update error code */
 562:Drivers/STM32F1xx_HAL_Driver/Src/stm32f1xx_hal_dma.c ****         SET_BIT(hdma->ErrorCode, HAL_DMA_ERROR_TIMEOUT);
 563:Drivers/STM32F1xx_HAL_Driver/Src/stm32f1xx_hal_dma.c **** 
 564:Drivers/STM32F1xx_HAL_Driver/Src/stm32f1xx_hal_dma.c ****         /* Change the DMA state */
 565:Drivers/STM32F1xx_HAL_Driver/Src/stm32f1xx_hal_dma.c ****         hdma->State = HAL_DMA_STATE_READY;
 566:Drivers/STM32F1xx_HAL_Driver/Src/stm32f1xx_hal_dma.c **** 
 567:Drivers/STM32F1xx_HAL_Driver/Src/stm32f1xx_hal_dma.c ****         /* Process Unlocked */
 568:Drivers/STM32F1xx_HAL_Driver/Src/stm32f1xx_hal_dma.c ****         __HAL_UNLOCK(hdma);
 569:Drivers/STM32F1xx_HAL_Driver/Src/stm32f1xx_hal_dma.c **** 
 570:Drivers/STM32F1xx_HAL_Driver/Src/stm32f1xx_hal_dma.c ****         return HAL_ERROR;
 571:Drivers/STM32F1xx_HAL_Driver/Src/stm32f1xx_hal_dma.c ****       }
 572:Drivers/STM32F1xx_HAL_Driver/Src/stm32f1xx_hal_dma.c ****     }
 573:Drivers/STM32F1xx_HAL_Driver/Src/stm32f1xx_hal_dma.c ****   }
 574:Drivers/STM32F1xx_HAL_Driver/Src/stm32f1xx_hal_dma.c **** 
 575:Drivers/STM32F1xx_HAL_Driver/Src/stm32f1xx_hal_dma.c ****   if(CompleteLevel == HAL_DMA_FULL_TRANSFER)
 576:Drivers/STM32F1xx_HAL_Driver/Src/stm32f1xx_hal_dma.c ****   {
 577:Drivers/STM32F1xx_HAL_Driver/Src/stm32f1xx_hal_dma.c ****     /* Clear the transfer complete flag */
 578:Drivers/STM32F1xx_HAL_Driver/Src/stm32f1xx_hal_dma.c ****     __HAL_DMA_CLEAR_FLAG(hdma, __HAL_DMA_GET_TC_FLAG_INDEX(hdma));
 579:Drivers/STM32F1xx_HAL_Driver/Src/stm32f1xx_hal_dma.c **** 
 580:Drivers/STM32F1xx_HAL_Driver/Src/stm32f1xx_hal_dma.c ****     /* The selected Channelx EN bit is cleared (DMA is disabled and
 581:Drivers/STM32F1xx_HAL_Driver/Src/stm32f1xx_hal_dma.c ****     all transfers are complete) */
 582:Drivers/STM32F1xx_HAL_Driver/Src/stm32f1xx_hal_dma.c ****     hdma->State = HAL_DMA_STATE_READY;
 583:Drivers/STM32F1xx_HAL_Driver/Src/stm32f1xx_hal_dma.c ****   }
 584:Drivers/STM32F1xx_HAL_Driver/Src/stm32f1xx_hal_dma.c ****   else
 585:Drivers/STM32F1xx_HAL_Driver/Src/stm32f1xx_hal_dma.c ****   {
 586:Drivers/STM32F1xx_HAL_Driver/Src/stm32f1xx_hal_dma.c ****     /* Clear the half transfer complete flag */
 587:Drivers/STM32F1xx_HAL_Driver/Src/stm32f1xx_hal_dma.c ****     __HAL_DMA_CLEAR_FLAG(hdma, __HAL_DMA_GET_HT_FLAG_INDEX(hdma));
 588:Drivers/STM32F1xx_HAL_Driver/Src/stm32f1xx_hal_dma.c ****   }
 589:Drivers/STM32F1xx_HAL_Driver/Src/stm32f1xx_hal_dma.c ****   
 590:Drivers/STM32F1xx_HAL_Driver/Src/stm32f1xx_hal_dma.c ****   /* Process unlocked */
 591:Drivers/STM32F1xx_HAL_Driver/Src/stm32f1xx_hal_dma.c ****   __HAL_UNLOCK(hdma);
 592:Drivers/STM32F1xx_HAL_Driver/Src/stm32f1xx_hal_dma.c **** 
 593:Drivers/STM32F1xx_HAL_Driver/Src/stm32f1xx_hal_dma.c ****   return HAL_OK;
 594:Drivers/STM32F1xx_HAL_Driver/Src/stm32f1xx_hal_dma.c **** }
 595:Drivers/STM32F1xx_HAL_Driver/Src/stm32f1xx_hal_dma.c **** 
 596:Drivers/STM32F1xx_HAL_Driver/Src/stm32f1xx_hal_dma.c **** /**
 597:Drivers/STM32F1xx_HAL_Driver/Src/stm32f1xx_hal_dma.c ****   * @brief  Handles DMA interrupt request.
 598:Drivers/STM32F1xx_HAL_Driver/Src/stm32f1xx_hal_dma.c ****   * @param  hdma: pointer to a DMA_HandleTypeDef structure that contains
 599:Drivers/STM32F1xx_HAL_Driver/Src/stm32f1xx_hal_dma.c ****   *               the configuration information for the specified DMA Channel.  
 600:Drivers/STM32F1xx_HAL_Driver/Src/stm32f1xx_hal_dma.c ****   * @retval None
 601:Drivers/STM32F1xx_HAL_Driver/Src/stm32f1xx_hal_dma.c ****   */
 602:Drivers/STM32F1xx_HAL_Driver/Src/stm32f1xx_hal_dma.c **** void HAL_DMA_IRQHandler(DMA_HandleTypeDef *hdma)
ARM GAS  /tmp/cctQZOHH.s 			page 12


 603:Drivers/STM32F1xx_HAL_Driver/Src/stm32f1xx_hal_dma.c **** {
 604:Drivers/STM32F1xx_HAL_Driver/Src/stm32f1xx_hal_dma.c ****   uint32_t flag_it = hdma->DmaBaseAddress->ISR;
 605:Drivers/STM32F1xx_HAL_Driver/Src/stm32f1xx_hal_dma.c ****   uint32_t source_it = hdma->Instance->CCR;
 606:Drivers/STM32F1xx_HAL_Driver/Src/stm32f1xx_hal_dma.c ****   
 607:Drivers/STM32F1xx_HAL_Driver/Src/stm32f1xx_hal_dma.c ****   /* Half Transfer Complete Interrupt management ******************************/
 608:Drivers/STM32F1xx_HAL_Driver/Src/stm32f1xx_hal_dma.c ****   if (((flag_it & (DMA_FLAG_HT1 << hdma->ChannelIndex)) != RESET) && ((source_it & DMA_IT_HT) != RE
 609:Drivers/STM32F1xx_HAL_Driver/Src/stm32f1xx_hal_dma.c ****   {
 610:Drivers/STM32F1xx_HAL_Driver/Src/stm32f1xx_hal_dma.c ****     /* Disable the half transfer interrupt if the DMA mode is not CIRCULAR */
 611:Drivers/STM32F1xx_HAL_Driver/Src/stm32f1xx_hal_dma.c ****     if((hdma->Instance->CCR & DMA_CCR_CIRC) == 0U)
 612:Drivers/STM32F1xx_HAL_Driver/Src/stm32f1xx_hal_dma.c ****     {
 613:Drivers/STM32F1xx_HAL_Driver/Src/stm32f1xx_hal_dma.c ****       /* Disable the half transfer interrupt */
 614:Drivers/STM32F1xx_HAL_Driver/Src/stm32f1xx_hal_dma.c ****       __HAL_DMA_DISABLE_IT(hdma, DMA_IT_HT);
 615:Drivers/STM32F1xx_HAL_Driver/Src/stm32f1xx_hal_dma.c ****     }
 616:Drivers/STM32F1xx_HAL_Driver/Src/stm32f1xx_hal_dma.c ****     /* Clear the half transfer complete flag */
 617:Drivers/STM32F1xx_HAL_Driver/Src/stm32f1xx_hal_dma.c ****     __HAL_DMA_CLEAR_FLAG(hdma, __HAL_DMA_GET_HT_FLAG_INDEX(hdma));
 618:Drivers/STM32F1xx_HAL_Driver/Src/stm32f1xx_hal_dma.c **** 
 619:Drivers/STM32F1xx_HAL_Driver/Src/stm32f1xx_hal_dma.c ****     /* DMA peripheral state is not updated in Half Transfer */
 620:Drivers/STM32F1xx_HAL_Driver/Src/stm32f1xx_hal_dma.c ****     /* but in Transfer Complete case */
 621:Drivers/STM32F1xx_HAL_Driver/Src/stm32f1xx_hal_dma.c **** 
 622:Drivers/STM32F1xx_HAL_Driver/Src/stm32f1xx_hal_dma.c ****     if(hdma->XferHalfCpltCallback != NULL)
 623:Drivers/STM32F1xx_HAL_Driver/Src/stm32f1xx_hal_dma.c ****     {
 624:Drivers/STM32F1xx_HAL_Driver/Src/stm32f1xx_hal_dma.c ****       /* Half transfer callback */
 625:Drivers/STM32F1xx_HAL_Driver/Src/stm32f1xx_hal_dma.c ****       hdma->XferHalfCpltCallback(hdma);
 626:Drivers/STM32F1xx_HAL_Driver/Src/stm32f1xx_hal_dma.c ****     }
 627:Drivers/STM32F1xx_HAL_Driver/Src/stm32f1xx_hal_dma.c ****   }
 628:Drivers/STM32F1xx_HAL_Driver/Src/stm32f1xx_hal_dma.c **** 
 629:Drivers/STM32F1xx_HAL_Driver/Src/stm32f1xx_hal_dma.c ****   /* Transfer Complete Interrupt management ***********************************/
 630:Drivers/STM32F1xx_HAL_Driver/Src/stm32f1xx_hal_dma.c ****   else if (((flag_it & (DMA_FLAG_TC1 << hdma->ChannelIndex)) != RESET) && ((source_it & DMA_IT_TC) 
 631:Drivers/STM32F1xx_HAL_Driver/Src/stm32f1xx_hal_dma.c ****   {
 632:Drivers/STM32F1xx_HAL_Driver/Src/stm32f1xx_hal_dma.c ****     if((hdma->Instance->CCR & DMA_CCR_CIRC) == 0U)
 633:Drivers/STM32F1xx_HAL_Driver/Src/stm32f1xx_hal_dma.c ****     {
 634:Drivers/STM32F1xx_HAL_Driver/Src/stm32f1xx_hal_dma.c ****       /* Disable the transfer complete and error interrupt */
 635:Drivers/STM32F1xx_HAL_Driver/Src/stm32f1xx_hal_dma.c ****       __HAL_DMA_DISABLE_IT(hdma, DMA_IT_TE | DMA_IT_TC);  
 636:Drivers/STM32F1xx_HAL_Driver/Src/stm32f1xx_hal_dma.c **** 
 637:Drivers/STM32F1xx_HAL_Driver/Src/stm32f1xx_hal_dma.c ****       /* Change the DMA state */
 638:Drivers/STM32F1xx_HAL_Driver/Src/stm32f1xx_hal_dma.c ****       hdma->State = HAL_DMA_STATE_READY;
 639:Drivers/STM32F1xx_HAL_Driver/Src/stm32f1xx_hal_dma.c ****     }
 640:Drivers/STM32F1xx_HAL_Driver/Src/stm32f1xx_hal_dma.c ****     /* Clear the transfer complete flag */
 641:Drivers/STM32F1xx_HAL_Driver/Src/stm32f1xx_hal_dma.c ****       __HAL_DMA_CLEAR_FLAG(hdma, __HAL_DMA_GET_TC_FLAG_INDEX(hdma));
 642:Drivers/STM32F1xx_HAL_Driver/Src/stm32f1xx_hal_dma.c **** 
 643:Drivers/STM32F1xx_HAL_Driver/Src/stm32f1xx_hal_dma.c ****     /* Process Unlocked */
 644:Drivers/STM32F1xx_HAL_Driver/Src/stm32f1xx_hal_dma.c ****     __HAL_UNLOCK(hdma);
 645:Drivers/STM32F1xx_HAL_Driver/Src/stm32f1xx_hal_dma.c **** 
 646:Drivers/STM32F1xx_HAL_Driver/Src/stm32f1xx_hal_dma.c ****     if(hdma->XferCpltCallback != NULL)
 647:Drivers/STM32F1xx_HAL_Driver/Src/stm32f1xx_hal_dma.c ****     {
 648:Drivers/STM32F1xx_HAL_Driver/Src/stm32f1xx_hal_dma.c ****       /* Transfer complete callback */
 649:Drivers/STM32F1xx_HAL_Driver/Src/stm32f1xx_hal_dma.c ****       hdma->XferCpltCallback(hdma);
 650:Drivers/STM32F1xx_HAL_Driver/Src/stm32f1xx_hal_dma.c ****     }
 651:Drivers/STM32F1xx_HAL_Driver/Src/stm32f1xx_hal_dma.c ****   }
 652:Drivers/STM32F1xx_HAL_Driver/Src/stm32f1xx_hal_dma.c **** 
 653:Drivers/STM32F1xx_HAL_Driver/Src/stm32f1xx_hal_dma.c ****   /* Transfer Error Interrupt management **************************************/
 654:Drivers/STM32F1xx_HAL_Driver/Src/stm32f1xx_hal_dma.c ****   else if (( RESET != (flag_it & (DMA_FLAG_TE1 << hdma->ChannelIndex))) && (RESET != (source_it & D
 655:Drivers/STM32F1xx_HAL_Driver/Src/stm32f1xx_hal_dma.c ****   {
 656:Drivers/STM32F1xx_HAL_Driver/Src/stm32f1xx_hal_dma.c ****     /* When a DMA transfer error occurs */
 657:Drivers/STM32F1xx_HAL_Driver/Src/stm32f1xx_hal_dma.c ****     /* A hardware clear of its EN bits is performed */
 658:Drivers/STM32F1xx_HAL_Driver/Src/stm32f1xx_hal_dma.c ****     /* Disable ALL DMA IT */
 659:Drivers/STM32F1xx_HAL_Driver/Src/stm32f1xx_hal_dma.c ****     __HAL_DMA_DISABLE_IT(hdma, (DMA_IT_TC | DMA_IT_HT | DMA_IT_TE));
ARM GAS  /tmp/cctQZOHH.s 			page 13


 660:Drivers/STM32F1xx_HAL_Driver/Src/stm32f1xx_hal_dma.c **** 
 661:Drivers/STM32F1xx_HAL_Driver/Src/stm32f1xx_hal_dma.c ****     /* Clear all flags */
 662:Drivers/STM32F1xx_HAL_Driver/Src/stm32f1xx_hal_dma.c ****     hdma->DmaBaseAddress->IFCR = (DMA_ISR_GIF1 << hdma->ChannelIndex);
 663:Drivers/STM32F1xx_HAL_Driver/Src/stm32f1xx_hal_dma.c **** 
 664:Drivers/STM32F1xx_HAL_Driver/Src/stm32f1xx_hal_dma.c ****     /* Update error code */
 665:Drivers/STM32F1xx_HAL_Driver/Src/stm32f1xx_hal_dma.c ****     hdma->ErrorCode = HAL_DMA_ERROR_TE;
 666:Drivers/STM32F1xx_HAL_Driver/Src/stm32f1xx_hal_dma.c **** 
 667:Drivers/STM32F1xx_HAL_Driver/Src/stm32f1xx_hal_dma.c ****     /* Change the DMA state */
 668:Drivers/STM32F1xx_HAL_Driver/Src/stm32f1xx_hal_dma.c ****     hdma->State = HAL_DMA_STATE_READY;
 669:Drivers/STM32F1xx_HAL_Driver/Src/stm32f1xx_hal_dma.c **** 
 670:Drivers/STM32F1xx_HAL_Driver/Src/stm32f1xx_hal_dma.c ****     /* Process Unlocked */
 671:Drivers/STM32F1xx_HAL_Driver/Src/stm32f1xx_hal_dma.c ****     __HAL_UNLOCK(hdma);
 672:Drivers/STM32F1xx_HAL_Driver/Src/stm32f1xx_hal_dma.c **** 
 673:Drivers/STM32F1xx_HAL_Driver/Src/stm32f1xx_hal_dma.c ****     if (hdma->XferErrorCallback != NULL)
 674:Drivers/STM32F1xx_HAL_Driver/Src/stm32f1xx_hal_dma.c ****     {
 675:Drivers/STM32F1xx_HAL_Driver/Src/stm32f1xx_hal_dma.c ****       /* Transfer error callback */
 676:Drivers/STM32F1xx_HAL_Driver/Src/stm32f1xx_hal_dma.c ****       hdma->XferErrorCallback(hdma);
 677:Drivers/STM32F1xx_HAL_Driver/Src/stm32f1xx_hal_dma.c ****     }
 678:Drivers/STM32F1xx_HAL_Driver/Src/stm32f1xx_hal_dma.c ****   }
 679:Drivers/STM32F1xx_HAL_Driver/Src/stm32f1xx_hal_dma.c ****   return;
 680:Drivers/STM32F1xx_HAL_Driver/Src/stm32f1xx_hal_dma.c **** }
 681:Drivers/STM32F1xx_HAL_Driver/Src/stm32f1xx_hal_dma.c **** 
 682:Drivers/STM32F1xx_HAL_Driver/Src/stm32f1xx_hal_dma.c **** /**
 683:Drivers/STM32F1xx_HAL_Driver/Src/stm32f1xx_hal_dma.c ****   * @brief Register callbacks
 684:Drivers/STM32F1xx_HAL_Driver/Src/stm32f1xx_hal_dma.c ****   * @param hdma: pointer to a DMA_HandleTypeDef structure that contains
 685:Drivers/STM32F1xx_HAL_Driver/Src/stm32f1xx_hal_dma.c ****   *              the configuration information for the specified DMA Channel.
 686:Drivers/STM32F1xx_HAL_Driver/Src/stm32f1xx_hal_dma.c ****   * @param CallbackID: User Callback identifier
 687:Drivers/STM32F1xx_HAL_Driver/Src/stm32f1xx_hal_dma.c ****   *                    a HAL_DMA_CallbackIDTypeDef ENUM as parameter.
 688:Drivers/STM32F1xx_HAL_Driver/Src/stm32f1xx_hal_dma.c ****   * @param pCallback: pointer to private callback function which has pointer to 
 689:Drivers/STM32F1xx_HAL_Driver/Src/stm32f1xx_hal_dma.c ****   *                   a DMA_HandleTypeDef structure as parameter.
 690:Drivers/STM32F1xx_HAL_Driver/Src/stm32f1xx_hal_dma.c ****   * @retval HAL status
 691:Drivers/STM32F1xx_HAL_Driver/Src/stm32f1xx_hal_dma.c ****   */                          
 692:Drivers/STM32F1xx_HAL_Driver/Src/stm32f1xx_hal_dma.c **** HAL_StatusTypeDef HAL_DMA_RegisterCallback(DMA_HandleTypeDef *hdma, HAL_DMA_CallbackIDTypeDef Callb
 693:Drivers/STM32F1xx_HAL_Driver/Src/stm32f1xx_hal_dma.c **** {
 694:Drivers/STM32F1xx_HAL_Driver/Src/stm32f1xx_hal_dma.c ****   HAL_StatusTypeDef status = HAL_OK;
 695:Drivers/STM32F1xx_HAL_Driver/Src/stm32f1xx_hal_dma.c ****   
 696:Drivers/STM32F1xx_HAL_Driver/Src/stm32f1xx_hal_dma.c ****   /* Process locked */
 697:Drivers/STM32F1xx_HAL_Driver/Src/stm32f1xx_hal_dma.c ****   __HAL_LOCK(hdma);
 698:Drivers/STM32F1xx_HAL_Driver/Src/stm32f1xx_hal_dma.c ****   
 699:Drivers/STM32F1xx_HAL_Driver/Src/stm32f1xx_hal_dma.c ****   if(HAL_DMA_STATE_READY == hdma->State)
 700:Drivers/STM32F1xx_HAL_Driver/Src/stm32f1xx_hal_dma.c ****   {
 701:Drivers/STM32F1xx_HAL_Driver/Src/stm32f1xx_hal_dma.c ****     switch (CallbackID)
 702:Drivers/STM32F1xx_HAL_Driver/Src/stm32f1xx_hal_dma.c ****     {
 703:Drivers/STM32F1xx_HAL_Driver/Src/stm32f1xx_hal_dma.c ****     case  HAL_DMA_XFER_CPLT_CB_ID:
 704:Drivers/STM32F1xx_HAL_Driver/Src/stm32f1xx_hal_dma.c ****       hdma->XferCpltCallback = pCallback;
 705:Drivers/STM32F1xx_HAL_Driver/Src/stm32f1xx_hal_dma.c ****       break;
 706:Drivers/STM32F1xx_HAL_Driver/Src/stm32f1xx_hal_dma.c ****       
 707:Drivers/STM32F1xx_HAL_Driver/Src/stm32f1xx_hal_dma.c ****     case  HAL_DMA_XFER_HALFCPLT_CB_ID:
 708:Drivers/STM32F1xx_HAL_Driver/Src/stm32f1xx_hal_dma.c ****       hdma->XferHalfCpltCallback = pCallback;
 709:Drivers/STM32F1xx_HAL_Driver/Src/stm32f1xx_hal_dma.c ****       break;         
 710:Drivers/STM32F1xx_HAL_Driver/Src/stm32f1xx_hal_dma.c **** 
 711:Drivers/STM32F1xx_HAL_Driver/Src/stm32f1xx_hal_dma.c ****     case  HAL_DMA_XFER_ERROR_CB_ID:
 712:Drivers/STM32F1xx_HAL_Driver/Src/stm32f1xx_hal_dma.c ****       hdma->XferErrorCallback = pCallback;
 713:Drivers/STM32F1xx_HAL_Driver/Src/stm32f1xx_hal_dma.c ****       break;         
 714:Drivers/STM32F1xx_HAL_Driver/Src/stm32f1xx_hal_dma.c ****       
 715:Drivers/STM32F1xx_HAL_Driver/Src/stm32f1xx_hal_dma.c ****     case  HAL_DMA_XFER_ABORT_CB_ID:
 716:Drivers/STM32F1xx_HAL_Driver/Src/stm32f1xx_hal_dma.c ****       hdma->XferAbortCallback = pCallback;
ARM GAS  /tmp/cctQZOHH.s 			page 14


 717:Drivers/STM32F1xx_HAL_Driver/Src/stm32f1xx_hal_dma.c ****       break; 
 718:Drivers/STM32F1xx_HAL_Driver/Src/stm32f1xx_hal_dma.c ****       
 719:Drivers/STM32F1xx_HAL_Driver/Src/stm32f1xx_hal_dma.c ****     default:
 720:Drivers/STM32F1xx_HAL_Driver/Src/stm32f1xx_hal_dma.c ****       status = HAL_ERROR;
 721:Drivers/STM32F1xx_HAL_Driver/Src/stm32f1xx_hal_dma.c ****       break;                                                            
 722:Drivers/STM32F1xx_HAL_Driver/Src/stm32f1xx_hal_dma.c ****     }
 723:Drivers/STM32F1xx_HAL_Driver/Src/stm32f1xx_hal_dma.c ****   }
 724:Drivers/STM32F1xx_HAL_Driver/Src/stm32f1xx_hal_dma.c ****   else
 725:Drivers/STM32F1xx_HAL_Driver/Src/stm32f1xx_hal_dma.c ****   {
 726:Drivers/STM32F1xx_HAL_Driver/Src/stm32f1xx_hal_dma.c ****     status = HAL_ERROR;
 727:Drivers/STM32F1xx_HAL_Driver/Src/stm32f1xx_hal_dma.c ****   } 
 728:Drivers/STM32F1xx_HAL_Driver/Src/stm32f1xx_hal_dma.c ****   
 729:Drivers/STM32F1xx_HAL_Driver/Src/stm32f1xx_hal_dma.c ****   /* Release Lock */
 730:Drivers/STM32F1xx_HAL_Driver/Src/stm32f1xx_hal_dma.c ****   __HAL_UNLOCK(hdma);
 731:Drivers/STM32F1xx_HAL_Driver/Src/stm32f1xx_hal_dma.c ****   
 732:Drivers/STM32F1xx_HAL_Driver/Src/stm32f1xx_hal_dma.c ****   return status;
 733:Drivers/STM32F1xx_HAL_Driver/Src/stm32f1xx_hal_dma.c **** }
 734:Drivers/STM32F1xx_HAL_Driver/Src/stm32f1xx_hal_dma.c **** 
 735:Drivers/STM32F1xx_HAL_Driver/Src/stm32f1xx_hal_dma.c **** /**
 736:Drivers/STM32F1xx_HAL_Driver/Src/stm32f1xx_hal_dma.c ****   * @brief UnRegister callbacks
 737:Drivers/STM32F1xx_HAL_Driver/Src/stm32f1xx_hal_dma.c ****   * @param hdma: pointer to a DMA_HandleTypeDef structure that contains
 738:Drivers/STM32F1xx_HAL_Driver/Src/stm32f1xx_hal_dma.c ****   *              the configuration information for the specified DMA Channel.
 739:Drivers/STM32F1xx_HAL_Driver/Src/stm32f1xx_hal_dma.c ****   * @param CallbackID: User Callback identifier
 740:Drivers/STM32F1xx_HAL_Driver/Src/stm32f1xx_hal_dma.c ****   *                    a HAL_DMA_CallbackIDTypeDef ENUM as parameter.
 741:Drivers/STM32F1xx_HAL_Driver/Src/stm32f1xx_hal_dma.c ****   * @retval HAL status
 742:Drivers/STM32F1xx_HAL_Driver/Src/stm32f1xx_hal_dma.c ****   */              
 743:Drivers/STM32F1xx_HAL_Driver/Src/stm32f1xx_hal_dma.c **** HAL_StatusTypeDef HAL_DMA_UnRegisterCallback(DMA_HandleTypeDef *hdma, HAL_DMA_CallbackIDTypeDef Cal
 744:Drivers/STM32F1xx_HAL_Driver/Src/stm32f1xx_hal_dma.c **** {
 745:Drivers/STM32F1xx_HAL_Driver/Src/stm32f1xx_hal_dma.c ****   HAL_StatusTypeDef status = HAL_OK;
 746:Drivers/STM32F1xx_HAL_Driver/Src/stm32f1xx_hal_dma.c **** 
 747:Drivers/STM32F1xx_HAL_Driver/Src/stm32f1xx_hal_dma.c ****   /* Process locked */
 748:Drivers/STM32F1xx_HAL_Driver/Src/stm32f1xx_hal_dma.c ****   __HAL_LOCK(hdma);
 749:Drivers/STM32F1xx_HAL_Driver/Src/stm32f1xx_hal_dma.c ****   
 750:Drivers/STM32F1xx_HAL_Driver/Src/stm32f1xx_hal_dma.c ****   if(HAL_DMA_STATE_READY == hdma->State)
 751:Drivers/STM32F1xx_HAL_Driver/Src/stm32f1xx_hal_dma.c ****   {
 752:Drivers/STM32F1xx_HAL_Driver/Src/stm32f1xx_hal_dma.c ****     switch (CallbackID)
 753:Drivers/STM32F1xx_HAL_Driver/Src/stm32f1xx_hal_dma.c ****     {
 754:Drivers/STM32F1xx_HAL_Driver/Src/stm32f1xx_hal_dma.c ****     case  HAL_DMA_XFER_CPLT_CB_ID:
 755:Drivers/STM32F1xx_HAL_Driver/Src/stm32f1xx_hal_dma.c ****       hdma->XferCpltCallback = NULL;
 756:Drivers/STM32F1xx_HAL_Driver/Src/stm32f1xx_hal_dma.c ****       break;
 757:Drivers/STM32F1xx_HAL_Driver/Src/stm32f1xx_hal_dma.c **** 
 758:Drivers/STM32F1xx_HAL_Driver/Src/stm32f1xx_hal_dma.c ****     case  HAL_DMA_XFER_HALFCPLT_CB_ID:
 759:Drivers/STM32F1xx_HAL_Driver/Src/stm32f1xx_hal_dma.c ****       hdma->XferHalfCpltCallback = NULL;
 760:Drivers/STM32F1xx_HAL_Driver/Src/stm32f1xx_hal_dma.c ****       break;         
 761:Drivers/STM32F1xx_HAL_Driver/Src/stm32f1xx_hal_dma.c **** 
 762:Drivers/STM32F1xx_HAL_Driver/Src/stm32f1xx_hal_dma.c ****     case  HAL_DMA_XFER_ERROR_CB_ID:
 763:Drivers/STM32F1xx_HAL_Driver/Src/stm32f1xx_hal_dma.c ****       hdma->XferErrorCallback = NULL;
 764:Drivers/STM32F1xx_HAL_Driver/Src/stm32f1xx_hal_dma.c ****       break;         
 765:Drivers/STM32F1xx_HAL_Driver/Src/stm32f1xx_hal_dma.c **** 
 766:Drivers/STM32F1xx_HAL_Driver/Src/stm32f1xx_hal_dma.c ****     case  HAL_DMA_XFER_ABORT_CB_ID:
 767:Drivers/STM32F1xx_HAL_Driver/Src/stm32f1xx_hal_dma.c ****       hdma->XferAbortCallback = NULL;
 768:Drivers/STM32F1xx_HAL_Driver/Src/stm32f1xx_hal_dma.c ****       break; 
 769:Drivers/STM32F1xx_HAL_Driver/Src/stm32f1xx_hal_dma.c **** 
 770:Drivers/STM32F1xx_HAL_Driver/Src/stm32f1xx_hal_dma.c ****     case   HAL_DMA_XFER_ALL_CB_ID:
 771:Drivers/STM32F1xx_HAL_Driver/Src/stm32f1xx_hal_dma.c ****       hdma->XferCpltCallback = NULL;
 772:Drivers/STM32F1xx_HAL_Driver/Src/stm32f1xx_hal_dma.c ****       hdma->XferHalfCpltCallback = NULL;
 773:Drivers/STM32F1xx_HAL_Driver/Src/stm32f1xx_hal_dma.c ****       hdma->XferErrorCallback = NULL;
ARM GAS  /tmp/cctQZOHH.s 			page 15


 774:Drivers/STM32F1xx_HAL_Driver/Src/stm32f1xx_hal_dma.c ****       hdma->XferAbortCallback = NULL;
 775:Drivers/STM32F1xx_HAL_Driver/Src/stm32f1xx_hal_dma.c ****       break; 
 776:Drivers/STM32F1xx_HAL_Driver/Src/stm32f1xx_hal_dma.c **** 
 777:Drivers/STM32F1xx_HAL_Driver/Src/stm32f1xx_hal_dma.c ****     default:
 778:Drivers/STM32F1xx_HAL_Driver/Src/stm32f1xx_hal_dma.c ****       status = HAL_ERROR;
 779:Drivers/STM32F1xx_HAL_Driver/Src/stm32f1xx_hal_dma.c ****       break;
 780:Drivers/STM32F1xx_HAL_Driver/Src/stm32f1xx_hal_dma.c ****     }
 781:Drivers/STM32F1xx_HAL_Driver/Src/stm32f1xx_hal_dma.c ****   }
 782:Drivers/STM32F1xx_HAL_Driver/Src/stm32f1xx_hal_dma.c ****   else
 783:Drivers/STM32F1xx_HAL_Driver/Src/stm32f1xx_hal_dma.c ****   {
 784:Drivers/STM32F1xx_HAL_Driver/Src/stm32f1xx_hal_dma.c ****     status = HAL_ERROR;
 785:Drivers/STM32F1xx_HAL_Driver/Src/stm32f1xx_hal_dma.c ****   } 
 786:Drivers/STM32F1xx_HAL_Driver/Src/stm32f1xx_hal_dma.c ****   
 787:Drivers/STM32F1xx_HAL_Driver/Src/stm32f1xx_hal_dma.c ****   /* Release Lock */
 788:Drivers/STM32F1xx_HAL_Driver/Src/stm32f1xx_hal_dma.c ****   __HAL_UNLOCK(hdma);
 789:Drivers/STM32F1xx_HAL_Driver/Src/stm32f1xx_hal_dma.c ****   
 790:Drivers/STM32F1xx_HAL_Driver/Src/stm32f1xx_hal_dma.c ****   return status;
 791:Drivers/STM32F1xx_HAL_Driver/Src/stm32f1xx_hal_dma.c **** }
 792:Drivers/STM32F1xx_HAL_Driver/Src/stm32f1xx_hal_dma.c ****   
 793:Drivers/STM32F1xx_HAL_Driver/Src/stm32f1xx_hal_dma.c **** /**
 794:Drivers/STM32F1xx_HAL_Driver/Src/stm32f1xx_hal_dma.c ****   * @}
 795:Drivers/STM32F1xx_HAL_Driver/Src/stm32f1xx_hal_dma.c ****   */
 796:Drivers/STM32F1xx_HAL_Driver/Src/stm32f1xx_hal_dma.c **** 
 797:Drivers/STM32F1xx_HAL_Driver/Src/stm32f1xx_hal_dma.c **** /** @defgroup DMA_Exported_Functions_Group3 Peripheral State and Errors functions
 798:Drivers/STM32F1xx_HAL_Driver/Src/stm32f1xx_hal_dma.c ****   *  @brief    Peripheral State and Errors functions
 799:Drivers/STM32F1xx_HAL_Driver/Src/stm32f1xx_hal_dma.c ****   *
 800:Drivers/STM32F1xx_HAL_Driver/Src/stm32f1xx_hal_dma.c **** @verbatim
 801:Drivers/STM32F1xx_HAL_Driver/Src/stm32f1xx_hal_dma.c ****  ===============================================================================
 802:Drivers/STM32F1xx_HAL_Driver/Src/stm32f1xx_hal_dma.c ****             ##### Peripheral State and Errors functions #####
 803:Drivers/STM32F1xx_HAL_Driver/Src/stm32f1xx_hal_dma.c ****  ===============================================================================  
 804:Drivers/STM32F1xx_HAL_Driver/Src/stm32f1xx_hal_dma.c ****     [..]
 805:Drivers/STM32F1xx_HAL_Driver/Src/stm32f1xx_hal_dma.c ****     This subsection provides functions allowing to
 806:Drivers/STM32F1xx_HAL_Driver/Src/stm32f1xx_hal_dma.c ****       (+) Check the DMA state
 807:Drivers/STM32F1xx_HAL_Driver/Src/stm32f1xx_hal_dma.c ****       (+) Get error code
 808:Drivers/STM32F1xx_HAL_Driver/Src/stm32f1xx_hal_dma.c **** 
 809:Drivers/STM32F1xx_HAL_Driver/Src/stm32f1xx_hal_dma.c **** @endverbatim
 810:Drivers/STM32F1xx_HAL_Driver/Src/stm32f1xx_hal_dma.c ****   * @{
 811:Drivers/STM32F1xx_HAL_Driver/Src/stm32f1xx_hal_dma.c ****   */
 812:Drivers/STM32F1xx_HAL_Driver/Src/stm32f1xx_hal_dma.c **** 
 813:Drivers/STM32F1xx_HAL_Driver/Src/stm32f1xx_hal_dma.c **** /**
 814:Drivers/STM32F1xx_HAL_Driver/Src/stm32f1xx_hal_dma.c ****   * @brief  Return the DMA handle state.
 815:Drivers/STM32F1xx_HAL_Driver/Src/stm32f1xx_hal_dma.c ****   * @param  hdma: pointer to a DMA_HandleTypeDef structure that contains
 816:Drivers/STM32F1xx_HAL_Driver/Src/stm32f1xx_hal_dma.c ****   *               the configuration information for the specified DMA Channel.
 817:Drivers/STM32F1xx_HAL_Driver/Src/stm32f1xx_hal_dma.c ****   * @retval HAL state
 818:Drivers/STM32F1xx_HAL_Driver/Src/stm32f1xx_hal_dma.c ****   */
 819:Drivers/STM32F1xx_HAL_Driver/Src/stm32f1xx_hal_dma.c **** HAL_DMA_StateTypeDef HAL_DMA_GetState(DMA_HandleTypeDef *hdma)
 820:Drivers/STM32F1xx_HAL_Driver/Src/stm32f1xx_hal_dma.c **** {
 821:Drivers/STM32F1xx_HAL_Driver/Src/stm32f1xx_hal_dma.c ****   /* Return DMA handle state */
 822:Drivers/STM32F1xx_HAL_Driver/Src/stm32f1xx_hal_dma.c ****   return hdma->State;
 823:Drivers/STM32F1xx_HAL_Driver/Src/stm32f1xx_hal_dma.c **** }
 824:Drivers/STM32F1xx_HAL_Driver/Src/stm32f1xx_hal_dma.c **** 
 825:Drivers/STM32F1xx_HAL_Driver/Src/stm32f1xx_hal_dma.c **** /**
 826:Drivers/STM32F1xx_HAL_Driver/Src/stm32f1xx_hal_dma.c ****   * @brief  Return the DMA error code.
 827:Drivers/STM32F1xx_HAL_Driver/Src/stm32f1xx_hal_dma.c ****   * @param  hdma : pointer to a DMA_HandleTypeDef structure that contains
 828:Drivers/STM32F1xx_HAL_Driver/Src/stm32f1xx_hal_dma.c ****   *              the configuration information for the specified DMA Channel.
 829:Drivers/STM32F1xx_HAL_Driver/Src/stm32f1xx_hal_dma.c ****   * @retval DMA Error Code
 830:Drivers/STM32F1xx_HAL_Driver/Src/stm32f1xx_hal_dma.c ****   */
ARM GAS  /tmp/cctQZOHH.s 			page 16


 831:Drivers/STM32F1xx_HAL_Driver/Src/stm32f1xx_hal_dma.c **** uint32_t HAL_DMA_GetError(DMA_HandleTypeDef *hdma)
 832:Drivers/STM32F1xx_HAL_Driver/Src/stm32f1xx_hal_dma.c **** {
 833:Drivers/STM32F1xx_HAL_Driver/Src/stm32f1xx_hal_dma.c ****   return hdma->ErrorCode;
 834:Drivers/STM32F1xx_HAL_Driver/Src/stm32f1xx_hal_dma.c **** }
 835:Drivers/STM32F1xx_HAL_Driver/Src/stm32f1xx_hal_dma.c **** 
 836:Drivers/STM32F1xx_HAL_Driver/Src/stm32f1xx_hal_dma.c **** /**
 837:Drivers/STM32F1xx_HAL_Driver/Src/stm32f1xx_hal_dma.c ****   * @}
 838:Drivers/STM32F1xx_HAL_Driver/Src/stm32f1xx_hal_dma.c ****   */
 839:Drivers/STM32F1xx_HAL_Driver/Src/stm32f1xx_hal_dma.c **** 
 840:Drivers/STM32F1xx_HAL_Driver/Src/stm32f1xx_hal_dma.c **** /**
 841:Drivers/STM32F1xx_HAL_Driver/Src/stm32f1xx_hal_dma.c ****   * @}
 842:Drivers/STM32F1xx_HAL_Driver/Src/stm32f1xx_hal_dma.c ****   */
 843:Drivers/STM32F1xx_HAL_Driver/Src/stm32f1xx_hal_dma.c **** 
 844:Drivers/STM32F1xx_HAL_Driver/Src/stm32f1xx_hal_dma.c **** /** @addtogroup DMA_Private_Functions
 845:Drivers/STM32F1xx_HAL_Driver/Src/stm32f1xx_hal_dma.c ****   * @{
 846:Drivers/STM32F1xx_HAL_Driver/Src/stm32f1xx_hal_dma.c ****   */
 847:Drivers/STM32F1xx_HAL_Driver/Src/stm32f1xx_hal_dma.c **** 
 848:Drivers/STM32F1xx_HAL_Driver/Src/stm32f1xx_hal_dma.c **** /**
 849:Drivers/STM32F1xx_HAL_Driver/Src/stm32f1xx_hal_dma.c ****   * @brief  Sets the DMA Transfer parameter.
 850:Drivers/STM32F1xx_HAL_Driver/Src/stm32f1xx_hal_dma.c ****   * @param  hdma:       pointer to a DMA_HandleTypeDef structure that contains
 851:Drivers/STM32F1xx_HAL_Driver/Src/stm32f1xx_hal_dma.c ****   *                     the configuration information for the specified DMA Channel.
 852:Drivers/STM32F1xx_HAL_Driver/Src/stm32f1xx_hal_dma.c ****   * @param  SrcAddress: The source memory Buffer address
 853:Drivers/STM32F1xx_HAL_Driver/Src/stm32f1xx_hal_dma.c ****   * @param  DstAddress: The destination memory Buffer address
 854:Drivers/STM32F1xx_HAL_Driver/Src/stm32f1xx_hal_dma.c ****   * @param  DataLength: The length of data to be transferred from source to destination
 855:Drivers/STM32F1xx_HAL_Driver/Src/stm32f1xx_hal_dma.c ****   * @retval HAL status
 856:Drivers/STM32F1xx_HAL_Driver/Src/stm32f1xx_hal_dma.c ****   */
 857:Drivers/STM32F1xx_HAL_Driver/Src/stm32f1xx_hal_dma.c **** static void DMA_SetConfig(DMA_HandleTypeDef *hdma, uint32_t SrcAddress, uint32_t DstAddress, uint32
 858:Drivers/STM32F1xx_HAL_Driver/Src/stm32f1xx_hal_dma.c **** {
  27              		.loc 1 858 1 view -0
  28              		.cfi_startproc
  29              		@ args = 0, pretend = 0, frame = 0
  30              		@ frame_needed = 0, uses_anonymous_args = 0
  31              		.loc 1 858 1 is_stmt 0 view .LVU1
  32 0000 00B5     		push	{lr}
  33              	.LCFI0:
  34              		.cfi_def_cfa_offset 4
  35              		.cfi_offset 14, -4
 859:Drivers/STM32F1xx_HAL_Driver/Src/stm32f1xx_hal_dma.c ****   /* Clear all flags */
 860:Drivers/STM32F1xx_HAL_Driver/Src/stm32f1xx_hal_dma.c ****   hdma->DmaBaseAddress->IFCR = (DMA_ISR_GIF1 << hdma->ChannelIndex);
  36              		.loc 1 860 3 is_stmt 1 view .LVU2
  37              		.loc 1 860 46 is_stmt 0 view .LVU3
  38 0002 4FF0010C 		mov	ip, #1
  39 0006 D0F840E0 		ldr	lr, [r0, #64]
  40 000a 0CFA0EFC 		lsl	ip, ip, lr
  41              		.loc 1 860 30 view .LVU4
  42 000e D0F83CE0 		ldr	lr, [r0, #60]
  43 0012 CEF804C0 		str	ip, [lr, #4]
 861:Drivers/STM32F1xx_HAL_Driver/Src/stm32f1xx_hal_dma.c **** 
 862:Drivers/STM32F1xx_HAL_Driver/Src/stm32f1xx_hal_dma.c ****   /* Configure DMA Channel data length */
 863:Drivers/STM32F1xx_HAL_Driver/Src/stm32f1xx_hal_dma.c ****   hdma->Instance->CNDTR = DataLength;
  44              		.loc 1 863 3 is_stmt 1 view .LVU5
  45              		.loc 1 863 25 is_stmt 0 view .LVU6
  46 0016 D0F800C0 		ldr	ip, [r0]
  47 001a CCF80430 		str	r3, [ip, #4]
 864:Drivers/STM32F1xx_HAL_Driver/Src/stm32f1xx_hal_dma.c **** 
 865:Drivers/STM32F1xx_HAL_Driver/Src/stm32f1xx_hal_dma.c ****   /* Memory to Peripheral */
 866:Drivers/STM32F1xx_HAL_Driver/Src/stm32f1xx_hal_dma.c ****   if((hdma->Init.Direction) == DMA_MEMORY_TO_PERIPH)
ARM GAS  /tmp/cctQZOHH.s 			page 17


  48              		.loc 1 866 3 is_stmt 1 view .LVU7
  49              		.loc 1 866 17 is_stmt 0 view .LVU8
  50 001e 4368     		ldr	r3, [r0, #4]
  51              	.LVL1:
  52              		.loc 1 866 5 view .LVU9
  53 0020 102B     		cmp	r3, #16
  54 0022 04D0     		beq	.L5
 867:Drivers/STM32F1xx_HAL_Driver/Src/stm32f1xx_hal_dma.c ****   {
 868:Drivers/STM32F1xx_HAL_Driver/Src/stm32f1xx_hal_dma.c ****     /* Configure DMA Channel destination address */
 869:Drivers/STM32F1xx_HAL_Driver/Src/stm32f1xx_hal_dma.c ****     hdma->Instance->CPAR = DstAddress;
 870:Drivers/STM32F1xx_HAL_Driver/Src/stm32f1xx_hal_dma.c **** 
 871:Drivers/STM32F1xx_HAL_Driver/Src/stm32f1xx_hal_dma.c ****     /* Configure DMA Channel source address */
 872:Drivers/STM32F1xx_HAL_Driver/Src/stm32f1xx_hal_dma.c ****     hdma->Instance->CMAR = SrcAddress;
 873:Drivers/STM32F1xx_HAL_Driver/Src/stm32f1xx_hal_dma.c ****   }
 874:Drivers/STM32F1xx_HAL_Driver/Src/stm32f1xx_hal_dma.c ****   /* Peripheral to Memory */
 875:Drivers/STM32F1xx_HAL_Driver/Src/stm32f1xx_hal_dma.c ****   else
 876:Drivers/STM32F1xx_HAL_Driver/Src/stm32f1xx_hal_dma.c ****   {
 877:Drivers/STM32F1xx_HAL_Driver/Src/stm32f1xx_hal_dma.c ****     /* Configure DMA Channel source address */
 878:Drivers/STM32F1xx_HAL_Driver/Src/stm32f1xx_hal_dma.c ****     hdma->Instance->CPAR = SrcAddress;
  55              		.loc 1 878 5 is_stmt 1 view .LVU10
  56              		.loc 1 878 9 is_stmt 0 view .LVU11
  57 0024 0368     		ldr	r3, [r0]
  58              		.loc 1 878 26 view .LVU12
  59 0026 9960     		str	r1, [r3, #8]
  60              	.LVL2:
 879:Drivers/STM32F1xx_HAL_Driver/Src/stm32f1xx_hal_dma.c **** 
 880:Drivers/STM32F1xx_HAL_Driver/Src/stm32f1xx_hal_dma.c ****     /* Configure DMA Channel destination address */
 881:Drivers/STM32F1xx_HAL_Driver/Src/stm32f1xx_hal_dma.c ****     hdma->Instance->CMAR = DstAddress;
  61              		.loc 1 881 5 is_stmt 1 view .LVU13
  62              		.loc 1 881 9 is_stmt 0 view .LVU14
  63 0028 0368     		ldr	r3, [r0]
  64              		.loc 1 881 26 view .LVU15
  65 002a DA60     		str	r2, [r3, #12]
  66              	.L1:
 882:Drivers/STM32F1xx_HAL_Driver/Src/stm32f1xx_hal_dma.c ****   }
 883:Drivers/STM32F1xx_HAL_Driver/Src/stm32f1xx_hal_dma.c **** }
  67              		.loc 1 883 1 view .LVU16
  68 002c 00BD     		pop	{pc}
  69              	.LVL3:
  70              	.L5:
 869:Drivers/STM32F1xx_HAL_Driver/Src/stm32f1xx_hal_dma.c **** 
  71              		.loc 1 869 5 is_stmt 1 view .LVU17
 869:Drivers/STM32F1xx_HAL_Driver/Src/stm32f1xx_hal_dma.c **** 
  72              		.loc 1 869 9 is_stmt 0 view .LVU18
  73 002e 0368     		ldr	r3, [r0]
 869:Drivers/STM32F1xx_HAL_Driver/Src/stm32f1xx_hal_dma.c **** 
  74              		.loc 1 869 26 view .LVU19
  75 0030 9A60     		str	r2, [r3, #8]
  76              	.LVL4:
 872:Drivers/STM32F1xx_HAL_Driver/Src/stm32f1xx_hal_dma.c ****   }
  77              		.loc 1 872 5 is_stmt 1 view .LVU20
 872:Drivers/STM32F1xx_HAL_Driver/Src/stm32f1xx_hal_dma.c ****   }
  78              		.loc 1 872 9 is_stmt 0 view .LVU21
  79 0032 0368     		ldr	r3, [r0]
 872:Drivers/STM32F1xx_HAL_Driver/Src/stm32f1xx_hal_dma.c ****   }
  80              		.loc 1 872 26 view .LVU22
  81 0034 D960     		str	r1, [r3, #12]
ARM GAS  /tmp/cctQZOHH.s 			page 18


  82 0036 F9E7     		b	.L1
  83              		.cfi_endproc
  84              	.LFE77:
  86              		.section	.text.HAL_DMA_Init,"ax",%progbits
  87              		.align	1
  88              		.global	HAL_DMA_Init
  89              		.syntax unified
  90              		.thumb
  91              		.thumb_func
  93              	HAL_DMA_Init:
  94              	.LVL5:
  95              	.LFB65:
 143:Drivers/STM32F1xx_HAL_Driver/Src/stm32f1xx_hal_dma.c ****   uint32_t tmp = 0U;
  96              		.loc 1 143 1 is_stmt 1 view -0
  97              		.cfi_startproc
  98              		@ args = 0, pretend = 0, frame = 0
  99              		@ frame_needed = 0, uses_anonymous_args = 0
 100              		@ link register save eliminated.
 144:Drivers/STM32F1xx_HAL_Driver/Src/stm32f1xx_hal_dma.c **** 
 101              		.loc 1 144 3 view .LVU24
 147:Drivers/STM32F1xx_HAL_Driver/Src/stm32f1xx_hal_dma.c ****   {
 102              		.loc 1 147 3 view .LVU25
 147:Drivers/STM32F1xx_HAL_Driver/Src/stm32f1xx_hal_dma.c ****   {
 103              		.loc 1 147 5 is_stmt 0 view .LVU26
 104 0000 50B3     		cbz	r0, .L8
 143:Drivers/STM32F1xx_HAL_Driver/Src/stm32f1xx_hal_dma.c ****   uint32_t tmp = 0U;
 105              		.loc 1 143 1 view .LVU27
 106 0002 10B4     		push	{r4}
 107              	.LCFI1:
 108              		.cfi_def_cfa_offset 4
 109              		.cfi_offset 4, -4
 110 0004 0246     		mov	r2, r0
 153:Drivers/STM32F1xx_HAL_Driver/Src/stm32f1xx_hal_dma.c ****   assert_param(IS_DMA_DIRECTION(hdma->Init.Direction));
 111              		.loc 1 153 3 is_stmt 1 view .LVU28
 154:Drivers/STM32F1xx_HAL_Driver/Src/stm32f1xx_hal_dma.c ****   assert_param(IS_DMA_PERIPHERAL_INC_STATE(hdma->Init.PeriphInc));
 112              		.loc 1 154 3 view .LVU29
 155:Drivers/STM32F1xx_HAL_Driver/Src/stm32f1xx_hal_dma.c ****   assert_param(IS_DMA_MEMORY_INC_STATE(hdma->Init.MemInc));
 113              		.loc 1 155 3 view .LVU30
 156:Drivers/STM32F1xx_HAL_Driver/Src/stm32f1xx_hal_dma.c ****   assert_param(IS_DMA_PERIPHERAL_DATA_SIZE(hdma->Init.PeriphDataAlignment));
 114              		.loc 1 156 3 view .LVU31
 157:Drivers/STM32F1xx_HAL_Driver/Src/stm32f1xx_hal_dma.c ****   assert_param(IS_DMA_MEMORY_DATA_SIZE(hdma->Init.MemDataAlignment));
 115              		.loc 1 157 3 view .LVU32
 158:Drivers/STM32F1xx_HAL_Driver/Src/stm32f1xx_hal_dma.c ****   assert_param(IS_DMA_MODE(hdma->Init.Mode));
 116              		.loc 1 158 3 view .LVU33
 159:Drivers/STM32F1xx_HAL_Driver/Src/stm32f1xx_hal_dma.c ****   assert_param(IS_DMA_PRIORITY(hdma->Init.Priority));
 117              		.loc 1 159 3 view .LVU34
 160:Drivers/STM32F1xx_HAL_Driver/Src/stm32f1xx_hal_dma.c **** 
 118              		.loc 1 160 3 view .LVU35
 178:Drivers/STM32F1xx_HAL_Driver/Src/stm32f1xx_hal_dma.c ****   hdma->DmaBaseAddress = DMA1;
 119              		.loc 1 178 3 view .LVU36
 178:Drivers/STM32F1xx_HAL_Driver/Src/stm32f1xx_hal_dma.c ****   hdma->DmaBaseAddress = DMA1;
 120              		.loc 1 178 40 is_stmt 0 view .LVU37
 121 0006 0168     		ldr	r1, [r0]
 178:Drivers/STM32F1xx_HAL_Driver/Src/stm32f1xx_hal_dma.c ****   hdma->DmaBaseAddress = DMA1;
 122              		.loc 1 178 51 view .LVU38
 123 0008 144B     		ldr	r3, .L13
 124 000a 0B44     		add	r3, r3, r1
ARM GAS  /tmp/cctQZOHH.s 			page 19


 178:Drivers/STM32F1xx_HAL_Driver/Src/stm32f1xx_hal_dma.c ****   hdma->DmaBaseAddress = DMA1;
 125              		.loc 1 178 78 view .LVU39
 126 000c 1448     		ldr	r0, .L13+4
 127              	.LVL6:
 178:Drivers/STM32F1xx_HAL_Driver/Src/stm32f1xx_hal_dma.c ****   hdma->DmaBaseAddress = DMA1;
 128              		.loc 1 178 78 view .LVU40
 129 000e A0FB0303 		umull	r0, r3, r0, r3
 130 0012 1B09     		lsrs	r3, r3, #4
 178:Drivers/STM32F1xx_HAL_Driver/Src/stm32f1xx_hal_dma.c ****   hdma->DmaBaseAddress = DMA1;
 131              		.loc 1 178 133 view .LVU41
 132 0014 9B00     		lsls	r3, r3, #2
 178:Drivers/STM32F1xx_HAL_Driver/Src/stm32f1xx_hal_dma.c ****   hdma->DmaBaseAddress = DMA1;
 133              		.loc 1 178 22 view .LVU42
 134 0016 1364     		str	r3, [r2, #64]
 179:Drivers/STM32F1xx_HAL_Driver/Src/stm32f1xx_hal_dma.c **** #endif /* DMA2 */
 135              		.loc 1 179 3 is_stmt 1 view .LVU43
 179:Drivers/STM32F1xx_HAL_Driver/Src/stm32f1xx_hal_dma.c **** #endif /* DMA2 */
 136              		.loc 1 179 24 is_stmt 0 view .LVU44
 137 0018 124B     		ldr	r3, .L13+8
 138 001a D363     		str	r3, [r2, #60]
 183:Drivers/STM32F1xx_HAL_Driver/Src/stm32f1xx_hal_dma.c **** 
 139              		.loc 1 183 3 is_stmt 1 view .LVU45
 183:Drivers/STM32F1xx_HAL_Driver/Src/stm32f1xx_hal_dma.c **** 
 140              		.loc 1 183 15 is_stmt 0 view .LVU46
 141 001c 0223     		movs	r3, #2
 142 001e 82F82130 		strb	r3, [r2, #33]
 186:Drivers/STM32F1xx_HAL_Driver/Src/stm32f1xx_hal_dma.c **** 
 143              		.loc 1 186 3 is_stmt 1 view .LVU47
 186:Drivers/STM32F1xx_HAL_Driver/Src/stm32f1xx_hal_dma.c **** 
 144              		.loc 1 186 7 is_stmt 0 view .LVU48
 145 0022 0868     		ldr	r0, [r1]
 146              	.LVL7:
 189:Drivers/STM32F1xx_HAL_Driver/Src/stm32f1xx_hal_dma.c ****                       DMA_CCR_MINC  | DMA_CCR_PINC   | DMA_CCR_CIRC   | \
 147              		.loc 1 189 3 is_stmt 1 view .LVU49
 189:Drivers/STM32F1xx_HAL_Driver/Src/stm32f1xx_hal_dma.c ****                       DMA_CCR_MINC  | DMA_CCR_PINC   | DMA_CCR_CIRC   | \
 148              		.loc 1 189 7 is_stmt 0 view .LVU50
 149 0024 6FF30D10 		bfc	r0, #4, #10
 150              	.LVL8:
 194:Drivers/STM32F1xx_HAL_Driver/Src/stm32f1xx_hal_dma.c ****           hdma->Init.PeriphInc           | hdma->Init.MemInc           |
 151              		.loc 1 194 3 is_stmt 1 view .LVU51
 194:Drivers/STM32F1xx_HAL_Driver/Src/stm32f1xx_hal_dma.c ****           hdma->Init.PeriphInc           | hdma->Init.MemInc           |
 152              		.loc 1 194 21 is_stmt 0 view .LVU52
 153 0028 5368     		ldr	r3, [r2, #4]
 194:Drivers/STM32F1xx_HAL_Driver/Src/stm32f1xx_hal_dma.c ****           hdma->Init.PeriphInc           | hdma->Init.MemInc           |
 154              		.loc 1 194 39 view .LVU53
 155 002a 9468     		ldr	r4, [r2, #8]
 156 002c 2343     		orrs	r3, r3, r4
 195:Drivers/STM32F1xx_HAL_Driver/Src/stm32f1xx_hal_dma.c ****           hdma->Init.PeriphDataAlignment | hdma->Init.MemDataAlignment |
 157              		.loc 1 195 42 view .LVU54
 158 002e D468     		ldr	r4, [r2, #12]
 159 0030 2343     		orrs	r3, r3, r4
 195:Drivers/STM32F1xx_HAL_Driver/Src/stm32f1xx_hal_dma.c ****           hdma->Init.PeriphDataAlignment | hdma->Init.MemDataAlignment |
 160              		.loc 1 195 72 view .LVU55
 161 0032 1469     		ldr	r4, [r2, #16]
 162 0034 2343     		orrs	r3, r3, r4
 196:Drivers/STM32F1xx_HAL_Driver/Src/stm32f1xx_hal_dma.c ****           hdma->Init.Mode                | hdma->Init.Priority;
 163              		.loc 1 196 42 view .LVU56
ARM GAS  /tmp/cctQZOHH.s 			page 20


 164 0036 5469     		ldr	r4, [r2, #20]
 165 0038 2343     		orrs	r3, r3, r4
 196:Drivers/STM32F1xx_HAL_Driver/Src/stm32f1xx_hal_dma.c ****           hdma->Init.Mode                | hdma->Init.Priority;
 166              		.loc 1 196 72 view .LVU57
 167 003a 9469     		ldr	r4, [r2, #24]
 168 003c 2343     		orrs	r3, r3, r4
 197:Drivers/STM32F1xx_HAL_Driver/Src/stm32f1xx_hal_dma.c **** 
 169              		.loc 1 197 42 view .LVU58
 170 003e D469     		ldr	r4, [r2, #28]
 171 0040 2343     		orrs	r3, r3, r4
 194:Drivers/STM32F1xx_HAL_Driver/Src/stm32f1xx_hal_dma.c ****           hdma->Init.PeriphInc           | hdma->Init.MemInc           |
 172              		.loc 1 194 7 view .LVU59
 173 0042 0343     		orrs	r3, r3, r0
 174              	.LVL9:
 200:Drivers/STM32F1xx_HAL_Driver/Src/stm32f1xx_hal_dma.c **** 
 175              		.loc 1 200 3 is_stmt 1 view .LVU60
 200:Drivers/STM32F1xx_HAL_Driver/Src/stm32f1xx_hal_dma.c **** 
 176              		.loc 1 200 23 is_stmt 0 view .LVU61
 177 0044 0B60     		str	r3, [r1]
 203:Drivers/STM32F1xx_HAL_Driver/Src/stm32f1xx_hal_dma.c **** 
 178              		.loc 1 203 3 is_stmt 1 view .LVU62
 203:Drivers/STM32F1xx_HAL_Driver/Src/stm32f1xx_hal_dma.c **** 
 179              		.loc 1 203 19 is_stmt 0 view .LVU63
 180 0046 0020     		movs	r0, #0
 181 0048 9063     		str	r0, [r2, #56]
 206:Drivers/STM32F1xx_HAL_Driver/Src/stm32f1xx_hal_dma.c ****   /* Allocate lock resource and initialize it */
 182              		.loc 1 206 3 is_stmt 1 view .LVU64
 206:Drivers/STM32F1xx_HAL_Driver/Src/stm32f1xx_hal_dma.c ****   /* Allocate lock resource and initialize it */
 183              		.loc 1 206 15 is_stmt 0 view .LVU65
 184 004a 0123     		movs	r3, #1
 185              	.LVL10:
 206:Drivers/STM32F1xx_HAL_Driver/Src/stm32f1xx_hal_dma.c ****   /* Allocate lock resource and initialize it */
 186              		.loc 1 206 15 view .LVU66
 187 004c 82F82130 		strb	r3, [r2, #33]
 208:Drivers/STM32F1xx_HAL_Driver/Src/stm32f1xx_hal_dma.c **** 
 188              		.loc 1 208 3 is_stmt 1 view .LVU67
 208:Drivers/STM32F1xx_HAL_Driver/Src/stm32f1xx_hal_dma.c **** 
 189              		.loc 1 208 14 is_stmt 0 view .LVU68
 190 0050 82F82000 		strb	r0, [r2, #32]
 210:Drivers/STM32F1xx_HAL_Driver/Src/stm32f1xx_hal_dma.c **** }
 191              		.loc 1 210 3 is_stmt 1 view .LVU69
 211:Drivers/STM32F1xx_HAL_Driver/Src/stm32f1xx_hal_dma.c **** 
 192              		.loc 1 211 1 is_stmt 0 view .LVU70
 193 0054 10BC     		pop	{r4}
 194              	.LCFI2:
 195              		.cfi_restore 4
 196              		.cfi_def_cfa_offset 0
 197 0056 7047     		bx	lr
 198              	.LVL11:
 199              	.L8:
 149:Drivers/STM32F1xx_HAL_Driver/Src/stm32f1xx_hal_dma.c ****   }
 200              		.loc 1 149 12 view .LVU71
 201 0058 0120     		movs	r0, #1
 202              	.LVL12:
 211:Drivers/STM32F1xx_HAL_Driver/Src/stm32f1xx_hal_dma.c **** 
 203              		.loc 1 211 1 view .LVU72
 204 005a 7047     		bx	lr
ARM GAS  /tmp/cctQZOHH.s 			page 21


 205              	.L14:
 206              		.align	2
 207              	.L13:
 208 005c F8FFFDBF 		.word	-1073872904
 209 0060 CDCCCCCC 		.word	-858993459
 210 0064 00000240 		.word	1073872896
 211              		.cfi_endproc
 212              	.LFE65:
 214              		.section	.text.HAL_DMA_DeInit,"ax",%progbits
 215              		.align	1
 216              		.global	HAL_DMA_DeInit
 217              		.syntax unified
 218              		.thumb
 219              		.thumb_func
 221              	HAL_DMA_DeInit:
 222              	.LVL13:
 223              	.LFB66:
 220:Drivers/STM32F1xx_HAL_Driver/Src/stm32f1xx_hal_dma.c ****   /* Check the DMA handle allocation */
 224              		.loc 1 220 1 is_stmt 1 view -0
 225              		.cfi_startproc
 226              		@ args = 0, pretend = 0, frame = 0
 227              		@ frame_needed = 0, uses_anonymous_args = 0
 228              		@ link register save eliminated.
 222:Drivers/STM32F1xx_HAL_Driver/Src/stm32f1xx_hal_dma.c ****   {
 229              		.loc 1 222 3 view .LVU74
 222:Drivers/STM32F1xx_HAL_Driver/Src/stm32f1xx_hal_dma.c ****   {
 230              		.loc 1 222 5 is_stmt 0 view .LVU75
 231 0000 0346     		mov	r3, r0
 232 0002 48B3     		cbz	r0, .L17
 228:Drivers/STM32F1xx_HAL_Driver/Src/stm32f1xx_hal_dma.c **** 
 233              		.loc 1 228 3 is_stmt 1 view .LVU76
 231:Drivers/STM32F1xx_HAL_Driver/Src/stm32f1xx_hal_dma.c **** 
 234              		.loc 1 231 3 view .LVU77
 235 0004 0168     		ldr	r1, [r0]
 236 0006 0A68     		ldr	r2, [r1]
 237 0008 22F00102 		bic	r2, r2, #1
 238 000c 0A60     		str	r2, [r1]
 234:Drivers/STM32F1xx_HAL_Driver/Src/stm32f1xx_hal_dma.c **** 
 239              		.loc 1 234 3 view .LVU78
 234:Drivers/STM32F1xx_HAL_Driver/Src/stm32f1xx_hal_dma.c **** 
 240              		.loc 1 234 7 is_stmt 0 view .LVU79
 241 000e 0268     		ldr	r2, [r0]
 234:Drivers/STM32F1xx_HAL_Driver/Src/stm32f1xx_hal_dma.c **** 
 242              		.loc 1 234 24 view .LVU80
 243 0010 0020     		movs	r0, #0
 244              	.LVL14:
 234:Drivers/STM32F1xx_HAL_Driver/Src/stm32f1xx_hal_dma.c **** 
 245              		.loc 1 234 24 view .LVU81
 246 0012 1060     		str	r0, [r2]
 237:Drivers/STM32F1xx_HAL_Driver/Src/stm32f1xx_hal_dma.c **** 
 247              		.loc 1 237 3 is_stmt 1 view .LVU82
 237:Drivers/STM32F1xx_HAL_Driver/Src/stm32f1xx_hal_dma.c **** 
 248              		.loc 1 237 7 is_stmt 0 view .LVU83
 249 0014 1A68     		ldr	r2, [r3]
 237:Drivers/STM32F1xx_HAL_Driver/Src/stm32f1xx_hal_dma.c **** 
 250              		.loc 1 237 25 view .LVU84
 251 0016 5060     		str	r0, [r2, #4]
ARM GAS  /tmp/cctQZOHH.s 			page 22


 240:Drivers/STM32F1xx_HAL_Driver/Src/stm32f1xx_hal_dma.c **** 
 252              		.loc 1 240 3 is_stmt 1 view .LVU85
 240:Drivers/STM32F1xx_HAL_Driver/Src/stm32f1xx_hal_dma.c **** 
 253              		.loc 1 240 7 is_stmt 0 view .LVU86
 254 0018 1A68     		ldr	r2, [r3]
 240:Drivers/STM32F1xx_HAL_Driver/Src/stm32f1xx_hal_dma.c **** 
 255              		.loc 1 240 25 view .LVU87
 256 001a 9060     		str	r0, [r2, #8]
 243:Drivers/STM32F1xx_HAL_Driver/Src/stm32f1xx_hal_dma.c **** 
 257              		.loc 1 243 3 is_stmt 1 view .LVU88
 243:Drivers/STM32F1xx_HAL_Driver/Src/stm32f1xx_hal_dma.c **** 
 258              		.loc 1 243 7 is_stmt 0 view .LVU89
 259 001c 1A68     		ldr	r2, [r3]
 243:Drivers/STM32F1xx_HAL_Driver/Src/stm32f1xx_hal_dma.c **** 
 260              		.loc 1 243 24 view .LVU90
 261 001e D060     		str	r0, [r2, #12]
 261:Drivers/STM32F1xx_HAL_Driver/Src/stm32f1xx_hal_dma.c ****   hdma->DmaBaseAddress = DMA1;
 262              		.loc 1 261 3 is_stmt 1 view .LVU91
 261:Drivers/STM32F1xx_HAL_Driver/Src/stm32f1xx_hal_dma.c ****   hdma->DmaBaseAddress = DMA1;
 263              		.loc 1 261 40 is_stmt 0 view .LVU92
 264 0020 1968     		ldr	r1, [r3]
 261:Drivers/STM32F1xx_HAL_Driver/Src/stm32f1xx_hal_dma.c ****   hdma->DmaBaseAddress = DMA1;
 265              		.loc 1 261 51 view .LVU93
 266 0022 0E4A     		ldr	r2, .L18
 267 0024 0A44     		add	r2, r2, r1
 261:Drivers/STM32F1xx_HAL_Driver/Src/stm32f1xx_hal_dma.c ****   hdma->DmaBaseAddress = DMA1;
 268              		.loc 1 261 78 view .LVU94
 269 0026 0E49     		ldr	r1, .L18+4
 270 0028 A1FB0212 		umull	r1, r2, r1, r2
 271 002c 1209     		lsrs	r2, r2, #4
 261:Drivers/STM32F1xx_HAL_Driver/Src/stm32f1xx_hal_dma.c ****   hdma->DmaBaseAddress = DMA1;
 272              		.loc 1 261 133 view .LVU95
 273 002e 9200     		lsls	r2, r2, #2
 261:Drivers/STM32F1xx_HAL_Driver/Src/stm32f1xx_hal_dma.c ****   hdma->DmaBaseAddress = DMA1;
 274              		.loc 1 261 22 view .LVU96
 275 0030 1A64     		str	r2, [r3, #64]
 262:Drivers/STM32F1xx_HAL_Driver/Src/stm32f1xx_hal_dma.c **** #endif /* DMA2 */
 276              		.loc 1 262 3 is_stmt 1 view .LVU97
 262:Drivers/STM32F1xx_HAL_Driver/Src/stm32f1xx_hal_dma.c **** #endif /* DMA2 */
 277              		.loc 1 262 24 is_stmt 0 view .LVU98
 278 0032 DFF830C0 		ldr	ip, .L18+8
 279 0036 C3F83CC0 		str	ip, [r3, #60]
 266:Drivers/STM32F1xx_HAL_Driver/Src/stm32f1xx_hal_dma.c **** 
 280              		.loc 1 266 3 is_stmt 1 view .LVU99
 266:Drivers/STM32F1xx_HAL_Driver/Src/stm32f1xx_hal_dma.c **** 
 281              		.loc 1 266 46 is_stmt 0 view .LVU100
 282 003a 0121     		movs	r1, #1
 283 003c 01FA02F2 		lsl	r2, r1, r2
 266:Drivers/STM32F1xx_HAL_Driver/Src/stm32f1xx_hal_dma.c **** 
 284              		.loc 1 266 30 view .LVU101
 285 0040 CCF80420 		str	r2, [ip, #4]
 269:Drivers/STM32F1xx_HAL_Driver/Src/stm32f1xx_hal_dma.c ****   hdma->XferHalfCpltCallback = NULL;
 286              		.loc 1 269 3 is_stmt 1 view .LVU102
 269:Drivers/STM32F1xx_HAL_Driver/Src/stm32f1xx_hal_dma.c ****   hdma->XferHalfCpltCallback = NULL;
 287              		.loc 1 269 26 is_stmt 0 view .LVU103
 288 0044 9862     		str	r0, [r3, #40]
 270:Drivers/STM32F1xx_HAL_Driver/Src/stm32f1xx_hal_dma.c ****   hdma->XferErrorCallback = NULL;
ARM GAS  /tmp/cctQZOHH.s 			page 23


 289              		.loc 1 270 3 is_stmt 1 view .LVU104
 270:Drivers/STM32F1xx_HAL_Driver/Src/stm32f1xx_hal_dma.c ****   hdma->XferErrorCallback = NULL;
 290              		.loc 1 270 30 is_stmt 0 view .LVU105
 291 0046 D862     		str	r0, [r3, #44]
 271:Drivers/STM32F1xx_HAL_Driver/Src/stm32f1xx_hal_dma.c ****   hdma->XferAbortCallback = NULL;
 292              		.loc 1 271 3 is_stmt 1 view .LVU106
 271:Drivers/STM32F1xx_HAL_Driver/Src/stm32f1xx_hal_dma.c ****   hdma->XferAbortCallback = NULL;
 293              		.loc 1 271 27 is_stmt 0 view .LVU107
 294 0048 1863     		str	r0, [r3, #48]
 272:Drivers/STM32F1xx_HAL_Driver/Src/stm32f1xx_hal_dma.c **** 
 295              		.loc 1 272 3 is_stmt 1 view .LVU108
 272:Drivers/STM32F1xx_HAL_Driver/Src/stm32f1xx_hal_dma.c **** 
 296              		.loc 1 272 27 is_stmt 0 view .LVU109
 297 004a 5863     		str	r0, [r3, #52]
 275:Drivers/STM32F1xx_HAL_Driver/Src/stm32f1xx_hal_dma.c **** 
 298              		.loc 1 275 3 is_stmt 1 view .LVU110
 275:Drivers/STM32F1xx_HAL_Driver/Src/stm32f1xx_hal_dma.c **** 
 299              		.loc 1 275 19 is_stmt 0 view .LVU111
 300 004c 9863     		str	r0, [r3, #56]
 278:Drivers/STM32F1xx_HAL_Driver/Src/stm32f1xx_hal_dma.c **** 
 301              		.loc 1 278 3 is_stmt 1 view .LVU112
 278:Drivers/STM32F1xx_HAL_Driver/Src/stm32f1xx_hal_dma.c **** 
 302              		.loc 1 278 15 is_stmt 0 view .LVU113
 303 004e 83F82100 		strb	r0, [r3, #33]
 281:Drivers/STM32F1xx_HAL_Driver/Src/stm32f1xx_hal_dma.c **** 
 304              		.loc 1 281 3 is_stmt 1 view .LVU114
 281:Drivers/STM32F1xx_HAL_Driver/Src/stm32f1xx_hal_dma.c **** 
 305              		.loc 1 281 3 view .LVU115
 306 0052 83F82000 		strb	r0, [r3, #32]
 281:Drivers/STM32F1xx_HAL_Driver/Src/stm32f1xx_hal_dma.c **** 
 307              		.loc 1 281 3 view .LVU116
 283:Drivers/STM32F1xx_HAL_Driver/Src/stm32f1xx_hal_dma.c **** }
 308              		.loc 1 283 3 view .LVU117
 283:Drivers/STM32F1xx_HAL_Driver/Src/stm32f1xx_hal_dma.c **** }
 309              		.loc 1 283 10 is_stmt 0 view .LVU118
 310 0056 7047     		bx	lr
 311              	.LVL15:
 312              	.L17:
 224:Drivers/STM32F1xx_HAL_Driver/Src/stm32f1xx_hal_dma.c ****   }
 313              		.loc 1 224 12 view .LVU119
 314 0058 0120     		movs	r0, #1
 315              	.LVL16:
 284:Drivers/STM32F1xx_HAL_Driver/Src/stm32f1xx_hal_dma.c **** 
 316              		.loc 1 284 1 view .LVU120
 317 005a 7047     		bx	lr
 318              	.L19:
 319              		.align	2
 320              	.L18:
 321 005c F8FFFDBF 		.word	-1073872904
 322 0060 CDCCCCCC 		.word	-858993459
 323 0064 00000240 		.word	1073872896
 324              		.cfi_endproc
 325              	.LFE66:
 327              		.section	.text.HAL_DMA_Start,"ax",%progbits
 328              		.align	1
 329              		.global	HAL_DMA_Start
 330              		.syntax unified
ARM GAS  /tmp/cctQZOHH.s 			page 24


 331              		.thumb
 332              		.thumb_func
 334              	HAL_DMA_Start:
 335              	.LVL17:
 336              	.LFB67:
 319:Drivers/STM32F1xx_HAL_Driver/Src/stm32f1xx_hal_dma.c ****   HAL_StatusTypeDef status = HAL_OK;
 337              		.loc 1 319 1 is_stmt 1 view -0
 338              		.cfi_startproc
 339              		@ args = 0, pretend = 0, frame = 0
 340              		@ frame_needed = 0, uses_anonymous_args = 0
 319:Drivers/STM32F1xx_HAL_Driver/Src/stm32f1xx_hal_dma.c ****   HAL_StatusTypeDef status = HAL_OK;
 341              		.loc 1 319 1 is_stmt 0 view .LVU122
 342 0000 10B5     		push	{r4, lr}
 343              	.LCFI3:
 344              		.cfi_def_cfa_offset 8
 345              		.cfi_offset 4, -8
 346              		.cfi_offset 14, -4
 347 0002 0446     		mov	r4, r0
 320:Drivers/STM32F1xx_HAL_Driver/Src/stm32f1xx_hal_dma.c **** 
 348              		.loc 1 320 3 is_stmt 1 view .LVU123
 349              	.LVL18:
 323:Drivers/STM32F1xx_HAL_Driver/Src/stm32f1xx_hal_dma.c **** 
 350              		.loc 1 323 3 view .LVU124
 326:Drivers/STM32F1xx_HAL_Driver/Src/stm32f1xx_hal_dma.c **** 
 351              		.loc 1 326 3 view .LVU125
 326:Drivers/STM32F1xx_HAL_Driver/Src/stm32f1xx_hal_dma.c **** 
 352              		.loc 1 326 3 view .LVU126
 353 0004 90F82000 		ldrb	r0, [r0, #32]	@ zero_extendqisi2
 354              	.LVL19:
 326:Drivers/STM32F1xx_HAL_Driver/Src/stm32f1xx_hal_dma.c **** 
 355              		.loc 1 326 3 is_stmt 0 view .LVU127
 356 0008 0128     		cmp	r0, #1
 357 000a 09D0     		beq	.L24
 326:Drivers/STM32F1xx_HAL_Driver/Src/stm32f1xx_hal_dma.c **** 
 358              		.loc 1 326 3 is_stmt 1 discriminator 2 view .LVU128
 359 000c 0120     		movs	r0, #1
 360 000e 84F82000 		strb	r0, [r4, #32]
 326:Drivers/STM32F1xx_HAL_Driver/Src/stm32f1xx_hal_dma.c **** 
 361              		.loc 1 326 3 discriminator 2 view .LVU129
 328:Drivers/STM32F1xx_HAL_Driver/Src/stm32f1xx_hal_dma.c ****   {
 362              		.loc 1 328 3 view .LVU130
 328:Drivers/STM32F1xx_HAL_Driver/Src/stm32f1xx_hal_dma.c ****   {
 363              		.loc 1 328 33 is_stmt 0 view .LVU131
 364 0012 94F82100 		ldrb	r0, [r4, #33]	@ zero_extendqisi2
 328:Drivers/STM32F1xx_HAL_Driver/Src/stm32f1xx_hal_dma.c ****   {
 365              		.loc 1 328 5 view .LVU132
 366 0016 0128     		cmp	r0, #1
 367 0018 04D0     		beq	.L26
 346:Drivers/STM32F1xx_HAL_Driver/Src/stm32f1xx_hal_dma.c ****    status = HAL_BUSY;
 368              		.loc 1 346 4 is_stmt 1 view .LVU133
 346:Drivers/STM32F1xx_HAL_Driver/Src/stm32f1xx_hal_dma.c ****    status = HAL_BUSY;
 369              		.loc 1 346 4 view .LVU134
 370 001a 0023     		movs	r3, #0
 371              	.LVL20:
 346:Drivers/STM32F1xx_HAL_Driver/Src/stm32f1xx_hal_dma.c ****    status = HAL_BUSY;
 372              		.loc 1 346 4 is_stmt 0 view .LVU135
 373 001c 84F82030 		strb	r3, [r4, #32]
ARM GAS  /tmp/cctQZOHH.s 			page 25


 346:Drivers/STM32F1xx_HAL_Driver/Src/stm32f1xx_hal_dma.c ****    status = HAL_BUSY;
 374              		.loc 1 346 4 is_stmt 1 view .LVU136
 347:Drivers/STM32F1xx_HAL_Driver/Src/stm32f1xx_hal_dma.c ****   }  
 375              		.loc 1 347 4 view .LVU137
 376              	.L24:
 326:Drivers/STM32F1xx_HAL_Driver/Src/stm32f1xx_hal_dma.c **** 
 377              		.loc 1 326 3 is_stmt 0 discriminator 1 view .LVU138
 378 0020 0220     		movs	r0, #2
 379              	.LVL21:
 380              	.L22:
 350:Drivers/STM32F1xx_HAL_Driver/Src/stm32f1xx_hal_dma.c **** 
 381              		.loc 1 350 1 view .LVU139
 382 0022 10BD     		pop	{r4, pc}
 383              	.LVL22:
 384              	.L26:
 331:Drivers/STM32F1xx_HAL_Driver/Src/stm32f1xx_hal_dma.c ****     hdma->ErrorCode = HAL_DMA_ERROR_NONE;
 385              		.loc 1 331 5 is_stmt 1 view .LVU140
 331:Drivers/STM32F1xx_HAL_Driver/Src/stm32f1xx_hal_dma.c ****     hdma->ErrorCode = HAL_DMA_ERROR_NONE;
 386              		.loc 1 331 17 is_stmt 0 view .LVU141
 387 0024 0220     		movs	r0, #2
 388 0026 84F82100 		strb	r0, [r4, #33]
 332:Drivers/STM32F1xx_HAL_Driver/Src/stm32f1xx_hal_dma.c ****             
 389              		.loc 1 332 5 is_stmt 1 view .LVU142
 332:Drivers/STM32F1xx_HAL_Driver/Src/stm32f1xx_hal_dma.c ****             
 390              		.loc 1 332 21 is_stmt 0 view .LVU143
 391 002a 0020     		movs	r0, #0
 392 002c A063     		str	r0, [r4, #56]
 335:Drivers/STM32F1xx_HAL_Driver/Src/stm32f1xx_hal_dma.c ****     
 393              		.loc 1 335 5 is_stmt 1 view .LVU144
 394 002e D4F800C0 		ldr	ip, [r4]
 395 0032 DCF80000 		ldr	r0, [ip]
 396 0036 20F00100 		bic	r0, r0, #1
 397 003a CCF80000 		str	r0, [ip]
 338:Drivers/STM32F1xx_HAL_Driver/Src/stm32f1xx_hal_dma.c ****     
 398              		.loc 1 338 5 view .LVU145
 399 003e 2046     		mov	r0, r4
 400 0040 FFF7FEFF 		bl	DMA_SetConfig
 401              	.LVL23:
 341:Drivers/STM32F1xx_HAL_Driver/Src/stm32f1xx_hal_dma.c ****   }
 402              		.loc 1 341 5 view .LVU146
 403 0044 2268     		ldr	r2, [r4]
 404 0046 1368     		ldr	r3, [r2]
 405 0048 43F00103 		orr	r3, r3, #1
 406 004c 1360     		str	r3, [r2]
 320:Drivers/STM32F1xx_HAL_Driver/Src/stm32f1xx_hal_dma.c **** 
 407              		.loc 1 320 21 is_stmt 0 view .LVU147
 408 004e 0020     		movs	r0, #0
 409 0050 E7E7     		b	.L22
 410              		.cfi_endproc
 411              	.LFE67:
 413              		.section	.text.HAL_DMA_Start_IT,"ax",%progbits
 414              		.align	1
 415              		.global	HAL_DMA_Start_IT
 416              		.syntax unified
 417              		.thumb
 418              		.thumb_func
 420              	HAL_DMA_Start_IT:
ARM GAS  /tmp/cctQZOHH.s 			page 26


 421              	.LVL24:
 422              	.LFB68:
 362:Drivers/STM32F1xx_HAL_Driver/Src/stm32f1xx_hal_dma.c ****   HAL_StatusTypeDef status = HAL_OK;
 423              		.loc 1 362 1 is_stmt 1 view -0
 424              		.cfi_startproc
 425              		@ args = 0, pretend = 0, frame = 0
 426              		@ frame_needed = 0, uses_anonymous_args = 0
 362:Drivers/STM32F1xx_HAL_Driver/Src/stm32f1xx_hal_dma.c ****   HAL_StatusTypeDef status = HAL_OK;
 427              		.loc 1 362 1 is_stmt 0 view .LVU149
 428 0000 10B5     		push	{r4, lr}
 429              	.LCFI4:
 430              		.cfi_def_cfa_offset 8
 431              		.cfi_offset 4, -8
 432              		.cfi_offset 14, -4
 433 0002 0446     		mov	r4, r0
 363:Drivers/STM32F1xx_HAL_Driver/Src/stm32f1xx_hal_dma.c **** 
 434              		.loc 1 363 3 is_stmt 1 view .LVU150
 435              	.LVL25:
 366:Drivers/STM32F1xx_HAL_Driver/Src/stm32f1xx_hal_dma.c **** 
 436              		.loc 1 366 3 view .LVU151
 369:Drivers/STM32F1xx_HAL_Driver/Src/stm32f1xx_hal_dma.c ****   
 437              		.loc 1 369 3 view .LVU152
 369:Drivers/STM32F1xx_HAL_Driver/Src/stm32f1xx_hal_dma.c ****   
 438              		.loc 1 369 3 view .LVU153
 439 0004 90F82000 		ldrb	r0, [r0, #32]	@ zero_extendqisi2
 440              	.LVL26:
 369:Drivers/STM32F1xx_HAL_Driver/Src/stm32f1xx_hal_dma.c ****   
 441              		.loc 1 369 3 is_stmt 0 view .LVU154
 442 0008 0128     		cmp	r0, #1
 443 000a 09D0     		beq	.L33
 369:Drivers/STM32F1xx_HAL_Driver/Src/stm32f1xx_hal_dma.c ****   
 444              		.loc 1 369 3 is_stmt 1 discriminator 2 view .LVU155
 445 000c 0120     		movs	r0, #1
 446 000e 84F82000 		strb	r0, [r4, #32]
 369:Drivers/STM32F1xx_HAL_Driver/Src/stm32f1xx_hal_dma.c ****   
 447              		.loc 1 369 3 discriminator 2 view .LVU156
 371:Drivers/STM32F1xx_HAL_Driver/Src/stm32f1xx_hal_dma.c ****   {
 448              		.loc 1 371 3 view .LVU157
 371:Drivers/STM32F1xx_HAL_Driver/Src/stm32f1xx_hal_dma.c ****   {
 449              		.loc 1 371 33 is_stmt 0 view .LVU158
 450 0012 94F82100 		ldrb	r0, [r4, #33]	@ zero_extendqisi2
 371:Drivers/STM32F1xx_HAL_Driver/Src/stm32f1xx_hal_dma.c ****   {
 451              		.loc 1 371 5 view .LVU159
 452 0016 0128     		cmp	r0, #1
 453 0018 04D0     		beq	.L35
 401:Drivers/STM32F1xx_HAL_Driver/Src/stm32f1xx_hal_dma.c **** 
 454              		.loc 1 401 5 is_stmt 1 view .LVU160
 401:Drivers/STM32F1xx_HAL_Driver/Src/stm32f1xx_hal_dma.c **** 
 455              		.loc 1 401 5 view .LVU161
 456 001a 0023     		movs	r3, #0
 457              	.LVL27:
 401:Drivers/STM32F1xx_HAL_Driver/Src/stm32f1xx_hal_dma.c **** 
 458              		.loc 1 401 5 is_stmt 0 view .LVU162
 459 001c 84F82030 		strb	r3, [r4, #32]
 401:Drivers/STM32F1xx_HAL_Driver/Src/stm32f1xx_hal_dma.c **** 
 460              		.loc 1 401 5 is_stmt 1 view .LVU163
 404:Drivers/STM32F1xx_HAL_Driver/Src/stm32f1xx_hal_dma.c ****   }    
ARM GAS  /tmp/cctQZOHH.s 			page 27


 461              		.loc 1 404 5 view .LVU164
 462              	.L33:
 369:Drivers/STM32F1xx_HAL_Driver/Src/stm32f1xx_hal_dma.c ****   
 463              		.loc 1 369 3 is_stmt 0 discriminator 1 view .LVU165
 464 0020 0220     		movs	r0, #2
 465              	.LVL28:
 466              	.L29:
 407:Drivers/STM32F1xx_HAL_Driver/Src/stm32f1xx_hal_dma.c **** 
 467              		.loc 1 407 1 view .LVU166
 468 0022 10BD     		pop	{r4, pc}
 469              	.LVL29:
 470              	.L35:
 374:Drivers/STM32F1xx_HAL_Driver/Src/stm32f1xx_hal_dma.c ****     hdma->ErrorCode = HAL_DMA_ERROR_NONE;
 471              		.loc 1 374 5 is_stmt 1 view .LVU167
 374:Drivers/STM32F1xx_HAL_Driver/Src/stm32f1xx_hal_dma.c ****     hdma->ErrorCode = HAL_DMA_ERROR_NONE;
 472              		.loc 1 374 17 is_stmt 0 view .LVU168
 473 0024 0220     		movs	r0, #2
 474 0026 84F82100 		strb	r0, [r4, #33]
 375:Drivers/STM32F1xx_HAL_Driver/Src/stm32f1xx_hal_dma.c ****     
 475              		.loc 1 375 5 is_stmt 1 view .LVU169
 375:Drivers/STM32F1xx_HAL_Driver/Src/stm32f1xx_hal_dma.c ****     
 476              		.loc 1 375 21 is_stmt 0 view .LVU170
 477 002a 0020     		movs	r0, #0
 478 002c A063     		str	r0, [r4, #56]
 378:Drivers/STM32F1xx_HAL_Driver/Src/stm32f1xx_hal_dma.c ****     
 479              		.loc 1 378 5 is_stmt 1 view .LVU171
 480 002e D4F800C0 		ldr	ip, [r4]
 481 0032 DCF80000 		ldr	r0, [ip]
 482 0036 20F00100 		bic	r0, r0, #1
 483 003a CCF80000 		str	r0, [ip]
 381:Drivers/STM32F1xx_HAL_Driver/Src/stm32f1xx_hal_dma.c ****     
 484              		.loc 1 381 5 view .LVU172
 485 003e 2046     		mov	r0, r4
 486 0040 FFF7FEFF 		bl	DMA_SetConfig
 487              	.LVL30:
 385:Drivers/STM32F1xx_HAL_Driver/Src/stm32f1xx_hal_dma.c ****     {
 488              		.loc 1 385 5 view .LVU173
 385:Drivers/STM32F1xx_HAL_Driver/Src/stm32f1xx_hal_dma.c ****     {
 489              		.loc 1 385 20 is_stmt 0 view .LVU174
 490 0044 E36A     		ldr	r3, [r4, #44]
 385:Drivers/STM32F1xx_HAL_Driver/Src/stm32f1xx_hal_dma.c ****     {
 491              		.loc 1 385 7 view .LVU175
 492 0046 5BB1     		cbz	r3, .L31
 388:Drivers/STM32F1xx_HAL_Driver/Src/stm32f1xx_hal_dma.c ****     }
 493              		.loc 1 388 7 is_stmt 1 view .LVU176
 494 0048 2268     		ldr	r2, [r4]
 495 004a 1368     		ldr	r3, [r2]
 496 004c 43F00E03 		orr	r3, r3, #14
 497 0050 1360     		str	r3, [r2]
 498              	.L32:
 396:Drivers/STM32F1xx_HAL_Driver/Src/stm32f1xx_hal_dma.c ****   }
 499              		.loc 1 396 5 view .LVU177
 500 0052 2268     		ldr	r2, [r4]
 501 0054 1368     		ldr	r3, [r2]
 502 0056 43F00103 		orr	r3, r3, #1
 503 005a 1360     		str	r3, [r2]
 363:Drivers/STM32F1xx_HAL_Driver/Src/stm32f1xx_hal_dma.c **** 
ARM GAS  /tmp/cctQZOHH.s 			page 28


 504              		.loc 1 363 21 is_stmt 0 view .LVU178
 505 005c 0020     		movs	r0, #0
 506 005e E0E7     		b	.L29
 507              	.L31:
 392:Drivers/STM32F1xx_HAL_Driver/Src/stm32f1xx_hal_dma.c ****       __HAL_DMA_ENABLE_IT(hdma, (DMA_IT_TC | DMA_IT_TE));
 508              		.loc 1 392 7 is_stmt 1 view .LVU179
 509 0060 2268     		ldr	r2, [r4]
 510 0062 1368     		ldr	r3, [r2]
 511 0064 23F00403 		bic	r3, r3, #4
 512 0068 1360     		str	r3, [r2]
 393:Drivers/STM32F1xx_HAL_Driver/Src/stm32f1xx_hal_dma.c ****     }
 513              		.loc 1 393 7 view .LVU180
 514 006a 2268     		ldr	r2, [r4]
 515 006c 1368     		ldr	r3, [r2]
 516 006e 43F00A03 		orr	r3, r3, #10
 517 0072 1360     		str	r3, [r2]
 518 0074 EDE7     		b	.L32
 519              		.cfi_endproc
 520              	.LFE68:
 522              		.section	.text.HAL_DMA_Abort,"ax",%progbits
 523              		.align	1
 524              		.global	HAL_DMA_Abort
 525              		.syntax unified
 526              		.thumb
 527              		.thumb_func
 529              	HAL_DMA_Abort:
 530              	.LVL31:
 531              	.LFB69:
 416:Drivers/STM32F1xx_HAL_Driver/Src/stm32f1xx_hal_dma.c ****   HAL_StatusTypeDef status = HAL_OK;
 532              		.loc 1 416 1 view -0
 533              		.cfi_startproc
 534              		@ args = 0, pretend = 0, frame = 0
 535              		@ frame_needed = 0, uses_anonymous_args = 0
 536              		@ link register save eliminated.
 416:Drivers/STM32F1xx_HAL_Driver/Src/stm32f1xx_hal_dma.c ****   HAL_StatusTypeDef status = HAL_OK;
 537              		.loc 1 416 1 is_stmt 0 view .LVU182
 538 0000 0346     		mov	r3, r0
 417:Drivers/STM32F1xx_HAL_Driver/Src/stm32f1xx_hal_dma.c ****   
 539              		.loc 1 417 3 is_stmt 1 view .LVU183
 540              	.LVL32:
 419:Drivers/STM32F1xx_HAL_Driver/Src/stm32f1xx_hal_dma.c ****   {
 541              		.loc 1 419 3 view .LVU184
 419:Drivers/STM32F1xx_HAL_Driver/Src/stm32f1xx_hal_dma.c ****   {
 542              		.loc 1 419 10 is_stmt 0 view .LVU185
 543 0002 90F82120 		ldrb	r2, [r0, #33]	@ zero_extendqisi2
 419:Drivers/STM32F1xx_HAL_Driver/Src/stm32f1xx_hal_dma.c ****   {
 544              		.loc 1 419 5 view .LVU186
 545 0006 022A     		cmp	r2, #2
 546 0008 06D0     		beq	.L37
 422:Drivers/STM32F1xx_HAL_Driver/Src/stm32f1xx_hal_dma.c ****     
 547              		.loc 1 422 5 is_stmt 1 view .LVU187
 422:Drivers/STM32F1xx_HAL_Driver/Src/stm32f1xx_hal_dma.c ****     
 548              		.loc 1 422 21 is_stmt 0 view .LVU188
 549 000a 0422     		movs	r2, #4
 550 000c 8263     		str	r2, [r0, #56]
 425:Drivers/STM32F1xx_HAL_Driver/Src/stm32f1xx_hal_dma.c ****     
 551              		.loc 1 425 5 is_stmt 1 view .LVU189
ARM GAS  /tmp/cctQZOHH.s 			page 29


 425:Drivers/STM32F1xx_HAL_Driver/Src/stm32f1xx_hal_dma.c ****     
 552              		.loc 1 425 5 view .LVU190
 553 000e 0022     		movs	r2, #0
 554 0010 80F82020 		strb	r2, [r0, #32]
 425:Drivers/STM32F1xx_HAL_Driver/Src/stm32f1xx_hal_dma.c ****     
 555              		.loc 1 425 5 view .LVU191
 427:Drivers/STM32F1xx_HAL_Driver/Src/stm32f1xx_hal_dma.c ****   }
 556              		.loc 1 427 5 view .LVU192
 427:Drivers/STM32F1xx_HAL_Driver/Src/stm32f1xx_hal_dma.c ****   }
 557              		.loc 1 427 12 is_stmt 0 view .LVU193
 558 0014 0120     		movs	r0, #1
 559              	.LVL33:
 427:Drivers/STM32F1xx_HAL_Driver/Src/stm32f1xx_hal_dma.c ****   }
 560              		.loc 1 427 12 view .LVU194
 561 0016 7047     		bx	lr
 562              	.LVL34:
 563              	.L37:
 433:Drivers/STM32F1xx_HAL_Driver/Src/stm32f1xx_hal_dma.c ****       
 564              		.loc 1 433 5 is_stmt 1 view .LVU195
 565 0018 0168     		ldr	r1, [r0]
 566 001a 0A68     		ldr	r2, [r1]
 567 001c 22F00E02 		bic	r2, r2, #14
 568 0020 0A60     		str	r2, [r1]
 436:Drivers/STM32F1xx_HAL_Driver/Src/stm32f1xx_hal_dma.c ****       
 569              		.loc 1 436 5 view .LVU196
 570 0022 0168     		ldr	r1, [r0]
 571 0024 0A68     		ldr	r2, [r1]
 572 0026 22F00102 		bic	r2, r2, #1
 573 002a 0A60     		str	r2, [r1]
 439:Drivers/STM32F1xx_HAL_Driver/Src/stm32f1xx_hal_dma.c ****   }
 574              		.loc 1 439 5 view .LVU197
 439:Drivers/STM32F1xx_HAL_Driver/Src/stm32f1xx_hal_dma.c ****   }
 575              		.loc 1 439 55 is_stmt 0 view .LVU198
 576 002c 026C     		ldr	r2, [r0, #64]
 439:Drivers/STM32F1xx_HAL_Driver/Src/stm32f1xx_hal_dma.c ****   }
 577              		.loc 1 439 9 view .LVU199
 578 002e C06B     		ldr	r0, [r0, #60]
 579              	.LVL35:
 439:Drivers/STM32F1xx_HAL_Driver/Src/stm32f1xx_hal_dma.c ****   }
 580              		.loc 1 439 48 view .LVU200
 581 0030 0121     		movs	r1, #1
 582 0032 01FA02F2 		lsl	r2, r1, r2
 439:Drivers/STM32F1xx_HAL_Driver/Src/stm32f1xx_hal_dma.c ****   }
 583              		.loc 1 439 32 view .LVU201
 584 0036 4260     		str	r2, [r0, #4]
 442:Drivers/STM32F1xx_HAL_Driver/Src/stm32f1xx_hal_dma.c **** 
 585              		.loc 1 442 3 is_stmt 1 view .LVU202
 442:Drivers/STM32F1xx_HAL_Driver/Src/stm32f1xx_hal_dma.c **** 
 586              		.loc 1 442 15 is_stmt 0 view .LVU203
 587 0038 83F82110 		strb	r1, [r3, #33]
 445:Drivers/STM32F1xx_HAL_Driver/Src/stm32f1xx_hal_dma.c ****   
 588              		.loc 1 445 3 is_stmt 1 view .LVU204
 445:Drivers/STM32F1xx_HAL_Driver/Src/stm32f1xx_hal_dma.c ****   
 589              		.loc 1 445 3 view .LVU205
 590 003c 0020     		movs	r0, #0
 591 003e 83F82000 		strb	r0, [r3, #32]
 445:Drivers/STM32F1xx_HAL_Driver/Src/stm32f1xx_hal_dma.c ****   
ARM GAS  /tmp/cctQZOHH.s 			page 30


 592              		.loc 1 445 3 view .LVU206
 447:Drivers/STM32F1xx_HAL_Driver/Src/stm32f1xx_hal_dma.c **** }
 593              		.loc 1 447 3 view .LVU207
 448:Drivers/STM32F1xx_HAL_Driver/Src/stm32f1xx_hal_dma.c **** 
 594              		.loc 1 448 1 is_stmt 0 view .LVU208
 595 0042 7047     		bx	lr
 596              		.cfi_endproc
 597              	.LFE69:
 599              		.section	.text.HAL_DMA_Abort_IT,"ax",%progbits
 600              		.align	1
 601              		.global	HAL_DMA_Abort_IT
 602              		.syntax unified
 603              		.thumb
 604              		.thumb_func
 606              	HAL_DMA_Abort_IT:
 607              	.LVL36:
 608              	.LFB70:
 457:Drivers/STM32F1xx_HAL_Driver/Src/stm32f1xx_hal_dma.c ****   HAL_StatusTypeDef status = HAL_OK;
 609              		.loc 1 457 1 is_stmt 1 view -0
 610              		.cfi_startproc
 611              		@ args = 0, pretend = 0, frame = 0
 612              		@ frame_needed = 0, uses_anonymous_args = 0
 457:Drivers/STM32F1xx_HAL_Driver/Src/stm32f1xx_hal_dma.c ****   HAL_StatusTypeDef status = HAL_OK;
 613              		.loc 1 457 1 is_stmt 0 view .LVU210
 614 0000 08B5     		push	{r3, lr}
 615              	.LCFI5:
 616              		.cfi_def_cfa_offset 8
 617              		.cfi_offset 3, -8
 618              		.cfi_offset 14, -4
 458:Drivers/STM32F1xx_HAL_Driver/Src/stm32f1xx_hal_dma.c ****   
 619              		.loc 1 458 3 is_stmt 1 view .LVU211
 620              	.LVL37:
 460:Drivers/STM32F1xx_HAL_Driver/Src/stm32f1xx_hal_dma.c ****   {
 621              		.loc 1 460 3 view .LVU212
 460:Drivers/STM32F1xx_HAL_Driver/Src/stm32f1xx_hal_dma.c ****   {
 622              		.loc 1 460 32 is_stmt 0 view .LVU213
 623 0002 90F82130 		ldrb	r3, [r0, #33]	@ zero_extendqisi2
 460:Drivers/STM32F1xx_HAL_Driver/Src/stm32f1xx_hal_dma.c ****   {
 624              		.loc 1 460 5 view .LVU214
 625 0006 022B     		cmp	r3, #2
 626 0008 03D0     		beq	.L40
 463:Drivers/STM32F1xx_HAL_Driver/Src/stm32f1xx_hal_dma.c ****         
 627              		.loc 1 463 5 is_stmt 1 view .LVU215
 463:Drivers/STM32F1xx_HAL_Driver/Src/stm32f1xx_hal_dma.c ****         
 628              		.loc 1 463 21 is_stmt 0 view .LVU216
 629 000a 0423     		movs	r3, #4
 630 000c 8363     		str	r3, [r0, #56]
 465:Drivers/STM32F1xx_HAL_Driver/Src/stm32f1xx_hal_dma.c ****   }
 631              		.loc 1 465 5 is_stmt 1 view .LVU217
 632              	.LVL38:
 465:Drivers/STM32F1xx_HAL_Driver/Src/stm32f1xx_hal_dma.c ****   }
 633              		.loc 1 465 12 is_stmt 0 view .LVU218
 634 000e 0120     		movs	r0, #1
 635              	.LVL39:
 636              	.L41:
 490:Drivers/STM32F1xx_HAL_Driver/Src/stm32f1xx_hal_dma.c **** }
 637              		.loc 1 490 3 is_stmt 1 view .LVU219
ARM GAS  /tmp/cctQZOHH.s 			page 31


 491:Drivers/STM32F1xx_HAL_Driver/Src/stm32f1xx_hal_dma.c **** 
 638              		.loc 1 491 1 is_stmt 0 view .LVU220
 639 0010 08BD     		pop	{r3, pc}
 640              	.LVL40:
 641              	.L40:
 470:Drivers/STM32F1xx_HAL_Driver/Src/stm32f1xx_hal_dma.c **** 
 642              		.loc 1 470 5 is_stmt 1 view .LVU221
 643 0012 0268     		ldr	r2, [r0]
 644 0014 1368     		ldr	r3, [r2]
 645 0016 23F00E03 		bic	r3, r3, #14
 646 001a 1360     		str	r3, [r2]
 473:Drivers/STM32F1xx_HAL_Driver/Src/stm32f1xx_hal_dma.c **** 
 647              		.loc 1 473 5 view .LVU222
 648 001c 0268     		ldr	r2, [r0]
 649 001e 1368     		ldr	r3, [r2]
 650 0020 23F00103 		bic	r3, r3, #1
 651 0024 1360     		str	r3, [r2]
 476:Drivers/STM32F1xx_HAL_Driver/Src/stm32f1xx_hal_dma.c **** 
 652              		.loc 1 476 5 view .LVU223
 653 0026 0368     		ldr	r3, [r0]
 654 0028 184A     		ldr	r2, .L53
 655 002a 9342     		cmp	r3, r2
 656 002c 14D0     		beq	.L45
 476:Drivers/STM32F1xx_HAL_Driver/Src/stm32f1xx_hal_dma.c **** 
 657              		.loc 1 476 5 is_stmt 0 discriminator 1 view .LVU224
 658 002e 1432     		adds	r2, r2, #20
 659 0030 9342     		cmp	r3, r2
 660 0032 1FD0     		beq	.L46
 476:Drivers/STM32F1xx_HAL_Driver/Src/stm32f1xx_hal_dma.c **** 
 661              		.loc 1 476 5 discriminator 2 view .LVU225
 662 0034 1432     		adds	r2, r2, #20
 663 0036 9342     		cmp	r3, r2
 664 0038 1ED0     		beq	.L47
 476:Drivers/STM32F1xx_HAL_Driver/Src/stm32f1xx_hal_dma.c **** 
 665              		.loc 1 476 5 discriminator 3 view .LVU226
 666 003a 1432     		adds	r2, r2, #20
 667 003c 9342     		cmp	r3, r2
 668 003e 1ED0     		beq	.L48
 476:Drivers/STM32F1xx_HAL_Driver/Src/stm32f1xx_hal_dma.c **** 
 669              		.loc 1 476 5 discriminator 4 view .LVU227
 670 0040 1432     		adds	r2, r2, #20
 671 0042 9342     		cmp	r3, r2
 672 0044 1ED0     		beq	.L49
 476:Drivers/STM32F1xx_HAL_Driver/Src/stm32f1xx_hal_dma.c **** 
 673              		.loc 1 476 5 discriminator 5 view .LVU228
 674 0046 1432     		adds	r2, r2, #20
 675 0048 9342     		cmp	r3, r2
 676 004a 02D0     		beq	.L52
 476:Drivers/STM32F1xx_HAL_Driver/Src/stm32f1xx_hal_dma.c **** 
 677              		.loc 1 476 5 discriminator 7 view .LVU229
 678 004c 4FF08072 		mov	r2, #16777216
 679 0050 03E0     		b	.L42
 680              	.L52:
 476:Drivers/STM32F1xx_HAL_Driver/Src/stm32f1xx_hal_dma.c **** 
 681              		.loc 1 476 5 discriminator 6 view .LVU230
 682 0052 4FF48012 		mov	r2, #1048576
 683 0056 00E0     		b	.L42
ARM GAS  /tmp/cctQZOHH.s 			page 32


 684              	.L45:
 476:Drivers/STM32F1xx_HAL_Driver/Src/stm32f1xx_hal_dma.c **** 
 685              		.loc 1 476 5 discriminator 12 view .LVU231
 686 0058 0122     		movs	r2, #1
 687              	.L42:
 476:Drivers/STM32F1xx_HAL_Driver/Src/stm32f1xx_hal_dma.c **** 
 688              		.loc 1 476 5 discriminator 13 view .LVU232
 689 005a 0D4B     		ldr	r3, .L53+4
 690 005c 5A60     		str	r2, [r3, #4]
 479:Drivers/STM32F1xx_HAL_Driver/Src/stm32f1xx_hal_dma.c **** 
 691              		.loc 1 479 5 is_stmt 1 view .LVU233
 479:Drivers/STM32F1xx_HAL_Driver/Src/stm32f1xx_hal_dma.c **** 
 692              		.loc 1 479 17 is_stmt 0 view .LVU234
 693 005e 0123     		movs	r3, #1
 694 0060 80F82130 		strb	r3, [r0, #33]
 482:Drivers/STM32F1xx_HAL_Driver/Src/stm32f1xx_hal_dma.c **** 
 695              		.loc 1 482 5 is_stmt 1 view .LVU235
 482:Drivers/STM32F1xx_HAL_Driver/Src/stm32f1xx_hal_dma.c **** 
 696              		.loc 1 482 5 view .LVU236
 697 0064 0023     		movs	r3, #0
 698 0066 80F82030 		strb	r3, [r0, #32]
 482:Drivers/STM32F1xx_HAL_Driver/Src/stm32f1xx_hal_dma.c **** 
 699              		.loc 1 482 5 view .LVU237
 485:Drivers/STM32F1xx_HAL_Driver/Src/stm32f1xx_hal_dma.c ****     {
 700              		.loc 1 485 5 view .LVU238
 485:Drivers/STM32F1xx_HAL_Driver/Src/stm32f1xx_hal_dma.c ****     {
 701              		.loc 1 485 12 is_stmt 0 view .LVU239
 702 006a 436B     		ldr	r3, [r0, #52]
 485:Drivers/STM32F1xx_HAL_Driver/Src/stm32f1xx_hal_dma.c ****     {
 703              		.loc 1 485 7 view .LVU240
 704 006c 03B1     		cbz	r3, .L44
 487:Drivers/STM32F1xx_HAL_Driver/Src/stm32f1xx_hal_dma.c ****     } 
 705              		.loc 1 487 7 is_stmt 1 view .LVU241
 706 006e 9847     		blx	r3
 707              	.LVL41:
 708              	.L44:
 458:Drivers/STM32F1xx_HAL_Driver/Src/stm32f1xx_hal_dma.c ****   
 709              		.loc 1 458 21 is_stmt 0 view .LVU242
 710 0070 0020     		movs	r0, #0
 711 0072 CDE7     		b	.L41
 712              	.LVL42:
 713              	.L46:
 476:Drivers/STM32F1xx_HAL_Driver/Src/stm32f1xx_hal_dma.c **** 
 714              		.loc 1 476 5 discriminator 11 view .LVU243
 715 0074 1022     		movs	r2, #16
 716 0076 F0E7     		b	.L42
 717              	.L47:
 476:Drivers/STM32F1xx_HAL_Driver/Src/stm32f1xx_hal_dma.c **** 
 718              		.loc 1 476 5 discriminator 10 view .LVU244
 719 0078 4FF48072 		mov	r2, #256
 720 007c EDE7     		b	.L42
 721              	.L48:
 476:Drivers/STM32F1xx_HAL_Driver/Src/stm32f1xx_hal_dma.c **** 
 722              		.loc 1 476 5 discriminator 9 view .LVU245
 723 007e 4FF48052 		mov	r2, #4096
 724 0082 EAE7     		b	.L42
 725              	.L49:
ARM GAS  /tmp/cctQZOHH.s 			page 33


 476:Drivers/STM32F1xx_HAL_Driver/Src/stm32f1xx_hal_dma.c **** 
 726              		.loc 1 476 5 discriminator 8 view .LVU246
 727 0084 4FF48032 		mov	r2, #65536
 728 0088 E7E7     		b	.L42
 729              	.L54:
 730 008a 00BF     		.align	2
 731              	.L53:
 732 008c 08000240 		.word	1073872904
 733 0090 00000240 		.word	1073872896
 734              		.cfi_endproc
 735              	.LFE70:
 737              		.section	.text.HAL_DMA_PollForTransfer,"ax",%progbits
 738              		.align	1
 739              		.global	HAL_DMA_PollForTransfer
 740              		.syntax unified
 741              		.thumb
 742              		.thumb_func
 744              	HAL_DMA_PollForTransfer:
 745              	.LVL43:
 746              	.LFB71:
 502:Drivers/STM32F1xx_HAL_Driver/Src/stm32f1xx_hal_dma.c ****   uint32_t temp;
 747              		.loc 1 502 1 is_stmt 1 view -0
 748              		.cfi_startproc
 749              		@ args = 0, pretend = 0, frame = 0
 750              		@ frame_needed = 0, uses_anonymous_args = 0
 502:Drivers/STM32F1xx_HAL_Driver/Src/stm32f1xx_hal_dma.c ****   uint32_t temp;
 751              		.loc 1 502 1 is_stmt 0 view .LVU248
 752 0000 2DE9F041 		push	{r4, r5, r6, r7, r8, lr}
 753              	.LCFI6:
 754              		.cfi_def_cfa_offset 24
 755              		.cfi_offset 4, -24
 756              		.cfi_offset 5, -20
 757              		.cfi_offset 6, -16
 758              		.cfi_offset 7, -12
 759              		.cfi_offset 8, -8
 760              		.cfi_offset 14, -4
 761 0004 0446     		mov	r4, r0
 503:Drivers/STM32F1xx_HAL_Driver/Src/stm32f1xx_hal_dma.c ****   uint32_t tickstart = 0U;
 762              		.loc 1 503 3 is_stmt 1 view .LVU249
 504:Drivers/STM32F1xx_HAL_Driver/Src/stm32f1xx_hal_dma.c **** 
 763              		.loc 1 504 3 view .LVU250
 764              	.LVL44:
 506:Drivers/STM32F1xx_HAL_Driver/Src/stm32f1xx_hal_dma.c ****   {
 765              		.loc 1 506 3 view .LVU251
 506:Drivers/STM32F1xx_HAL_Driver/Src/stm32f1xx_hal_dma.c ****   {
 766              		.loc 1 506 32 is_stmt 0 view .LVU252
 767 0006 90F82130 		ldrb	r3, [r0, #33]	@ zero_extendqisi2
 506:Drivers/STM32F1xx_HAL_Driver/Src/stm32f1xx_hal_dma.c ****   {
 768              		.loc 1 506 5 view .LVU253
 769 000a 022B     		cmp	r3, #2
 770 000c 07D0     		beq	.L56
 509:Drivers/STM32F1xx_HAL_Driver/Src/stm32f1xx_hal_dma.c ****     __HAL_UNLOCK(hdma);
 771              		.loc 1 509 5 is_stmt 1 view .LVU254
 509:Drivers/STM32F1xx_HAL_Driver/Src/stm32f1xx_hal_dma.c ****     __HAL_UNLOCK(hdma);
 772              		.loc 1 509 21 is_stmt 0 view .LVU255
 773 000e 0423     		movs	r3, #4
 774 0010 8363     		str	r3, [r0, #56]
ARM GAS  /tmp/cctQZOHH.s 			page 34


 510:Drivers/STM32F1xx_HAL_Driver/Src/stm32f1xx_hal_dma.c ****     return HAL_ERROR;
 775              		.loc 1 510 5 is_stmt 1 view .LVU256
 510:Drivers/STM32F1xx_HAL_Driver/Src/stm32f1xx_hal_dma.c ****     return HAL_ERROR;
 776              		.loc 1 510 5 view .LVU257
 777 0012 0023     		movs	r3, #0
 778 0014 80F82030 		strb	r3, [r0, #32]
 510:Drivers/STM32F1xx_HAL_Driver/Src/stm32f1xx_hal_dma.c ****     return HAL_ERROR;
 779              		.loc 1 510 5 view .LVU258
 511:Drivers/STM32F1xx_HAL_Driver/Src/stm32f1xx_hal_dma.c ****   }
 780              		.loc 1 511 5 view .LVU259
 781              	.LVL45:
 782              	.L59:
 511:Drivers/STM32F1xx_HAL_Driver/Src/stm32f1xx_hal_dma.c ****   }
 783              		.loc 1 511 12 is_stmt 0 view .LVU260
 784 0018 0120     		movs	r0, #1
 785              	.L57:
 594:Drivers/STM32F1xx_HAL_Driver/Src/stm32f1xx_hal_dma.c **** 
 786              		.loc 1 594 1 view .LVU261
 787 001a BDE8F081 		pop	{r4, r5, r6, r7, r8, pc}
 788              	.LVL46:
 789              	.L56:
 594:Drivers/STM32F1xx_HAL_Driver/Src/stm32f1xx_hal_dma.c **** 
 790              		.loc 1 594 1 view .LVU262
 791 001e 0F46     		mov	r7, r1
 792 0020 1546     		mov	r5, r2
 515:Drivers/STM32F1xx_HAL_Driver/Src/stm32f1xx_hal_dma.c ****   {
 793              		.loc 1 515 3 is_stmt 1 view .LVU263
 515:Drivers/STM32F1xx_HAL_Driver/Src/stm32f1xx_hal_dma.c ****   {
 794              		.loc 1 515 21 is_stmt 0 view .LVU264
 795 0022 0368     		ldr	r3, [r0]
 515:Drivers/STM32F1xx_HAL_Driver/Src/stm32f1xx_hal_dma.c ****   {
 796              		.loc 1 515 31 view .LVU265
 797 0024 1A68     		ldr	r2, [r3]
 798              	.LVL47:
 515:Drivers/STM32F1xx_HAL_Driver/Src/stm32f1xx_hal_dma.c ****   {
 799              		.loc 1 515 6 view .LVU266
 800 0026 12F0200F 		tst	r2, #32
 801 002a 15D1     		bne	.L103
 522:Drivers/STM32F1xx_HAL_Driver/Src/stm32f1xx_hal_dma.c ****   {
 802              		.loc 1 522 3 is_stmt 1 view .LVU267
 522:Drivers/STM32F1xx_HAL_Driver/Src/stm32f1xx_hal_dma.c ****   {
 803              		.loc 1 522 5 is_stmt 0 view .LVU268
 804 002c D9B9     		cbnz	r1, .L60
 525:Drivers/STM32F1xx_HAL_Driver/Src/stm32f1xx_hal_dma.c ****   }
 805              		.loc 1 525 5 is_stmt 1 view .LVU269
 525:Drivers/STM32F1xx_HAL_Driver/Src/stm32f1xx_hal_dma.c ****   }
 806              		.loc 1 525 12 is_stmt 0 view .LVU270
 807 002e 7C4A     		ldr	r2, .L112
 808 0030 9342     		cmp	r3, r2
 809 0032 30D0     		beq	.L72
 525:Drivers/STM32F1xx_HAL_Driver/Src/stm32f1xx_hal_dma.c ****   }
 810              		.loc 1 525 12 discriminator 1 view .LVU271
 811 0034 1432     		adds	r2, r2, #20
 812 0036 9342     		cmp	r3, r2
 813 0038 32D0     		beq	.L73
 525:Drivers/STM32F1xx_HAL_Driver/Src/stm32f1xx_hal_dma.c ****   }
 814              		.loc 1 525 12 discriminator 2 view .LVU272
ARM GAS  /tmp/cctQZOHH.s 			page 35


 815 003a 1432     		adds	r2, r2, #20
 816 003c 9342     		cmp	r3, r2
 817 003e 31D0     		beq	.L74
 525:Drivers/STM32F1xx_HAL_Driver/Src/stm32f1xx_hal_dma.c ****   }
 818              		.loc 1 525 12 discriminator 3 view .LVU273
 819 0040 1432     		adds	r2, r2, #20
 820 0042 9342     		cmp	r3, r2
 821 0044 31D0     		beq	.L75
 525:Drivers/STM32F1xx_HAL_Driver/Src/stm32f1xx_hal_dma.c ****   }
 822              		.loc 1 525 12 discriminator 4 view .LVU274
 823 0046 1432     		adds	r2, r2, #20
 824 0048 9342     		cmp	r3, r2
 825 004a 31D0     		beq	.L76
 525:Drivers/STM32F1xx_HAL_Driver/Src/stm32f1xx_hal_dma.c ****   }
 826              		.loc 1 525 12 discriminator 5 view .LVU275
 827 004c 1432     		adds	r2, r2, #20
 828 004e 9342     		cmp	r3, r2
 829 0050 06D0     		beq	.L104
 525:Drivers/STM32F1xx_HAL_Driver/Src/stm32f1xx_hal_dma.c ****   }
 830              		.loc 1 525 10 discriminator 7 view .LVU276
 831 0052 4FF00076 		mov	r6, #33554432
 832 0056 1FE0     		b	.L61
 833              	.L103:
 517:Drivers/STM32F1xx_HAL_Driver/Src/stm32f1xx_hal_dma.c ****     return HAL_ERROR;
 834              		.loc 1 517 5 is_stmt 1 view .LVU277
 517:Drivers/STM32F1xx_HAL_Driver/Src/stm32f1xx_hal_dma.c ****     return HAL_ERROR;
 835              		.loc 1 517 21 is_stmt 0 view .LVU278
 836 0058 4FF48073 		mov	r3, #256
 837 005c 8363     		str	r3, [r0, #56]
 518:Drivers/STM32F1xx_HAL_Driver/Src/stm32f1xx_hal_dma.c ****   }
 838              		.loc 1 518 5 is_stmt 1 view .LVU279
 518:Drivers/STM32F1xx_HAL_Driver/Src/stm32f1xx_hal_dma.c ****   }
 839              		.loc 1 518 12 is_stmt 0 view .LVU280
 840 005e DBE7     		b	.L59
 841              	.L104:
 525:Drivers/STM32F1xx_HAL_Driver/Src/stm32f1xx_hal_dma.c ****   }
 842              		.loc 1 525 10 discriminator 6 view .LVU281
 843 0060 4FF40016 		mov	r6, #2097152
 844 0064 18E0     		b	.L61
 845              	.L60:
 530:Drivers/STM32F1xx_HAL_Driver/Src/stm32f1xx_hal_dma.c ****   }
 846              		.loc 1 530 5 is_stmt 1 view .LVU282
 530:Drivers/STM32F1xx_HAL_Driver/Src/stm32f1xx_hal_dma.c ****   }
 847              		.loc 1 530 12 is_stmt 0 view .LVU283
 848 0066 6E4A     		ldr	r2, .L112
 849 0068 9342     		cmp	r3, r2
 850 006a 24D0     		beq	.L78
 530:Drivers/STM32F1xx_HAL_Driver/Src/stm32f1xx_hal_dma.c ****   }
 851              		.loc 1 530 12 discriminator 1 view .LVU284
 852 006c 1432     		adds	r2, r2, #20
 853 006e 9342     		cmp	r3, r2
 854 0070 23D0     		beq	.L79
 530:Drivers/STM32F1xx_HAL_Driver/Src/stm32f1xx_hal_dma.c ****   }
 855              		.loc 1 530 12 discriminator 2 view .LVU285
 856 0072 1432     		adds	r2, r2, #20
 857 0074 9342     		cmp	r3, r2
 858 0076 22D0     		beq	.L80
ARM GAS  /tmp/cctQZOHH.s 			page 36


 530:Drivers/STM32F1xx_HAL_Driver/Src/stm32f1xx_hal_dma.c ****   }
 859              		.loc 1 530 12 discriminator 3 view .LVU286
 860 0078 1432     		adds	r2, r2, #20
 861 007a 9342     		cmp	r3, r2
 862 007c 22D0     		beq	.L81
 530:Drivers/STM32F1xx_HAL_Driver/Src/stm32f1xx_hal_dma.c ****   }
 863              		.loc 1 530 12 discriminator 4 view .LVU287
 864 007e 1432     		adds	r2, r2, #20
 865 0080 9342     		cmp	r3, r2
 866 0082 22D0     		beq	.L82
 530:Drivers/STM32F1xx_HAL_Driver/Src/stm32f1xx_hal_dma.c ****   }
 867              		.loc 1 530 12 discriminator 5 view .LVU288
 868 0084 1432     		adds	r2, r2, #20
 869 0086 9342     		cmp	r3, r2
 870 0088 02D0     		beq	.L105
 530:Drivers/STM32F1xx_HAL_Driver/Src/stm32f1xx_hal_dma.c ****   }
 871              		.loc 1 530 10 discriminator 7 view .LVU289
 872 008a 4FF08066 		mov	r6, #67108864
 873 008e 03E0     		b	.L61
 874              	.L105:
 530:Drivers/STM32F1xx_HAL_Driver/Src/stm32f1xx_hal_dma.c ****   }
 875              		.loc 1 530 10 discriminator 6 view .LVU290
 876 0090 4FF48006 		mov	r6, #4194304
 877 0094 00E0     		b	.L61
 878              	.L72:
 525:Drivers/STM32F1xx_HAL_Driver/Src/stm32f1xx_hal_dma.c ****   }
 879              		.loc 1 525 10 discriminator 12 view .LVU291
 880 0096 0226     		movs	r6, #2
 881              	.L61:
 882              	.LVL48:
 534:Drivers/STM32F1xx_HAL_Driver/Src/stm32f1xx_hal_dma.c **** 
 883              		.loc 1 534 3 is_stmt 1 view .LVU292
 534:Drivers/STM32F1xx_HAL_Driver/Src/stm32f1xx_hal_dma.c **** 
 884              		.loc 1 534 15 is_stmt 0 view .LVU293
 885 0098 FFF7FEFF 		bl	HAL_GetTick
 886              	.LVL49:
 534:Drivers/STM32F1xx_HAL_Driver/Src/stm32f1xx_hal_dma.c **** 
 887              		.loc 1 534 15 view .LVU294
 888 009c 8046     		mov	r8, r0
 889              	.LVL50:
 536:Drivers/STM32F1xx_HAL_Driver/Src/stm32f1xx_hal_dma.c ****   {
 890              		.loc 1 536 3 is_stmt 1 view .LVU295
 536:Drivers/STM32F1xx_HAL_Driver/Src/stm32f1xx_hal_dma.c ****   {
 891              		.loc 1 536 8 is_stmt 0 view .LVU296
 892 009e 20E0     		b	.L65
 893              	.LVL51:
 894              	.L73:
 525:Drivers/STM32F1xx_HAL_Driver/Src/stm32f1xx_hal_dma.c ****   }
 895              		.loc 1 525 10 discriminator 11 view .LVU297
 896 00a0 2026     		movs	r6, #32
 897 00a2 F9E7     		b	.L61
 898              	.L74:
 525:Drivers/STM32F1xx_HAL_Driver/Src/stm32f1xx_hal_dma.c ****   }
 899              		.loc 1 525 10 discriminator 10 view .LVU298
 900 00a4 4FF40076 		mov	r6, #512
 901 00a8 F6E7     		b	.L61
 902              	.L75:
ARM GAS  /tmp/cctQZOHH.s 			page 37


 525:Drivers/STM32F1xx_HAL_Driver/Src/stm32f1xx_hal_dma.c ****   }
 903              		.loc 1 525 10 discriminator 9 view .LVU299
 904 00aa 4FF40056 		mov	r6, #8192
 905 00ae F3E7     		b	.L61
 906              	.L76:
 525:Drivers/STM32F1xx_HAL_Driver/Src/stm32f1xx_hal_dma.c ****   }
 907              		.loc 1 525 10 discriminator 8 view .LVU300
 908 00b0 4FF40036 		mov	r6, #131072
 909 00b4 F0E7     		b	.L61
 910              	.L78:
 530:Drivers/STM32F1xx_HAL_Driver/Src/stm32f1xx_hal_dma.c ****   }
 911              		.loc 1 530 10 discriminator 12 view .LVU301
 912 00b6 0426     		movs	r6, #4
 913 00b8 EEE7     		b	.L61
 914              	.L79:
 530:Drivers/STM32F1xx_HAL_Driver/Src/stm32f1xx_hal_dma.c ****   }
 915              		.loc 1 530 10 discriminator 11 view .LVU302
 916 00ba 4026     		movs	r6, #64
 917 00bc ECE7     		b	.L61
 918              	.L80:
 530:Drivers/STM32F1xx_HAL_Driver/Src/stm32f1xx_hal_dma.c ****   }
 919              		.loc 1 530 10 discriminator 10 view .LVU303
 920 00be 4FF48066 		mov	r6, #1024
 921 00c2 E9E7     		b	.L61
 922              	.L81:
 530:Drivers/STM32F1xx_HAL_Driver/Src/stm32f1xx_hal_dma.c ****   }
 923              		.loc 1 530 10 discriminator 9 view .LVU304
 924 00c4 4FF48046 		mov	r6, #16384
 925 00c8 E6E7     		b	.L61
 926              	.L82:
 530:Drivers/STM32F1xx_HAL_Driver/Src/stm32f1xx_hal_dma.c ****   }
 927              		.loc 1 530 10 discriminator 8 view .LVU305
 928 00ca 4FF48026 		mov	r6, #262144
 929 00ce E3E7     		b	.L61
 930              	.LVL52:
 931              	.L109:
 538:Drivers/STM32F1xx_HAL_Driver/Src/stm32f1xx_hal_dma.c ****     {
 932              		.loc 1 538 9 discriminator 6 view .LVU306
 933 00d0 4FF40003 		mov	r3, #8388608
 934 00d4 00E0     		b	.L63
 935              	.L84:
 538:Drivers/STM32F1xx_HAL_Driver/Src/stm32f1xx_hal_dma.c ****     {
 936              		.loc 1 538 9 discriminator 12 view .LVU307
 937 00d6 0823     		movs	r3, #8
 938              	.L63:
 538:Drivers/STM32F1xx_HAL_Driver/Src/stm32f1xx_hal_dma.c ****     {
 939              		.loc 1 538 7 discriminator 13 view .LVU308
 940 00d8 1A42     		tst	r2, r3
 941 00da 29D1     		bne	.L106
 557:Drivers/STM32F1xx_HAL_Driver/Src/stm32f1xx_hal_dma.c ****     {
 942              		.loc 1 557 5 is_stmt 1 view .LVU309
 557:Drivers/STM32F1xx_HAL_Driver/Src/stm32f1xx_hal_dma.c ****     {
 943              		.loc 1 557 7 is_stmt 0 view .LVU310
 944 00dc B5F1FF3F 		cmp	r5, #-1
 945 00e0 35D1     		bne	.L107
 946              	.L65:
 536:Drivers/STM32F1xx_HAL_Driver/Src/stm32f1xx_hal_dma.c ****   {
ARM GAS  /tmp/cctQZOHH.s 			page 38


 947              		.loc 1 536 40 is_stmt 1 discriminator 1 view .LVU311
 536:Drivers/STM32F1xx_HAL_Driver/Src/stm32f1xx_hal_dma.c ****   {
 948              		.loc 1 536 9 is_stmt 0 discriminator 1 view .LVU312
 949 00e2 504B     		ldr	r3, .L112+4
 950 00e4 1B68     		ldr	r3, [r3]
 536:Drivers/STM32F1xx_HAL_Driver/Src/stm32f1xx_hal_dma.c ****   {
 951              		.loc 1 536 40 discriminator 1 view .LVU313
 952 00e6 3342     		tst	r3, r6
 953 00e8 43D1     		bne	.L108
 538:Drivers/STM32F1xx_HAL_Driver/Src/stm32f1xx_hal_dma.c ****     {
 954              		.loc 1 538 5 is_stmt 1 view .LVU314
 538:Drivers/STM32F1xx_HAL_Driver/Src/stm32f1xx_hal_dma.c ****     {
 955              		.loc 1 538 9 is_stmt 0 view .LVU315
 956 00ea 4E4B     		ldr	r3, .L112+4
 957 00ec 1A68     		ldr	r2, [r3]
 958 00ee 2368     		ldr	r3, [r4]
 959 00f0 4B49     		ldr	r1, .L112
 960 00f2 8B42     		cmp	r3, r1
 961 00f4 EFD0     		beq	.L84
 538:Drivers/STM32F1xx_HAL_Driver/Src/stm32f1xx_hal_dma.c ****     {
 962              		.loc 1 538 9 discriminator 1 view .LVU316
 963 00f6 1431     		adds	r1, r1, #20
 964 00f8 8B42     		cmp	r3, r1
 965 00fa 0ED0     		beq	.L85
 538:Drivers/STM32F1xx_HAL_Driver/Src/stm32f1xx_hal_dma.c ****     {
 966              		.loc 1 538 9 discriminator 2 view .LVU317
 967 00fc 1431     		adds	r1, r1, #20
 968 00fe 8B42     		cmp	r3, r1
 969 0100 0DD0     		beq	.L86
 538:Drivers/STM32F1xx_HAL_Driver/Src/stm32f1xx_hal_dma.c ****     {
 970              		.loc 1 538 9 discriminator 3 view .LVU318
 971 0102 1431     		adds	r1, r1, #20
 972 0104 8B42     		cmp	r3, r1
 973 0106 0DD0     		beq	.L87
 538:Drivers/STM32F1xx_HAL_Driver/Src/stm32f1xx_hal_dma.c ****     {
 974              		.loc 1 538 9 discriminator 4 view .LVU319
 975 0108 1431     		adds	r1, r1, #20
 976 010a 8B42     		cmp	r3, r1
 977 010c 0DD0     		beq	.L88
 538:Drivers/STM32F1xx_HAL_Driver/Src/stm32f1xx_hal_dma.c ****     {
 978              		.loc 1 538 9 discriminator 5 view .LVU320
 979 010e 1431     		adds	r1, r1, #20
 980 0110 8B42     		cmp	r3, r1
 981 0112 DDD0     		beq	.L109
 538:Drivers/STM32F1xx_HAL_Driver/Src/stm32f1xx_hal_dma.c ****     {
 982              		.loc 1 538 9 discriminator 7 view .LVU321
 983 0114 4FF00063 		mov	r3, #134217728
 984 0118 DEE7     		b	.L63
 985              	.L85:
 538:Drivers/STM32F1xx_HAL_Driver/Src/stm32f1xx_hal_dma.c ****     {
 986              		.loc 1 538 9 discriminator 11 view .LVU322
 987 011a 8023     		movs	r3, #128
 988 011c DCE7     		b	.L63
 989              	.L86:
 538:Drivers/STM32F1xx_HAL_Driver/Src/stm32f1xx_hal_dma.c ****     {
 990              		.loc 1 538 9 discriminator 10 view .LVU323
 991 011e 4FF40063 		mov	r3, #2048
ARM GAS  /tmp/cctQZOHH.s 			page 39


 992 0122 D9E7     		b	.L63
 993              	.L87:
 538:Drivers/STM32F1xx_HAL_Driver/Src/stm32f1xx_hal_dma.c ****     {
 994              		.loc 1 538 9 discriminator 9 view .LVU324
 995 0124 4FF40043 		mov	r3, #32768
 996 0128 D6E7     		b	.L63
 997              	.L88:
 538:Drivers/STM32F1xx_HAL_Driver/Src/stm32f1xx_hal_dma.c ****     {
 998              		.loc 1 538 9 discriminator 8 view .LVU325
 999 012a 4FF40023 		mov	r3, #524288
 1000 012e D3E7     		b	.L63
 1001              	.L106:
 543:Drivers/STM32F1xx_HAL_Driver/Src/stm32f1xx_hal_dma.c **** 
 1002              		.loc 1 543 7 is_stmt 1 view .LVU326
 543:Drivers/STM32F1xx_HAL_Driver/Src/stm32f1xx_hal_dma.c **** 
 1003              		.loc 1 543 57 is_stmt 0 view .LVU327
 1004 0130 236C     		ldr	r3, [r4, #64]
 543:Drivers/STM32F1xx_HAL_Driver/Src/stm32f1xx_hal_dma.c **** 
 1005              		.loc 1 543 11 view .LVU328
 1006 0132 E16B     		ldr	r1, [r4, #60]
 543:Drivers/STM32F1xx_HAL_Driver/Src/stm32f1xx_hal_dma.c **** 
 1007              		.loc 1 543 50 view .LVU329
 1008 0134 0122     		movs	r2, #1
 1009 0136 02FA03F3 		lsl	r3, r2, r3
 543:Drivers/STM32F1xx_HAL_Driver/Src/stm32f1xx_hal_dma.c **** 
 1010              		.loc 1 543 34 view .LVU330
 1011 013a 4B60     		str	r3, [r1, #4]
 546:Drivers/STM32F1xx_HAL_Driver/Src/stm32f1xx_hal_dma.c **** 
 1012              		.loc 1 546 7 is_stmt 1 view .LVU331
 1013 013c A36B     		ldr	r3, [r4, #56]
 1014 013e 1343     		orrs	r3, r3, r2
 1015 0140 A363     		str	r3, [r4, #56]
 549:Drivers/STM32F1xx_HAL_Driver/Src/stm32f1xx_hal_dma.c **** 
 1016              		.loc 1 549 7 view .LVU332
 549:Drivers/STM32F1xx_HAL_Driver/Src/stm32f1xx_hal_dma.c **** 
 1017              		.loc 1 549 18 is_stmt 0 view .LVU333
 1018 0142 84F82120 		strb	r2, [r4, #33]
 552:Drivers/STM32F1xx_HAL_Driver/Src/stm32f1xx_hal_dma.c **** 
 1019              		.loc 1 552 7 is_stmt 1 view .LVU334
 552:Drivers/STM32F1xx_HAL_Driver/Src/stm32f1xx_hal_dma.c **** 
 1020              		.loc 1 552 7 view .LVU335
 1021 0146 0023     		movs	r3, #0
 1022 0148 84F82030 		strb	r3, [r4, #32]
 552:Drivers/STM32F1xx_HAL_Driver/Src/stm32f1xx_hal_dma.c **** 
 1023              		.loc 1 552 7 view .LVU336
 554:Drivers/STM32F1xx_HAL_Driver/Src/stm32f1xx_hal_dma.c ****     }
 1024              		.loc 1 554 7 view .LVU337
 554:Drivers/STM32F1xx_HAL_Driver/Src/stm32f1xx_hal_dma.c ****     }
 1025              		.loc 1 554 14 is_stmt 0 view .LVU338
 1026 014c 64E7     		b	.L59
 1027              	.L107:
 559:Drivers/STM32F1xx_HAL_Driver/Src/stm32f1xx_hal_dma.c ****       {
 1028              		.loc 1 559 7 is_stmt 1 view .LVU339
 559:Drivers/STM32F1xx_HAL_Driver/Src/stm32f1xx_hal_dma.c ****       {
 1029              		.loc 1 559 9 is_stmt 0 view .LVU340
 1030 014e 2DB1     		cbz	r5, .L66
 559:Drivers/STM32F1xx_HAL_Driver/Src/stm32f1xx_hal_dma.c ****       {
ARM GAS  /tmp/cctQZOHH.s 			page 40


 1031              		.loc 1 559 31 discriminator 1 view .LVU341
 1032 0150 FFF7FEFF 		bl	HAL_GetTick
 1033              	.LVL53:
 559:Drivers/STM32F1xx_HAL_Driver/Src/stm32f1xx_hal_dma.c ****       {
 1034              		.loc 1 559 45 discriminator 2 view .LVU342
 1035 0154 4346     		mov	r3, r8
 1036 0156 C01A     		subs	r0, r0, r3
 559:Drivers/STM32F1xx_HAL_Driver/Src/stm32f1xx_hal_dma.c ****       {
 1037              		.loc 1 559 26 discriminator 2 view .LVU343
 1038 0158 A842     		cmp	r0, r5
 1039 015a C2D9     		bls	.L65
 1040              	.L66:
 562:Drivers/STM32F1xx_HAL_Driver/Src/stm32f1xx_hal_dma.c **** 
 1041              		.loc 1 562 9 is_stmt 1 view .LVU344
 1042 015c A36B     		ldr	r3, [r4, #56]
 1043 015e 43F02003 		orr	r3, r3, #32
 1044 0162 A363     		str	r3, [r4, #56]
 565:Drivers/STM32F1xx_HAL_Driver/Src/stm32f1xx_hal_dma.c **** 
 1045              		.loc 1 565 9 view .LVU345
 565:Drivers/STM32F1xx_HAL_Driver/Src/stm32f1xx_hal_dma.c **** 
 1046              		.loc 1 565 21 is_stmt 0 view .LVU346
 1047 0164 0123     		movs	r3, #1
 1048 0166 84F82130 		strb	r3, [r4, #33]
 568:Drivers/STM32F1xx_HAL_Driver/Src/stm32f1xx_hal_dma.c **** 
 1049              		.loc 1 568 9 is_stmt 1 view .LVU347
 568:Drivers/STM32F1xx_HAL_Driver/Src/stm32f1xx_hal_dma.c **** 
 1050              		.loc 1 568 9 view .LVU348
 1051 016a 0023     		movs	r3, #0
 1052 016c 84F82030 		strb	r3, [r4, #32]
 568:Drivers/STM32F1xx_HAL_Driver/Src/stm32f1xx_hal_dma.c **** 
 1053              		.loc 1 568 9 view .LVU349
 570:Drivers/STM32F1xx_HAL_Driver/Src/stm32f1xx_hal_dma.c ****       }
 1054              		.loc 1 570 9 view .LVU350
 570:Drivers/STM32F1xx_HAL_Driver/Src/stm32f1xx_hal_dma.c ****       }
 1055              		.loc 1 570 16 is_stmt 0 view .LVU351
 1056 0170 52E7     		b	.L59
 1057              	.L108:
 575:Drivers/STM32F1xx_HAL_Driver/Src/stm32f1xx_hal_dma.c ****   {
 1058              		.loc 1 575 3 is_stmt 1 view .LVU352
 575:Drivers/STM32F1xx_HAL_Driver/Src/stm32f1xx_hal_dma.c ****   {
 1059              		.loc 1 575 5 is_stmt 0 view .LVU353
 1060 0172 6FBB     		cbnz	r7, .L68
 578:Drivers/STM32F1xx_HAL_Driver/Src/stm32f1xx_hal_dma.c **** 
 1061              		.loc 1 578 5 is_stmt 1 view .LVU354
 1062 0174 2368     		ldr	r3, [r4]
 1063 0176 2A4A     		ldr	r2, .L112
 1064 0178 9342     		cmp	r3, r2
 1065 017a 14D0     		beq	.L90
 578:Drivers/STM32F1xx_HAL_Driver/Src/stm32f1xx_hal_dma.c **** 
 1066              		.loc 1 578 5 is_stmt 0 discriminator 1 view .LVU355
 1067 017c 1432     		adds	r2, r2, #20
 1068 017e 9342     		cmp	r3, r2
 1069 0180 1BD0     		beq	.L91
 578:Drivers/STM32F1xx_HAL_Driver/Src/stm32f1xx_hal_dma.c **** 
 1070              		.loc 1 578 5 discriminator 2 view .LVU356
 1071 0182 1432     		adds	r2, r2, #20
 1072 0184 9342     		cmp	r3, r2
ARM GAS  /tmp/cctQZOHH.s 			page 41


 1073 0186 1AD0     		beq	.L92
 578:Drivers/STM32F1xx_HAL_Driver/Src/stm32f1xx_hal_dma.c **** 
 1074              		.loc 1 578 5 discriminator 3 view .LVU357
 1075 0188 1432     		adds	r2, r2, #20
 1076 018a 9342     		cmp	r3, r2
 1077 018c 1AD0     		beq	.L93
 578:Drivers/STM32F1xx_HAL_Driver/Src/stm32f1xx_hal_dma.c **** 
 1078              		.loc 1 578 5 discriminator 4 view .LVU358
 1079 018e 1432     		adds	r2, r2, #20
 1080 0190 9342     		cmp	r3, r2
 1081 0192 1AD0     		beq	.L94
 578:Drivers/STM32F1xx_HAL_Driver/Src/stm32f1xx_hal_dma.c **** 
 1082              		.loc 1 578 5 discriminator 5 view .LVU359
 1083 0194 1432     		adds	r2, r2, #20
 1084 0196 9342     		cmp	r3, r2
 1085 0198 02D0     		beq	.L110
 578:Drivers/STM32F1xx_HAL_Driver/Src/stm32f1xx_hal_dma.c **** 
 1086              		.loc 1 578 5 discriminator 7 view .LVU360
 1087 019a 4FF00072 		mov	r2, #33554432
 1088 019e 03E0     		b	.L69
 1089              	.L110:
 578:Drivers/STM32F1xx_HAL_Driver/Src/stm32f1xx_hal_dma.c **** 
 1090              		.loc 1 578 5 discriminator 6 view .LVU361
 1091 01a0 4FF40012 		mov	r2, #2097152
 1092 01a4 00E0     		b	.L69
 1093              	.L90:
 578:Drivers/STM32F1xx_HAL_Driver/Src/stm32f1xx_hal_dma.c **** 
 1094              		.loc 1 578 5 discriminator 12 view .LVU362
 1095 01a6 0222     		movs	r2, #2
 1096              	.L69:
 578:Drivers/STM32F1xx_HAL_Driver/Src/stm32f1xx_hal_dma.c **** 
 1097              		.loc 1 578 5 discriminator 13 view .LVU363
 1098 01a8 1E4B     		ldr	r3, .L112+4
 1099 01aa 5A60     		str	r2, [r3, #4]
 582:Drivers/STM32F1xx_HAL_Driver/Src/stm32f1xx_hal_dma.c ****   }
 1100              		.loc 1 582 5 is_stmt 1 view .LVU364
 582:Drivers/STM32F1xx_HAL_Driver/Src/stm32f1xx_hal_dma.c ****   }
 1101              		.loc 1 582 17 is_stmt 0 view .LVU365
 1102 01ac 0123     		movs	r3, #1
 1103 01ae 84F82130 		strb	r3, [r4, #33]
 1104              	.L70:
 591:Drivers/STM32F1xx_HAL_Driver/Src/stm32f1xx_hal_dma.c **** 
 1105              		.loc 1 591 3 is_stmt 1 view .LVU366
 591:Drivers/STM32F1xx_HAL_Driver/Src/stm32f1xx_hal_dma.c **** 
 1106              		.loc 1 591 3 view .LVU367
 1107 01b2 0020     		movs	r0, #0
 1108 01b4 84F82000 		strb	r0, [r4, #32]
 591:Drivers/STM32F1xx_HAL_Driver/Src/stm32f1xx_hal_dma.c **** 
 1109              		.loc 1 591 3 view .LVU368
 593:Drivers/STM32F1xx_HAL_Driver/Src/stm32f1xx_hal_dma.c **** }
 1110              		.loc 1 593 3 view .LVU369
 593:Drivers/STM32F1xx_HAL_Driver/Src/stm32f1xx_hal_dma.c **** }
 1111              		.loc 1 593 10 is_stmt 0 view .LVU370
 1112 01b8 2FE7     		b	.L57
 1113              	.L91:
 578:Drivers/STM32F1xx_HAL_Driver/Src/stm32f1xx_hal_dma.c **** 
 1114              		.loc 1 578 5 discriminator 11 view .LVU371
ARM GAS  /tmp/cctQZOHH.s 			page 42


 1115 01ba 2022     		movs	r2, #32
 1116 01bc F4E7     		b	.L69
 1117              	.L92:
 578:Drivers/STM32F1xx_HAL_Driver/Src/stm32f1xx_hal_dma.c **** 
 1118              		.loc 1 578 5 discriminator 10 view .LVU372
 1119 01be 4FF40072 		mov	r2, #512
 1120 01c2 F1E7     		b	.L69
 1121              	.L93:
 578:Drivers/STM32F1xx_HAL_Driver/Src/stm32f1xx_hal_dma.c **** 
 1122              		.loc 1 578 5 discriminator 9 view .LVU373
 1123 01c4 4FF40052 		mov	r2, #8192
 1124 01c8 EEE7     		b	.L69
 1125              	.L94:
 578:Drivers/STM32F1xx_HAL_Driver/Src/stm32f1xx_hal_dma.c **** 
 1126              		.loc 1 578 5 discriminator 8 view .LVU374
 1127 01ca 4FF40032 		mov	r2, #131072
 1128 01ce EBE7     		b	.L69
 1129              	.L68:
 587:Drivers/STM32F1xx_HAL_Driver/Src/stm32f1xx_hal_dma.c ****   }
 1130              		.loc 1 587 5 is_stmt 1 view .LVU375
 1131 01d0 2368     		ldr	r3, [r4]
 1132 01d2 134A     		ldr	r2, .L112
 1133 01d4 9342     		cmp	r3, r2
 1134 01d6 14D0     		beq	.L96
 587:Drivers/STM32F1xx_HAL_Driver/Src/stm32f1xx_hal_dma.c ****   }
 1135              		.loc 1 587 5 is_stmt 0 discriminator 1 view .LVU376
 1136 01d8 1432     		adds	r2, r2, #20
 1137 01da 9342     		cmp	r3, r2
 1138 01dc 15D0     		beq	.L97
 587:Drivers/STM32F1xx_HAL_Driver/Src/stm32f1xx_hal_dma.c ****   }
 1139              		.loc 1 587 5 discriminator 2 view .LVU377
 1140 01de 1432     		adds	r2, r2, #20
 1141 01e0 9342     		cmp	r3, r2
 1142 01e2 14D0     		beq	.L98
 587:Drivers/STM32F1xx_HAL_Driver/Src/stm32f1xx_hal_dma.c ****   }
 1143              		.loc 1 587 5 discriminator 3 view .LVU378
 1144 01e4 1432     		adds	r2, r2, #20
 1145 01e6 9342     		cmp	r3, r2
 1146 01e8 14D0     		beq	.L99
 587:Drivers/STM32F1xx_HAL_Driver/Src/stm32f1xx_hal_dma.c ****   }
 1147              		.loc 1 587 5 discriminator 4 view .LVU379
 1148 01ea 1432     		adds	r2, r2, #20
 1149 01ec 9342     		cmp	r3, r2
 1150 01ee 14D0     		beq	.L100
 587:Drivers/STM32F1xx_HAL_Driver/Src/stm32f1xx_hal_dma.c ****   }
 1151              		.loc 1 587 5 discriminator 5 view .LVU380
 1152 01f0 1432     		adds	r2, r2, #20
 1153 01f2 9342     		cmp	r3, r2
 1154 01f4 02D0     		beq	.L111
 587:Drivers/STM32F1xx_HAL_Driver/Src/stm32f1xx_hal_dma.c ****   }
 1155              		.loc 1 587 5 discriminator 7 view .LVU381
 1156 01f6 4FF08062 		mov	r2, #67108864
 1157 01fa 03E0     		b	.L71
 1158              	.L111:
 587:Drivers/STM32F1xx_HAL_Driver/Src/stm32f1xx_hal_dma.c ****   }
 1159              		.loc 1 587 5 discriminator 6 view .LVU382
 1160 01fc 4FF48002 		mov	r2, #4194304
ARM GAS  /tmp/cctQZOHH.s 			page 43


 1161 0200 00E0     		b	.L71
 1162              	.L96:
 587:Drivers/STM32F1xx_HAL_Driver/Src/stm32f1xx_hal_dma.c ****   }
 1163              		.loc 1 587 5 discriminator 12 view .LVU383
 1164 0202 0422     		movs	r2, #4
 1165              	.L71:
 587:Drivers/STM32F1xx_HAL_Driver/Src/stm32f1xx_hal_dma.c ****   }
 1166              		.loc 1 587 5 discriminator 13 view .LVU384
 1167 0204 074B     		ldr	r3, .L112+4
 1168 0206 5A60     		str	r2, [r3, #4]
 1169 0208 D3E7     		b	.L70
 1170              	.L97:
 587:Drivers/STM32F1xx_HAL_Driver/Src/stm32f1xx_hal_dma.c ****   }
 1171              		.loc 1 587 5 discriminator 11 view .LVU385
 1172 020a 4022     		movs	r2, #64
 1173 020c FAE7     		b	.L71
 1174              	.L98:
 587:Drivers/STM32F1xx_HAL_Driver/Src/stm32f1xx_hal_dma.c ****   }
 1175              		.loc 1 587 5 discriminator 10 view .LVU386
 1176 020e 4FF48062 		mov	r2, #1024
 1177 0212 F7E7     		b	.L71
 1178              	.L99:
 587:Drivers/STM32F1xx_HAL_Driver/Src/stm32f1xx_hal_dma.c ****   }
 1179              		.loc 1 587 5 discriminator 9 view .LVU387
 1180 0214 4FF48042 		mov	r2, #16384
 1181 0218 F4E7     		b	.L71
 1182              	.L100:
 587:Drivers/STM32F1xx_HAL_Driver/Src/stm32f1xx_hal_dma.c ****   }
 1183              		.loc 1 587 5 discriminator 8 view .LVU388
 1184 021a 4FF48022 		mov	r2, #262144
 1185 021e F1E7     		b	.L71
 1186              	.L113:
 1187              		.align	2
 1188              	.L112:
 1189 0220 08000240 		.word	1073872904
 1190 0224 00000240 		.word	1073872896
 1191              		.cfi_endproc
 1192              	.LFE71:
 1194              		.section	.text.HAL_DMA_IRQHandler,"ax",%progbits
 1195              		.align	1
 1196              		.global	HAL_DMA_IRQHandler
 1197              		.syntax unified
 1198              		.thumb
 1199              		.thumb_func
 1201              	HAL_DMA_IRQHandler:
 1202              	.LVL54:
 1203              	.LFB72:
 603:Drivers/STM32F1xx_HAL_Driver/Src/stm32f1xx_hal_dma.c ****   uint32_t flag_it = hdma->DmaBaseAddress->ISR;
 1204              		.loc 1 603 1 is_stmt 1 view -0
 1205              		.cfi_startproc
 1206              		@ args = 0, pretend = 0, frame = 0
 1207              		@ frame_needed = 0, uses_anonymous_args = 0
 603:Drivers/STM32F1xx_HAL_Driver/Src/stm32f1xx_hal_dma.c ****   uint32_t flag_it = hdma->DmaBaseAddress->ISR;
 1208              		.loc 1 603 1 is_stmt 0 view .LVU390
 1209 0000 08B5     		push	{r3, lr}
 1210              	.LCFI7:
 1211              		.cfi_def_cfa_offset 8
ARM GAS  /tmp/cctQZOHH.s 			page 44


 1212              		.cfi_offset 3, -8
 1213              		.cfi_offset 14, -4
 604:Drivers/STM32F1xx_HAL_Driver/Src/stm32f1xx_hal_dma.c ****   uint32_t source_it = hdma->Instance->CCR;
 1214              		.loc 1 604 3 is_stmt 1 view .LVU391
 604:Drivers/STM32F1xx_HAL_Driver/Src/stm32f1xx_hal_dma.c ****   uint32_t source_it = hdma->Instance->CCR;
 1215              		.loc 1 604 26 is_stmt 0 view .LVU392
 1216 0002 C36B     		ldr	r3, [r0, #60]
 604:Drivers/STM32F1xx_HAL_Driver/Src/stm32f1xx_hal_dma.c ****   uint32_t source_it = hdma->Instance->CCR;
 1217              		.loc 1 604 12 view .LVU393
 1218 0004 1A68     		ldr	r2, [r3]
 1219              	.LVL55:
 605:Drivers/STM32F1xx_HAL_Driver/Src/stm32f1xx_hal_dma.c ****   
 1220              		.loc 1 605 3 is_stmt 1 view .LVU394
 605:Drivers/STM32F1xx_HAL_Driver/Src/stm32f1xx_hal_dma.c ****   
 1221              		.loc 1 605 28 is_stmt 0 view .LVU395
 1222 0006 D0F800C0 		ldr	ip, [r0]
 605:Drivers/STM32F1xx_HAL_Driver/Src/stm32f1xx_hal_dma.c ****   
 1223              		.loc 1 605 12 view .LVU396
 1224 000a DCF800E0 		ldr	lr, [ip]
 1225              	.LVL56:
 608:Drivers/STM32F1xx_HAL_Driver/Src/stm32f1xx_hal_dma.c ****   {
 1226              		.loc 1 608 3 is_stmt 1 view .LVU397
 608:Drivers/STM32F1xx_HAL_Driver/Src/stm32f1xx_hal_dma.c ****   {
 1227              		.loc 1 608 40 is_stmt 0 view .LVU398
 1228 000e 016C     		ldr	r1, [r0, #64]
 608:Drivers/STM32F1xx_HAL_Driver/Src/stm32f1xx_hal_dma.c ****   {
 1229              		.loc 1 608 33 view .LVU399
 1230 0010 0423     		movs	r3, #4
 1231 0012 8B40     		lsls	r3, r3, r1
 608:Drivers/STM32F1xx_HAL_Driver/Src/stm32f1xx_hal_dma.c ****   {
 1232              		.loc 1 608 6 view .LVU400
 1233 0014 1342     		tst	r3, r2
 1234 0016 38D0     		beq	.L115
 608:Drivers/STM32F1xx_HAL_Driver/Src/stm32f1xx_hal_dma.c ****   {
 1235              		.loc 1 608 67 discriminator 1 view .LVU401
 1236 0018 1EF0040F 		tst	lr, #4
 1237 001c 35D0     		beq	.L115
 611:Drivers/STM32F1xx_HAL_Driver/Src/stm32f1xx_hal_dma.c ****     {
 1238              		.loc 1 611 5 is_stmt 1 view .LVU402
 611:Drivers/STM32F1xx_HAL_Driver/Src/stm32f1xx_hal_dma.c ****     {
 1239              		.loc 1 611 23 is_stmt 0 view .LVU403
 1240 001e DCF80030 		ldr	r3, [ip]
 611:Drivers/STM32F1xx_HAL_Driver/Src/stm32f1xx_hal_dma.c ****     {
 1241              		.loc 1 611 7 view .LVU404
 1242 0022 13F0200F 		tst	r3, #32
 1243 0026 05D1     		bne	.L116
 614:Drivers/STM32F1xx_HAL_Driver/Src/stm32f1xx_hal_dma.c ****     }
 1244              		.loc 1 614 7 is_stmt 1 view .LVU405
 1245 0028 DCF80030 		ldr	r3, [ip]
 1246 002c 23F00403 		bic	r3, r3, #4
 1247 0030 CCF80030 		str	r3, [ip]
 1248              	.L116:
 617:Drivers/STM32F1xx_HAL_Driver/Src/stm32f1xx_hal_dma.c **** 
 1249              		.loc 1 617 5 view .LVU406
 1250 0034 0368     		ldr	r3, [r0]
 1251 0036 464A     		ldr	r2, .L137
 1252              	.LVL57:
ARM GAS  /tmp/cctQZOHH.s 			page 45


 617:Drivers/STM32F1xx_HAL_Driver/Src/stm32f1xx_hal_dma.c **** 
 1253              		.loc 1 617 5 is_stmt 0 view .LVU407
 1254 0038 9342     		cmp	r3, r2
 1255 003a 14D0     		beq	.L122
 617:Drivers/STM32F1xx_HAL_Driver/Src/stm32f1xx_hal_dma.c **** 
 1256              		.loc 1 617 5 discriminator 1 view .LVU408
 1257 003c 1432     		adds	r2, r2, #20
 1258 003e 9342     		cmp	r3, r2
 1259 0040 18D0     		beq	.L123
 617:Drivers/STM32F1xx_HAL_Driver/Src/stm32f1xx_hal_dma.c **** 
 1260              		.loc 1 617 5 discriminator 2 view .LVU409
 1261 0042 1432     		adds	r2, r2, #20
 1262 0044 9342     		cmp	r3, r2
 1263 0046 17D0     		beq	.L124
 617:Drivers/STM32F1xx_HAL_Driver/Src/stm32f1xx_hal_dma.c **** 
 1264              		.loc 1 617 5 discriminator 3 view .LVU410
 1265 0048 1432     		adds	r2, r2, #20
 1266 004a 9342     		cmp	r3, r2
 1267 004c 17D0     		beq	.L125
 617:Drivers/STM32F1xx_HAL_Driver/Src/stm32f1xx_hal_dma.c **** 
 1268              		.loc 1 617 5 discriminator 4 view .LVU411
 1269 004e 1432     		adds	r2, r2, #20
 1270 0050 9342     		cmp	r3, r2
 1271 0052 17D0     		beq	.L126
 617:Drivers/STM32F1xx_HAL_Driver/Src/stm32f1xx_hal_dma.c **** 
 1272              		.loc 1 617 5 discriminator 5 view .LVU412
 1273 0054 1432     		adds	r2, r2, #20
 1274 0056 9342     		cmp	r3, r2
 1275 0058 02D0     		beq	.L135
 617:Drivers/STM32F1xx_HAL_Driver/Src/stm32f1xx_hal_dma.c **** 
 1276              		.loc 1 617 5 discriminator 7 view .LVU413
 1277 005a 4FF08062 		mov	r2, #67108864
 1278 005e 03E0     		b	.L117
 1279              	.L135:
 617:Drivers/STM32F1xx_HAL_Driver/Src/stm32f1xx_hal_dma.c **** 
 1280              		.loc 1 617 5 discriminator 6 view .LVU414
 1281 0060 4FF48002 		mov	r2, #4194304
 1282 0064 00E0     		b	.L117
 1283              	.L122:
 617:Drivers/STM32F1xx_HAL_Driver/Src/stm32f1xx_hal_dma.c **** 
 1284              		.loc 1 617 5 discriminator 12 view .LVU415
 1285 0066 0422     		movs	r2, #4
 1286              	.L117:
 617:Drivers/STM32F1xx_HAL_Driver/Src/stm32f1xx_hal_dma.c **** 
 1287              		.loc 1 617 5 discriminator 13 view .LVU416
 1288 0068 3A4B     		ldr	r3, .L137+4
 1289 006a 5A60     		str	r2, [r3, #4]
 622:Drivers/STM32F1xx_HAL_Driver/Src/stm32f1xx_hal_dma.c ****     {
 1290              		.loc 1 622 5 is_stmt 1 view .LVU417
 622:Drivers/STM32F1xx_HAL_Driver/Src/stm32f1xx_hal_dma.c ****     {
 1291              		.loc 1 622 12 is_stmt 0 view .LVU418
 1292 006c C36A     		ldr	r3, [r0, #44]
 622:Drivers/STM32F1xx_HAL_Driver/Src/stm32f1xx_hal_dma.c ****     {
 1293              		.loc 1 622 7 view .LVU419
 1294 006e 03B1     		cbz	r3, .L114
 625:Drivers/STM32F1xx_HAL_Driver/Src/stm32f1xx_hal_dma.c ****     }
 1295              		.loc 1 625 7 is_stmt 1 view .LVU420
ARM GAS  /tmp/cctQZOHH.s 			page 46


 1296 0070 9847     		blx	r3
 1297              	.LVL58:
 1298              	.L114:
 680:Drivers/STM32F1xx_HAL_Driver/Src/stm32f1xx_hal_dma.c **** 
 1299              		.loc 1 680 1 is_stmt 0 view .LVU421
 1300 0072 08BD     		pop	{r3, pc}
 1301              	.LVL59:
 1302              	.L123:
 617:Drivers/STM32F1xx_HAL_Driver/Src/stm32f1xx_hal_dma.c **** 
 1303              		.loc 1 617 5 discriminator 11 view .LVU422
 1304 0074 4022     		movs	r2, #64
 1305 0076 F7E7     		b	.L117
 1306              	.L124:
 617:Drivers/STM32F1xx_HAL_Driver/Src/stm32f1xx_hal_dma.c **** 
 1307              		.loc 1 617 5 discriminator 10 view .LVU423
 1308 0078 4FF48062 		mov	r2, #1024
 1309 007c F4E7     		b	.L117
 1310              	.L125:
 617:Drivers/STM32F1xx_HAL_Driver/Src/stm32f1xx_hal_dma.c **** 
 1311              		.loc 1 617 5 discriminator 9 view .LVU424
 1312 007e 4FF48042 		mov	r2, #16384
 1313 0082 F1E7     		b	.L117
 1314              	.L126:
 617:Drivers/STM32F1xx_HAL_Driver/Src/stm32f1xx_hal_dma.c **** 
 1315              		.loc 1 617 5 discriminator 8 view .LVU425
 1316 0084 4FF48022 		mov	r2, #262144
 1317 0088 EEE7     		b	.L117
 1318              	.LVL60:
 1319              	.L115:
 630:Drivers/STM32F1xx_HAL_Driver/Src/stm32f1xx_hal_dma.c ****   {
 1320              		.loc 1 630 8 is_stmt 1 view .LVU426
 630:Drivers/STM32F1xx_HAL_Driver/Src/stm32f1xx_hal_dma.c ****   {
 1321              		.loc 1 630 38 is_stmt 0 view .LVU427
 1322 008a 0223     		movs	r3, #2
 1323 008c 8B40     		lsls	r3, r3, r1
 630:Drivers/STM32F1xx_HAL_Driver/Src/stm32f1xx_hal_dma.c ****   {
 1324              		.loc 1 630 11 view .LVU428
 1325 008e 1342     		tst	r3, r2
 1326 0090 3FD0     		beq	.L119
 630:Drivers/STM32F1xx_HAL_Driver/Src/stm32f1xx_hal_dma.c ****   {
 1327              		.loc 1 630 72 discriminator 1 view .LVU429
 1328 0092 1EF0020F 		tst	lr, #2
 1329 0096 3CD0     		beq	.L119
 632:Drivers/STM32F1xx_HAL_Driver/Src/stm32f1xx_hal_dma.c ****     {
 1330              		.loc 1 632 5 is_stmt 1 view .LVU430
 632:Drivers/STM32F1xx_HAL_Driver/Src/stm32f1xx_hal_dma.c ****     {
 1331              		.loc 1 632 23 is_stmt 0 view .LVU431
 1332 0098 DCF80030 		ldr	r3, [ip]
 632:Drivers/STM32F1xx_HAL_Driver/Src/stm32f1xx_hal_dma.c ****     {
 1333              		.loc 1 632 7 view .LVU432
 1334 009c 13F0200F 		tst	r3, #32
 1335 00a0 08D1     		bne	.L120
 635:Drivers/STM32F1xx_HAL_Driver/Src/stm32f1xx_hal_dma.c **** 
 1336              		.loc 1 635 7 is_stmt 1 view .LVU433
 1337 00a2 DCF80030 		ldr	r3, [ip]
 1338 00a6 23F00A03 		bic	r3, r3, #10
 1339 00aa CCF80030 		str	r3, [ip]
ARM GAS  /tmp/cctQZOHH.s 			page 47


 638:Drivers/STM32F1xx_HAL_Driver/Src/stm32f1xx_hal_dma.c ****     }
 1340              		.loc 1 638 7 view .LVU434
 638:Drivers/STM32F1xx_HAL_Driver/Src/stm32f1xx_hal_dma.c ****     }
 1341              		.loc 1 638 19 is_stmt 0 view .LVU435
 1342 00ae 0123     		movs	r3, #1
 1343 00b0 80F82130 		strb	r3, [r0, #33]
 1344              	.L120:
 641:Drivers/STM32F1xx_HAL_Driver/Src/stm32f1xx_hal_dma.c **** 
 1345              		.loc 1 641 7 is_stmt 1 view .LVU436
 1346 00b4 0368     		ldr	r3, [r0]
 1347 00b6 264A     		ldr	r2, .L137
 1348              	.LVL61:
 641:Drivers/STM32F1xx_HAL_Driver/Src/stm32f1xx_hal_dma.c **** 
 1349              		.loc 1 641 7 is_stmt 0 view .LVU437
 1350 00b8 9342     		cmp	r3, r2
 1351 00ba 14D0     		beq	.L128
 641:Drivers/STM32F1xx_HAL_Driver/Src/stm32f1xx_hal_dma.c **** 
 1352              		.loc 1 641 7 discriminator 1 view .LVU438
 1353 00bc 1432     		adds	r2, r2, #20
 1354 00be 9342     		cmp	r3, r2
 1355 00c0 1CD0     		beq	.L129
 641:Drivers/STM32F1xx_HAL_Driver/Src/stm32f1xx_hal_dma.c **** 
 1356              		.loc 1 641 7 discriminator 2 view .LVU439
 1357 00c2 1432     		adds	r2, r2, #20
 1358 00c4 9342     		cmp	r3, r2
 1359 00c6 1BD0     		beq	.L130
 641:Drivers/STM32F1xx_HAL_Driver/Src/stm32f1xx_hal_dma.c **** 
 1360              		.loc 1 641 7 discriminator 3 view .LVU440
 1361 00c8 1432     		adds	r2, r2, #20
 1362 00ca 9342     		cmp	r3, r2
 1363 00cc 1BD0     		beq	.L131
 641:Drivers/STM32F1xx_HAL_Driver/Src/stm32f1xx_hal_dma.c **** 
 1364              		.loc 1 641 7 discriminator 4 view .LVU441
 1365 00ce 1432     		adds	r2, r2, #20
 1366 00d0 9342     		cmp	r3, r2
 1367 00d2 1BD0     		beq	.L132
 641:Drivers/STM32F1xx_HAL_Driver/Src/stm32f1xx_hal_dma.c **** 
 1368              		.loc 1 641 7 discriminator 5 view .LVU442
 1369 00d4 1432     		adds	r2, r2, #20
 1370 00d6 9342     		cmp	r3, r2
 1371 00d8 02D0     		beq	.L136
 641:Drivers/STM32F1xx_HAL_Driver/Src/stm32f1xx_hal_dma.c **** 
 1372              		.loc 1 641 7 discriminator 7 view .LVU443
 1373 00da 4FF00072 		mov	r2, #33554432
 1374 00de 03E0     		b	.L121
 1375              	.L136:
 641:Drivers/STM32F1xx_HAL_Driver/Src/stm32f1xx_hal_dma.c **** 
 1376              		.loc 1 641 7 discriminator 6 view .LVU444
 1377 00e0 4FF40012 		mov	r2, #2097152
 1378 00e4 00E0     		b	.L121
 1379              	.L128:
 641:Drivers/STM32F1xx_HAL_Driver/Src/stm32f1xx_hal_dma.c **** 
 1380              		.loc 1 641 7 discriminator 12 view .LVU445
 1381 00e6 0222     		movs	r2, #2
 1382              	.L121:
 641:Drivers/STM32F1xx_HAL_Driver/Src/stm32f1xx_hal_dma.c **** 
 1383              		.loc 1 641 7 discriminator 13 view .LVU446
ARM GAS  /tmp/cctQZOHH.s 			page 48


 1384 00e8 1A4B     		ldr	r3, .L137+4
 1385 00ea 5A60     		str	r2, [r3, #4]
 644:Drivers/STM32F1xx_HAL_Driver/Src/stm32f1xx_hal_dma.c **** 
 1386              		.loc 1 644 5 is_stmt 1 view .LVU447
 644:Drivers/STM32F1xx_HAL_Driver/Src/stm32f1xx_hal_dma.c **** 
 1387              		.loc 1 644 5 view .LVU448
 1388 00ec 0023     		movs	r3, #0
 1389 00ee 80F82030 		strb	r3, [r0, #32]
 644:Drivers/STM32F1xx_HAL_Driver/Src/stm32f1xx_hal_dma.c **** 
 1390              		.loc 1 644 5 view .LVU449
 646:Drivers/STM32F1xx_HAL_Driver/Src/stm32f1xx_hal_dma.c ****     {
 1391              		.loc 1 646 5 view .LVU450
 646:Drivers/STM32F1xx_HAL_Driver/Src/stm32f1xx_hal_dma.c ****     {
 1392              		.loc 1 646 12 is_stmt 0 view .LVU451
 1393 00f2 836A     		ldr	r3, [r0, #40]
 646:Drivers/STM32F1xx_HAL_Driver/Src/stm32f1xx_hal_dma.c ****     {
 1394              		.loc 1 646 7 view .LVU452
 1395 00f4 002B     		cmp	r3, #0
 1396 00f6 BCD0     		beq	.L114
 649:Drivers/STM32F1xx_HAL_Driver/Src/stm32f1xx_hal_dma.c ****     }
 1397              		.loc 1 649 7 is_stmt 1 view .LVU453
 1398 00f8 9847     		blx	r3
 1399              	.LVL62:
 649:Drivers/STM32F1xx_HAL_Driver/Src/stm32f1xx_hal_dma.c ****     }
 1400              		.loc 1 649 7 is_stmt 0 view .LVU454
 1401 00fa BAE7     		b	.L114
 1402              	.LVL63:
 1403              	.L129:
 641:Drivers/STM32F1xx_HAL_Driver/Src/stm32f1xx_hal_dma.c **** 
 1404              		.loc 1 641 7 discriminator 11 view .LVU455
 1405 00fc 2022     		movs	r2, #32
 1406 00fe F3E7     		b	.L121
 1407              	.L130:
 641:Drivers/STM32F1xx_HAL_Driver/Src/stm32f1xx_hal_dma.c **** 
 1408              		.loc 1 641 7 discriminator 10 view .LVU456
 1409 0100 4FF40072 		mov	r2, #512
 1410 0104 F0E7     		b	.L121
 1411              	.L131:
 641:Drivers/STM32F1xx_HAL_Driver/Src/stm32f1xx_hal_dma.c **** 
 1412              		.loc 1 641 7 discriminator 9 view .LVU457
 1413 0106 4FF40052 		mov	r2, #8192
 1414 010a EDE7     		b	.L121
 1415              	.L132:
 641:Drivers/STM32F1xx_HAL_Driver/Src/stm32f1xx_hal_dma.c **** 
 1416              		.loc 1 641 7 discriminator 8 view .LVU458
 1417 010c 4FF40032 		mov	r2, #131072
 1418 0110 EAE7     		b	.L121
 1419              	.LVL64:
 1420              	.L119:
 654:Drivers/STM32F1xx_HAL_Driver/Src/stm32f1xx_hal_dma.c ****   {
 1421              		.loc 1 654 8 is_stmt 1 view .LVU459
 654:Drivers/STM32F1xx_HAL_Driver/Src/stm32f1xx_hal_dma.c ****   {
 1422              		.loc 1 654 48 is_stmt 0 view .LVU460
 1423 0112 0823     		movs	r3, #8
 1424 0114 8B40     		lsls	r3, r3, r1
 654:Drivers/STM32F1xx_HAL_Driver/Src/stm32f1xx_hal_dma.c ****   {
 1425              		.loc 1 654 11 view .LVU461
ARM GAS  /tmp/cctQZOHH.s 			page 49


 1426 0116 1342     		tst	r3, r2
 1427 0118 ABD0     		beq	.L114
 654:Drivers/STM32F1xx_HAL_Driver/Src/stm32f1xx_hal_dma.c ****   {
 1428              		.loc 1 654 73 discriminator 1 view .LVU462
 1429 011a 1EF0080F 		tst	lr, #8
 1430 011e A8D0     		beq	.L114
 659:Drivers/STM32F1xx_HAL_Driver/Src/stm32f1xx_hal_dma.c **** 
 1431              		.loc 1 659 5 is_stmt 1 view .LVU463
 1432 0120 DCF80030 		ldr	r3, [ip]
 1433 0124 23F00E03 		bic	r3, r3, #14
 1434 0128 CCF80030 		str	r3, [ip]
 662:Drivers/STM32F1xx_HAL_Driver/Src/stm32f1xx_hal_dma.c **** 
 1435              		.loc 1 662 5 view .LVU464
 662:Drivers/STM32F1xx_HAL_Driver/Src/stm32f1xx_hal_dma.c **** 
 1436              		.loc 1 662 55 is_stmt 0 view .LVU465
 1437 012c 026C     		ldr	r2, [r0, #64]
 1438              	.LVL65:
 662:Drivers/STM32F1xx_HAL_Driver/Src/stm32f1xx_hal_dma.c **** 
 1439              		.loc 1 662 9 view .LVU466
 1440 012e C16B     		ldr	r1, [r0, #60]
 662:Drivers/STM32F1xx_HAL_Driver/Src/stm32f1xx_hal_dma.c **** 
 1441              		.loc 1 662 48 view .LVU467
 1442 0130 0123     		movs	r3, #1
 1443 0132 03FA02F2 		lsl	r2, r3, r2
 662:Drivers/STM32F1xx_HAL_Driver/Src/stm32f1xx_hal_dma.c **** 
 1444              		.loc 1 662 32 view .LVU468
 1445 0136 4A60     		str	r2, [r1, #4]
 665:Drivers/STM32F1xx_HAL_Driver/Src/stm32f1xx_hal_dma.c **** 
 1446              		.loc 1 665 5 is_stmt 1 view .LVU469
 665:Drivers/STM32F1xx_HAL_Driver/Src/stm32f1xx_hal_dma.c **** 
 1447              		.loc 1 665 21 is_stmt 0 view .LVU470
 1448 0138 8363     		str	r3, [r0, #56]
 668:Drivers/STM32F1xx_HAL_Driver/Src/stm32f1xx_hal_dma.c **** 
 1449              		.loc 1 668 5 is_stmt 1 view .LVU471
 668:Drivers/STM32F1xx_HAL_Driver/Src/stm32f1xx_hal_dma.c **** 
 1450              		.loc 1 668 17 is_stmt 0 view .LVU472
 1451 013a 80F82130 		strb	r3, [r0, #33]
 671:Drivers/STM32F1xx_HAL_Driver/Src/stm32f1xx_hal_dma.c **** 
 1452              		.loc 1 671 5 is_stmt 1 view .LVU473
 671:Drivers/STM32F1xx_HAL_Driver/Src/stm32f1xx_hal_dma.c **** 
 1453              		.loc 1 671 5 view .LVU474
 1454 013e 0023     		movs	r3, #0
 1455 0140 80F82030 		strb	r3, [r0, #32]
 671:Drivers/STM32F1xx_HAL_Driver/Src/stm32f1xx_hal_dma.c **** 
 1456              		.loc 1 671 5 view .LVU475
 673:Drivers/STM32F1xx_HAL_Driver/Src/stm32f1xx_hal_dma.c ****     {
 1457              		.loc 1 673 5 view .LVU476
 673:Drivers/STM32F1xx_HAL_Driver/Src/stm32f1xx_hal_dma.c ****     {
 1458              		.loc 1 673 13 is_stmt 0 view .LVU477
 1459 0144 036B     		ldr	r3, [r0, #48]
 673:Drivers/STM32F1xx_HAL_Driver/Src/stm32f1xx_hal_dma.c ****     {
 1460              		.loc 1 673 8 view .LVU478
 1461 0146 002B     		cmp	r3, #0
 1462 0148 93D0     		beq	.L114
 676:Drivers/STM32F1xx_HAL_Driver/Src/stm32f1xx_hal_dma.c ****     }
 1463              		.loc 1 676 7 is_stmt 1 view .LVU479
 1464 014a 9847     		blx	r3
ARM GAS  /tmp/cctQZOHH.s 			page 50


 1465              	.LVL66:
 679:Drivers/STM32F1xx_HAL_Driver/Src/stm32f1xx_hal_dma.c **** }
 1466              		.loc 1 679 3 view .LVU480
 679:Drivers/STM32F1xx_HAL_Driver/Src/stm32f1xx_hal_dma.c **** }
 1467              		.loc 1 679 3 is_stmt 0 discriminator 1 view .LVU481
 1468 014c 91E7     		b	.L114
 1469              	.L138:
 1470 014e 00BF     		.align	2
 1471              	.L137:
 1472 0150 08000240 		.word	1073872904
 1473 0154 00000240 		.word	1073872896
 1474              		.cfi_endproc
 1475              	.LFE72:
 1477              		.section	.text.HAL_DMA_RegisterCallback,"ax",%progbits
 1478              		.align	1
 1479              		.global	HAL_DMA_RegisterCallback
 1480              		.syntax unified
 1481              		.thumb
 1482              		.thumb_func
 1484              	HAL_DMA_RegisterCallback:
 1485              	.LVL67:
 1486              	.LFB73:
 693:Drivers/STM32F1xx_HAL_Driver/Src/stm32f1xx_hal_dma.c ****   HAL_StatusTypeDef status = HAL_OK;
 1487              		.loc 1 693 1 is_stmt 1 view -0
 1488              		.cfi_startproc
 1489              		@ args = 0, pretend = 0, frame = 0
 1490              		@ frame_needed = 0, uses_anonymous_args = 0
 1491              		@ link register save eliminated.
 693:Drivers/STM32F1xx_HAL_Driver/Src/stm32f1xx_hal_dma.c ****   HAL_StatusTypeDef status = HAL_OK;
 1492              		.loc 1 693 1 is_stmt 0 view .LVU483
 1493 0000 0346     		mov	r3, r0
 694:Drivers/STM32F1xx_HAL_Driver/Src/stm32f1xx_hal_dma.c ****   
 1494              		.loc 1 694 3 is_stmt 1 view .LVU484
 1495              	.LVL68:
 697:Drivers/STM32F1xx_HAL_Driver/Src/stm32f1xx_hal_dma.c ****   
 1496              		.loc 1 697 3 view .LVU485
 697:Drivers/STM32F1xx_HAL_Driver/Src/stm32f1xx_hal_dma.c ****   
 1497              		.loc 1 697 3 view .LVU486
 1498 0002 90F82000 		ldrb	r0, [r0, #32]	@ zero_extendqisi2
 1499              	.LVL69:
 697:Drivers/STM32F1xx_HAL_Driver/Src/stm32f1xx_hal_dma.c ****   
 1500              		.loc 1 697 3 is_stmt 0 view .LVU487
 1501 0006 0128     		cmp	r0, #1
 1502 0008 1BD0     		beq	.L148
 697:Drivers/STM32F1xx_HAL_Driver/Src/stm32f1xx_hal_dma.c ****   
 1503              		.loc 1 697 3 is_stmt 1 discriminator 2 view .LVU488
 1504 000a 0120     		movs	r0, #1
 1505 000c 83F82000 		strb	r0, [r3, #32]
 697:Drivers/STM32F1xx_HAL_Driver/Src/stm32f1xx_hal_dma.c ****   
 1506              		.loc 1 697 3 discriminator 2 view .LVU489
 699:Drivers/STM32F1xx_HAL_Driver/Src/stm32f1xx_hal_dma.c ****   {
 1507              		.loc 1 699 3 view .LVU490
 699:Drivers/STM32F1xx_HAL_Driver/Src/stm32f1xx_hal_dma.c ****   {
 1508              		.loc 1 699 33 is_stmt 0 view .LVU491
 1509 0010 93F82100 		ldrb	r0, [r3, #33]	@ zero_extendqisi2
 699:Drivers/STM32F1xx_HAL_Driver/Src/stm32f1xx_hal_dma.c ****   {
 1510              		.loc 1 699 5 view .LVU492
ARM GAS  /tmp/cctQZOHH.s 			page 51


 1511 0014 0128     		cmp	r0, #1
 1512 0016 04D0     		beq	.L151
 726:Drivers/STM32F1xx_HAL_Driver/Src/stm32f1xx_hal_dma.c ****   } 
 1513              		.loc 1 726 12 view .LVU493
 1514 0018 0120     		movs	r0, #1
 1515              	.L141:
 1516              	.LVL70:
 730:Drivers/STM32F1xx_HAL_Driver/Src/stm32f1xx_hal_dma.c ****   
 1517              		.loc 1 730 3 is_stmt 1 view .LVU494
 730:Drivers/STM32F1xx_HAL_Driver/Src/stm32f1xx_hal_dma.c ****   
 1518              		.loc 1 730 3 view .LVU495
 1519 001a 0022     		movs	r2, #0
 1520              	.LVL71:
 730:Drivers/STM32F1xx_HAL_Driver/Src/stm32f1xx_hal_dma.c ****   
 1521              		.loc 1 730 3 is_stmt 0 view .LVU496
 1522 001c 83F82020 		strb	r2, [r3, #32]
 730:Drivers/STM32F1xx_HAL_Driver/Src/stm32f1xx_hal_dma.c ****   
 1523              		.loc 1 730 3 is_stmt 1 view .LVU497
 732:Drivers/STM32F1xx_HAL_Driver/Src/stm32f1xx_hal_dma.c **** }
 1524              		.loc 1 732 3 view .LVU498
 732:Drivers/STM32F1xx_HAL_Driver/Src/stm32f1xx_hal_dma.c **** }
 1525              		.loc 1 732 10 is_stmt 0 view .LVU499
 1526 0020 7047     		bx	lr
 1527              	.LVL72:
 1528              	.L151:
 701:Drivers/STM32F1xx_HAL_Driver/Src/stm32f1xx_hal_dma.c ****     {
 1529              		.loc 1 701 5 is_stmt 1 view .LVU500
 1530 0022 0329     		cmp	r1, #3
 1531 0024 F9D8     		bhi	.L141
 1532 0026 DFE801F0 		tbb	[pc, r1]
 1533              	.L143:
 1534 002a 02       		.byte	(.L146-.L143)/2
 1535 002b 05       		.byte	(.L145-.L143)/2
 1536 002c 08       		.byte	(.L144-.L143)/2
 1537 002d 0A       		.byte	(.L142-.L143)/2
 1538              		.p2align 1
 1539              	.L146:
 704:Drivers/STM32F1xx_HAL_Driver/Src/stm32f1xx_hal_dma.c ****       break;
 1540              		.loc 1 704 7 view .LVU501
 704:Drivers/STM32F1xx_HAL_Driver/Src/stm32f1xx_hal_dma.c ****       break;
 1541              		.loc 1 704 30 is_stmt 0 view .LVU502
 1542 002e 9A62     		str	r2, [r3, #40]
 705:Drivers/STM32F1xx_HAL_Driver/Src/stm32f1xx_hal_dma.c ****       
 1543              		.loc 1 705 7 is_stmt 1 view .LVU503
 694:Drivers/STM32F1xx_HAL_Driver/Src/stm32f1xx_hal_dma.c ****   
 1544              		.loc 1 694 21 is_stmt 0 view .LVU504
 1545 0030 0846     		mov	r0, r1
 705:Drivers/STM32F1xx_HAL_Driver/Src/stm32f1xx_hal_dma.c ****       
 1546              		.loc 1 705 7 view .LVU505
 1547 0032 F2E7     		b	.L141
 1548              	.L145:
 708:Drivers/STM32F1xx_HAL_Driver/Src/stm32f1xx_hal_dma.c ****       break;         
 1549              		.loc 1 708 7 is_stmt 1 view .LVU506
 708:Drivers/STM32F1xx_HAL_Driver/Src/stm32f1xx_hal_dma.c ****       break;         
 1550              		.loc 1 708 34 is_stmt 0 view .LVU507
 1551 0034 DA62     		str	r2, [r3, #44]
 709:Drivers/STM32F1xx_HAL_Driver/Src/stm32f1xx_hal_dma.c **** 
ARM GAS  /tmp/cctQZOHH.s 			page 52


 1552              		.loc 1 709 7 is_stmt 1 view .LVU508
 1553              	.L147:
 694:Drivers/STM32F1xx_HAL_Driver/Src/stm32f1xx_hal_dma.c ****   
 1554              		.loc 1 694 21 is_stmt 0 view .LVU509
 1555 0036 0020     		movs	r0, #0
 1556 0038 EFE7     		b	.L141
 1557              	.L144:
 712:Drivers/STM32F1xx_HAL_Driver/Src/stm32f1xx_hal_dma.c ****       break;         
 1558              		.loc 1 712 7 is_stmt 1 view .LVU510
 712:Drivers/STM32F1xx_HAL_Driver/Src/stm32f1xx_hal_dma.c ****       break;         
 1559              		.loc 1 712 31 is_stmt 0 view .LVU511
 1560 003a 1A63     		str	r2, [r3, #48]
 713:Drivers/STM32F1xx_HAL_Driver/Src/stm32f1xx_hal_dma.c ****       
 1561              		.loc 1 713 7 is_stmt 1 view .LVU512
 1562 003c FBE7     		b	.L147
 1563              	.L142:
 716:Drivers/STM32F1xx_HAL_Driver/Src/stm32f1xx_hal_dma.c ****       break; 
 1564              		.loc 1 716 7 view .LVU513
 716:Drivers/STM32F1xx_HAL_Driver/Src/stm32f1xx_hal_dma.c ****       break; 
 1565              		.loc 1 716 31 is_stmt 0 view .LVU514
 1566 003e 5A63     		str	r2, [r3, #52]
 717:Drivers/STM32F1xx_HAL_Driver/Src/stm32f1xx_hal_dma.c ****       
 1567              		.loc 1 717 7 is_stmt 1 view .LVU515
 1568 0040 F9E7     		b	.L147
 1569              	.L148:
 697:Drivers/STM32F1xx_HAL_Driver/Src/stm32f1xx_hal_dma.c ****   
 1570              		.loc 1 697 3 is_stmt 0 discriminator 1 view .LVU516
 1571 0042 0220     		movs	r0, #2
 733:Drivers/STM32F1xx_HAL_Driver/Src/stm32f1xx_hal_dma.c **** 
 1572              		.loc 1 733 1 view .LVU517
 1573 0044 7047     		bx	lr
 1574              		.cfi_endproc
 1575              	.LFE73:
 1577              		.section	.text.HAL_DMA_UnRegisterCallback,"ax",%progbits
 1578              		.align	1
 1579              		.global	HAL_DMA_UnRegisterCallback
 1580              		.syntax unified
 1581              		.thumb
 1582              		.thumb_func
 1584              	HAL_DMA_UnRegisterCallback:
 1585              	.LVL73:
 1586              	.LFB74:
 744:Drivers/STM32F1xx_HAL_Driver/Src/stm32f1xx_hal_dma.c ****   HAL_StatusTypeDef status = HAL_OK;
 1587              		.loc 1 744 1 is_stmt 1 view -0
 1588              		.cfi_startproc
 1589              		@ args = 0, pretend = 0, frame = 0
 1590              		@ frame_needed = 0, uses_anonymous_args = 0
 1591              		@ link register save eliminated.
 744:Drivers/STM32F1xx_HAL_Driver/Src/stm32f1xx_hal_dma.c ****   HAL_StatusTypeDef status = HAL_OK;
 1592              		.loc 1 744 1 is_stmt 0 view .LVU519
 1593 0000 0346     		mov	r3, r0
 745:Drivers/STM32F1xx_HAL_Driver/Src/stm32f1xx_hal_dma.c **** 
 1594              		.loc 1 745 3 is_stmt 1 view .LVU520
 1595              	.LVL74:
 748:Drivers/STM32F1xx_HAL_Driver/Src/stm32f1xx_hal_dma.c ****   
 1596              		.loc 1 748 3 view .LVU521
 748:Drivers/STM32F1xx_HAL_Driver/Src/stm32f1xx_hal_dma.c ****   
ARM GAS  /tmp/cctQZOHH.s 			page 53


 1597              		.loc 1 748 3 view .LVU522
 1598 0002 90F82020 		ldrb	r2, [r0, #32]	@ zero_extendqisi2
 1599 0006 012A     		cmp	r2, #1
 1600 0008 26D0     		beq	.L162
 748:Drivers/STM32F1xx_HAL_Driver/Src/stm32f1xx_hal_dma.c ****   
 1601              		.loc 1 748 3 discriminator 2 view .LVU523
 1602 000a 0122     		movs	r2, #1
 1603 000c 80F82020 		strb	r2, [r0, #32]
 748:Drivers/STM32F1xx_HAL_Driver/Src/stm32f1xx_hal_dma.c ****   
 1604              		.loc 1 748 3 discriminator 2 view .LVU524
 750:Drivers/STM32F1xx_HAL_Driver/Src/stm32f1xx_hal_dma.c ****   {
 1605              		.loc 1 750 3 view .LVU525
 750:Drivers/STM32F1xx_HAL_Driver/Src/stm32f1xx_hal_dma.c ****   {
 1606              		.loc 1 750 33 is_stmt 0 view .LVU526
 1607 0010 90F82100 		ldrb	r0, [r0, #33]	@ zero_extendqisi2
 1608              	.LVL75:
 750:Drivers/STM32F1xx_HAL_Driver/Src/stm32f1xx_hal_dma.c ****   {
 1609              		.loc 1 750 5 view .LVU527
 1610 0014 9042     		cmp	r0, r2
 1611 0016 04D0     		beq	.L165
 784:Drivers/STM32F1xx_HAL_Driver/Src/stm32f1xx_hal_dma.c ****   } 
 1612              		.loc 1 784 12 view .LVU528
 1613 0018 0120     		movs	r0, #1
 1614              	.L154:
 1615              	.LVL76:
 788:Drivers/STM32F1xx_HAL_Driver/Src/stm32f1xx_hal_dma.c ****   
 1616              		.loc 1 788 3 is_stmt 1 view .LVU529
 788:Drivers/STM32F1xx_HAL_Driver/Src/stm32f1xx_hal_dma.c ****   
 1617              		.loc 1 788 3 view .LVU530
 1618 001a 0022     		movs	r2, #0
 1619 001c 83F82020 		strb	r2, [r3, #32]
 788:Drivers/STM32F1xx_HAL_Driver/Src/stm32f1xx_hal_dma.c ****   
 1620              		.loc 1 788 3 view .LVU531
 790:Drivers/STM32F1xx_HAL_Driver/Src/stm32f1xx_hal_dma.c **** }
 1621              		.loc 1 790 3 view .LVU532
 790:Drivers/STM32F1xx_HAL_Driver/Src/stm32f1xx_hal_dma.c **** }
 1622              		.loc 1 790 10 is_stmt 0 view .LVU533
 1623 0020 7047     		bx	lr
 1624              	.LVL77:
 1625              	.L165:
 752:Drivers/STM32F1xx_HAL_Driver/Src/stm32f1xx_hal_dma.c ****     {
 1626              		.loc 1 752 5 is_stmt 1 view .LVU534
 1627 0022 0429     		cmp	r1, #4
 1628 0024 F9D8     		bhi	.L154
 1629 0026 DFE801F0 		tbb	[pc, r1]
 1630              	.L156:
 1631 002a 03       		.byte	(.L160-.L156)/2
 1632 002b 07       		.byte	(.L159-.L156)/2
 1633 002c 0B       		.byte	(.L158-.L156)/2
 1634 002d 0E       		.byte	(.L157-.L156)/2
 1635 002e 11       		.byte	(.L155-.L156)/2
 1636 002f 00       		.p2align 1
 1637              	.L160:
 755:Drivers/STM32F1xx_HAL_Driver/Src/stm32f1xx_hal_dma.c ****       break;
 1638              		.loc 1 755 7 view .LVU535
 755:Drivers/STM32F1xx_HAL_Driver/Src/stm32f1xx_hal_dma.c ****       break;
 1639              		.loc 1 755 30 is_stmt 0 view .LVU536
ARM GAS  /tmp/cctQZOHH.s 			page 54


 1640 0030 0022     		movs	r2, #0
 1641 0032 9A62     		str	r2, [r3, #40]
 756:Drivers/STM32F1xx_HAL_Driver/Src/stm32f1xx_hal_dma.c **** 
 1642              		.loc 1 756 7 is_stmt 1 view .LVU537
 745:Drivers/STM32F1xx_HAL_Driver/Src/stm32f1xx_hal_dma.c **** 
 1643              		.loc 1 745 21 is_stmt 0 view .LVU538
 1644 0034 0846     		mov	r0, r1
 756:Drivers/STM32F1xx_HAL_Driver/Src/stm32f1xx_hal_dma.c **** 
 1645              		.loc 1 756 7 view .LVU539
 1646 0036 F0E7     		b	.L154
 1647              	.L159:
 759:Drivers/STM32F1xx_HAL_Driver/Src/stm32f1xx_hal_dma.c ****       break;         
 1648              		.loc 1 759 7 is_stmt 1 view .LVU540
 759:Drivers/STM32F1xx_HAL_Driver/Src/stm32f1xx_hal_dma.c ****       break;         
 1649              		.loc 1 759 34 is_stmt 0 view .LVU541
 1650 0038 0022     		movs	r2, #0
 1651 003a DA62     		str	r2, [r3, #44]
 760:Drivers/STM32F1xx_HAL_Driver/Src/stm32f1xx_hal_dma.c **** 
 1652              		.loc 1 760 7 is_stmt 1 view .LVU542
 1653              	.L161:
 745:Drivers/STM32F1xx_HAL_Driver/Src/stm32f1xx_hal_dma.c **** 
 1654              		.loc 1 745 21 is_stmt 0 view .LVU543
 1655 003c 0020     		movs	r0, #0
 1656 003e ECE7     		b	.L154
 1657              	.L158:
 763:Drivers/STM32F1xx_HAL_Driver/Src/stm32f1xx_hal_dma.c ****       break;         
 1658              		.loc 1 763 7 is_stmt 1 view .LVU544
 763:Drivers/STM32F1xx_HAL_Driver/Src/stm32f1xx_hal_dma.c ****       break;         
 1659              		.loc 1 763 31 is_stmt 0 view .LVU545
 1660 0040 0022     		movs	r2, #0
 1661 0042 1A63     		str	r2, [r3, #48]
 764:Drivers/STM32F1xx_HAL_Driver/Src/stm32f1xx_hal_dma.c **** 
 1662              		.loc 1 764 7 is_stmt 1 view .LVU546
 1663 0044 FAE7     		b	.L161
 1664              	.L157:
 767:Drivers/STM32F1xx_HAL_Driver/Src/stm32f1xx_hal_dma.c ****       break; 
 1665              		.loc 1 767 7 view .LVU547
 767:Drivers/STM32F1xx_HAL_Driver/Src/stm32f1xx_hal_dma.c ****       break; 
 1666              		.loc 1 767 31 is_stmt 0 view .LVU548
 1667 0046 0022     		movs	r2, #0
 1668 0048 5A63     		str	r2, [r3, #52]
 768:Drivers/STM32F1xx_HAL_Driver/Src/stm32f1xx_hal_dma.c **** 
 1669              		.loc 1 768 7 is_stmt 1 view .LVU549
 1670 004a F7E7     		b	.L161
 1671              	.L155:
 771:Drivers/STM32F1xx_HAL_Driver/Src/stm32f1xx_hal_dma.c ****       hdma->XferHalfCpltCallback = NULL;
 1672              		.loc 1 771 7 view .LVU550
 771:Drivers/STM32F1xx_HAL_Driver/Src/stm32f1xx_hal_dma.c ****       hdma->XferHalfCpltCallback = NULL;
 1673              		.loc 1 771 30 is_stmt 0 view .LVU551
 1674 004c 0022     		movs	r2, #0
 1675 004e 9A62     		str	r2, [r3, #40]
 772:Drivers/STM32F1xx_HAL_Driver/Src/stm32f1xx_hal_dma.c ****       hdma->XferErrorCallback = NULL;
 1676              		.loc 1 772 7 is_stmt 1 view .LVU552
 772:Drivers/STM32F1xx_HAL_Driver/Src/stm32f1xx_hal_dma.c ****       hdma->XferErrorCallback = NULL;
 1677              		.loc 1 772 34 is_stmt 0 view .LVU553
 1678 0050 DA62     		str	r2, [r3, #44]
 773:Drivers/STM32F1xx_HAL_Driver/Src/stm32f1xx_hal_dma.c ****       hdma->XferAbortCallback = NULL;
ARM GAS  /tmp/cctQZOHH.s 			page 55


 1679              		.loc 1 773 7 is_stmt 1 view .LVU554
 773:Drivers/STM32F1xx_HAL_Driver/Src/stm32f1xx_hal_dma.c ****       hdma->XferAbortCallback = NULL;
 1680              		.loc 1 773 31 is_stmt 0 view .LVU555
 1681 0052 1A63     		str	r2, [r3, #48]
 774:Drivers/STM32F1xx_HAL_Driver/Src/stm32f1xx_hal_dma.c ****       break; 
 1682              		.loc 1 774 7 is_stmt 1 view .LVU556
 774:Drivers/STM32F1xx_HAL_Driver/Src/stm32f1xx_hal_dma.c ****       break; 
 1683              		.loc 1 774 31 is_stmt 0 view .LVU557
 1684 0054 5A63     		str	r2, [r3, #52]
 775:Drivers/STM32F1xx_HAL_Driver/Src/stm32f1xx_hal_dma.c **** 
 1685              		.loc 1 775 7 is_stmt 1 view .LVU558
 1686 0056 F1E7     		b	.L161
 1687              	.LVL78:
 1688              	.L162:
 748:Drivers/STM32F1xx_HAL_Driver/Src/stm32f1xx_hal_dma.c ****   
 1689              		.loc 1 748 3 is_stmt 0 discriminator 1 view .LVU559
 1690 0058 0220     		movs	r0, #2
 1691              	.LVL79:
 791:Drivers/STM32F1xx_HAL_Driver/Src/stm32f1xx_hal_dma.c ****   
 1692              		.loc 1 791 1 view .LVU560
 1693 005a 7047     		bx	lr
 1694              		.cfi_endproc
 1695              	.LFE74:
 1697              		.section	.text.HAL_DMA_GetState,"ax",%progbits
 1698              		.align	1
 1699              		.global	HAL_DMA_GetState
 1700              		.syntax unified
 1701              		.thumb
 1702              		.thumb_func
 1704              	HAL_DMA_GetState:
 1705              	.LVL80:
 1706              	.LFB75:
 820:Drivers/STM32F1xx_HAL_Driver/Src/stm32f1xx_hal_dma.c ****   /* Return DMA handle state */
 1707              		.loc 1 820 1 is_stmt 1 view -0
 1708              		.cfi_startproc
 1709              		@ args = 0, pretend = 0, frame = 0
 1710              		@ frame_needed = 0, uses_anonymous_args = 0
 1711              		@ link register save eliminated.
 822:Drivers/STM32F1xx_HAL_Driver/Src/stm32f1xx_hal_dma.c **** }
 1712              		.loc 1 822 3 view .LVU562
 823:Drivers/STM32F1xx_HAL_Driver/Src/stm32f1xx_hal_dma.c **** 
 1713              		.loc 1 823 1 is_stmt 0 view .LVU563
 1714 0000 90F82100 		ldrb	r0, [r0, #33]	@ zero_extendqisi2
 1715              	.LVL81:
 823:Drivers/STM32F1xx_HAL_Driver/Src/stm32f1xx_hal_dma.c **** 
 1716              		.loc 1 823 1 view .LVU564
 1717 0004 7047     		bx	lr
 1718              		.cfi_endproc
 1719              	.LFE75:
 1721              		.section	.text.HAL_DMA_GetError,"ax",%progbits
 1722              		.align	1
 1723              		.global	HAL_DMA_GetError
 1724              		.syntax unified
 1725              		.thumb
 1726              		.thumb_func
 1728              	HAL_DMA_GetError:
 1729              	.LVL82:
ARM GAS  /tmp/cctQZOHH.s 			page 56


 1730              	.LFB76:
 832:Drivers/STM32F1xx_HAL_Driver/Src/stm32f1xx_hal_dma.c ****   return hdma->ErrorCode;
 1731              		.loc 1 832 1 is_stmt 1 view -0
 1732              		.cfi_startproc
 1733              		@ args = 0, pretend = 0, frame = 0
 1734              		@ frame_needed = 0, uses_anonymous_args = 0
 1735              		@ link register save eliminated.
 833:Drivers/STM32F1xx_HAL_Driver/Src/stm32f1xx_hal_dma.c **** }
 1736              		.loc 1 833 3 view .LVU566
 834:Drivers/STM32F1xx_HAL_Driver/Src/stm32f1xx_hal_dma.c **** 
 1737              		.loc 1 834 1 is_stmt 0 view .LVU567
 1738 0000 806B     		ldr	r0, [r0, #56]
 1739              	.LVL83:
 834:Drivers/STM32F1xx_HAL_Driver/Src/stm32f1xx_hal_dma.c **** 
 1740              		.loc 1 834 1 view .LVU568
 1741 0002 7047     		bx	lr
 1742              		.cfi_endproc
 1743              	.LFE76:
 1745              		.text
 1746              	.Letext0:
 1747              		.file 2 "/usr/arm-none-eabi/include/machine/_default_types.h"
 1748              		.file 3 "/usr/arm-none-eabi/include/sys/_stdint.h"
 1749              		.file 4 "Drivers/CMSIS/Device/ST/STM32F1xx/Include/stm32f103xb.h"
 1750              		.file 5 "Drivers/CMSIS/Device/ST/STM32F1xx/Include/stm32f1xx.h"
 1751              		.file 6 "Drivers/STM32F1xx_HAL_Driver/Inc/stm32f1xx_hal_def.h"
 1752              		.file 7 "Drivers/STM32F1xx_HAL_Driver/Inc/stm32f1xx_hal_dma.h"
 1753              		.file 8 "Drivers/STM32F1xx_HAL_Driver/Inc/stm32f1xx_hal.h"
ARM GAS  /tmp/cctQZOHH.s 			page 57


DEFINED SYMBOLS
                            *ABS*:00000000 stm32f1xx_hal_dma.c
     /tmp/cctQZOHH.s:19     .text.DMA_SetConfig:00000000 $t
     /tmp/cctQZOHH.s:24     .text.DMA_SetConfig:00000000 DMA_SetConfig
     /tmp/cctQZOHH.s:87     .text.HAL_DMA_Init:00000000 $t
     /tmp/cctQZOHH.s:93     .text.HAL_DMA_Init:00000000 HAL_DMA_Init
     /tmp/cctQZOHH.s:208    .text.HAL_DMA_Init:0000005c $d
     /tmp/cctQZOHH.s:215    .text.HAL_DMA_DeInit:00000000 $t
     /tmp/cctQZOHH.s:221    .text.HAL_DMA_DeInit:00000000 HAL_DMA_DeInit
     /tmp/cctQZOHH.s:321    .text.HAL_DMA_DeInit:0000005c $d
     /tmp/cctQZOHH.s:328    .text.HAL_DMA_Start:00000000 $t
     /tmp/cctQZOHH.s:334    .text.HAL_DMA_Start:00000000 HAL_DMA_Start
     /tmp/cctQZOHH.s:414    .text.HAL_DMA_Start_IT:00000000 $t
     /tmp/cctQZOHH.s:420    .text.HAL_DMA_Start_IT:00000000 HAL_DMA_Start_IT
     /tmp/cctQZOHH.s:523    .text.HAL_DMA_Abort:00000000 $t
     /tmp/cctQZOHH.s:529    .text.HAL_DMA_Abort:00000000 HAL_DMA_Abort
     /tmp/cctQZOHH.s:600    .text.HAL_DMA_Abort_IT:00000000 $t
     /tmp/cctQZOHH.s:606    .text.HAL_DMA_Abort_IT:00000000 HAL_DMA_Abort_IT
     /tmp/cctQZOHH.s:732    .text.HAL_DMA_Abort_IT:0000008c $d
     /tmp/cctQZOHH.s:738    .text.HAL_DMA_PollForTransfer:00000000 $t
     /tmp/cctQZOHH.s:744    .text.HAL_DMA_PollForTransfer:00000000 HAL_DMA_PollForTransfer
     /tmp/cctQZOHH.s:1189   .text.HAL_DMA_PollForTransfer:00000220 $d
     /tmp/cctQZOHH.s:1195   .text.HAL_DMA_IRQHandler:00000000 $t
     /tmp/cctQZOHH.s:1201   .text.HAL_DMA_IRQHandler:00000000 HAL_DMA_IRQHandler
     /tmp/cctQZOHH.s:1472   .text.HAL_DMA_IRQHandler:00000150 $d
     /tmp/cctQZOHH.s:1478   .text.HAL_DMA_RegisterCallback:00000000 $t
     /tmp/cctQZOHH.s:1484   .text.HAL_DMA_RegisterCallback:00000000 HAL_DMA_RegisterCallback
     /tmp/cctQZOHH.s:1534   .text.HAL_DMA_RegisterCallback:0000002a $d
     /tmp/cctQZOHH.s:1538   .text.HAL_DMA_RegisterCallback:0000002e $t
     /tmp/cctQZOHH.s:1578   .text.HAL_DMA_UnRegisterCallback:00000000 $t
     /tmp/cctQZOHH.s:1584   .text.HAL_DMA_UnRegisterCallback:00000000 HAL_DMA_UnRegisterCallback
     /tmp/cctQZOHH.s:1631   .text.HAL_DMA_UnRegisterCallback:0000002a $d
     /tmp/cctQZOHH.s:1698   .text.HAL_DMA_GetState:00000000 $t
     /tmp/cctQZOHH.s:1704   .text.HAL_DMA_GetState:00000000 HAL_DMA_GetState
     /tmp/cctQZOHH.s:1722   .text.HAL_DMA_GetError:00000000 $t
     /tmp/cctQZOHH.s:1728   .text.HAL_DMA_GetError:00000000 HAL_DMA_GetError
     /tmp/cctQZOHH.s:1636   .text.HAL_DMA_UnRegisterCallback:0000002f $d
     /tmp/cctQZOHH.s:1636   .text.HAL_DMA_UnRegisterCallback:00000030 $t

UNDEFINED SYMBOLS
HAL_GetTick
